This file contains any messages produced by compilers while
running configure, to aid debugging if configure makes a mistake.

It was created by curl configure -, which was
generated by GNU Autoconf 2.71.  Invocation command line was

  $ ./configure --host=ppc-amigaos --prefix=/opt/packages/curl-7.85.0_amd64/usr/ppc-amigaos/SDK/local/clib4 'CPPFLAGS=-mcrt=clib4 -D__USE_INLINE__' 'CFLAGS=-mcrt=clib4 -D__USE_INLINE__' LDFLAGS=-mcrt=clib4 'LIBS=-lpthread -latomic -lauto' --with-openssl --disable-shared --disable-ntlm --disable-ipv6 --disable-manual --with-nghttp3 --with-ca-fallback --without-default-ssl-backend --enable-openssl-auto-load-config

## --------- ##
## Platform. ##
## --------- ##

hostname = B550-AORUS-ELITE-AX-V2
uname -m = x86_64
uname -r = 6.11.0-24-generic
uname -s = Linux
uname -v = #24~24.04.1-Ubuntu SMP PREEMPT_DYNAMIC Tue Mar 25 20:14:34 UTC 2

/usr/bin/uname -p = x86_64
/bin/uname -X     = unknown

/bin/arch              = x86_64
/usr/bin/arch -k       = unknown
/usr/convex/getsysinfo = unknown
/usr/bin/hostinfo      = unknown
/bin/machine           = unknown
/usr/bin/oslevel       = unknown
/bin/universe          = unknown

PATH: /usr/local/sbin/
PATH: /usr/local/bin/
PATH: /usr/sbin/
PATH: /usr/bin/
PATH: /sbin/
PATH: /bin/
PATH: /usr/games/
PATH: /usr/local/games/
PATH: /snap/bin/
PATH: /snap/bin/
PATH: /home/apalmate/.local/share/JetBrains/Toolbox/scripts/
PATH: /home/apalmate/.config/Code/User/globalStorage/github.copilot-chat/debugCommand/


## ----------- ##
## Core tests. ##
## ----------- ##

configure:3293: looking for aux files: ltmain.sh config.guess config.sub missing compile install-sh
configure:3306:  trying ./
configure:3335:   ./ltmain.sh found
configure:3335:   ./config.guess found
configure:3335:   ./config.sub found
configure:3335:   ./missing found
configure:3335:   ./compile found
configure:3317:   ./install-sh found
configure:3461: checking whether to enable maintainer-specific portions of Makefiles
configure:3471: result: no
configure:3496: checking whether make supports nested variables
configure:3514: result: yes
configure:3527: checking whether to enable debug build options
configure:3550: result: no
configure:3554: checking whether to enable compiler optimizer
configure:3576: result: (assumed) yes
configure:3588: checking whether to enable strict compiler warnings
configure:3608: result: no
configure:3612: checking whether to enable compiler warnings as errors
configure:3632: result: no
configure:3636: checking whether to enable curl debug memory tracking
configure:3659: result: no
configure:3676: checking whether to enable hiding of library internal symbols
configure:3693: result: yes
configure:3704: checking whether to enable c-ares for DNS lookups
configure:3727: result: no
configure:3731: checking whether to disable dependency on -lrt
configure:3748: result: (assumed no)
configure:3759: checking whether to enable ECH support
configure:3778: result: no
configure:3809: checking for path separator
configure:3811: result: :
configure:3831: checking for sed
configure:3855: found /usr/bin/sed
configure:3868: result: /usr/bin/sed
configure:3885: checking for grep
configure:3909: found /usr/bin/grep
configure:3922: result: /usr/bin/grep
configure:3938: checking for egrep
configure:3941: result: /usr/bin/grep -E
configure:4002: checking for ppc-amigaos-ar
configure:4026: found /usr/bin/ppc-amigaos-ar
configure:4038: result: /usr/bin/ppc-amigaos-ar
configure:4251: using CFLAGS: -mcrt=clib4 -D__USE_INLINE__
configure:4257: CFLAGS note: CFLAGS should only be used to specify C compiler flags, not macro definitions. Use CPPFLAGS for: -D__USE_INLINE__
configure:4288: WARNING: Continuing even with errors mentioned immediately above this line.
configure:4308: checking for a BSD-compatible install
configure:4381: result: ./install-sh -c
configure:4413: checking for ppc-amigaos-gcc
configure:4434: found /usr/bin/ppc-amigaos-gcc
configure:4445: result: ppc-amigaos-gcc
configure:4843: checking for C compiler version
configure:4852: ppc-amigaos-gcc --version >&5
ppc-amigaos-gcc (adtools build 11.3.0) 11.3.0
Copyright (C) 2021 Free Software Foundation, Inc.
This is free software; see the source for copying conditions.  There is NO
warranty; not even for MERCHANTABILITY or FITNESS FOR A PARTICULAR PURPOSE.

configure:4863: $? = 0
configure:4852: ppc-amigaos-gcc -v >&5
Using built-in specs.
COLLECT_GCC=ppc-amigaos-gcc
COLLECT_LTO_WRAPPER=/usr/libexec/gcc/ppc-amigaos/11.3.0/lto-wrapper
Target: ppc-amigaos
Configured with: /home/apalmate/Software/adtools/gcc/repo/configure --with-bugurl=https://github.com/sba1/adtools/issues --with-pkgversion='adtools build 11.3.0' --target=ppc-amigaos --prefix=/usr --enable-languages=c,c++ --enable-haifa --enable-sjlj-exceptions --disable-libstdcxx-pch --disable-tls --enable-threads=amigaos --enable-lto --disable-c++tools : (reconfigured) /home/apalmate/Software/adtools/gcc/repo/configure --with-bugurl=https://github.com/sba1/adtools/issues --with-pkgversion='adtools build 11.3.0' --target=ppc-amigaos --prefix=/usr --enable-languages=c,c++ --enable-haifa --enable-sjlj-exceptions --disable-libstdcxx-pch --disable-tls --enable-threads=amigaos --enable-lto --disable-c++tools
Thread model: amigaos
Supported LTO compression algorithms: zlib zstd
gcc version 11.3.0 (adtools build 11.3.0) 
configure:4863: $? = 0
configure:4852: ppc-amigaos-gcc -V >&5
ppc-amigaos-gcc: error: unrecognized command-line option '-V'
ppc-amigaos-gcc: fatal error: no input files
compilation terminated.
configure:4863: $? = 1
configure:4852: ppc-amigaos-gcc -qversion >&5
ppc-amigaos-gcc: error: unrecognized command-line option '-qversion'; did you mean '--version'?
ppc-amigaos-gcc: fatal error: no input files
compilation terminated.
configure:4863: $? = 1
configure:4852: ppc-amigaos-gcc -version >&5
ppc-amigaos-gcc: error: unrecognized command-line option '-version'
ppc-amigaos-gcc: fatal error: no input files
compilation terminated.
configure:4863: $? = 1
configure:4882: checking whether the C compiler works
configure:4904: ppc-amigaos-gcc -mcrt=clib4 -D__USE_INLINE__ -mcrt=clib4 -D__USE_INLINE__ -mcrt=clib4 conftest.c -lpthread -latomic -lauto >&5
configure:4908: $? = 0
configure:4958: result: yes
configure:4961: checking for C compiler default output file name
configure:4963: result: a.out
configure:4969: checking for suffix of executables
configure:4976: ppc-amigaos-gcc -o conftest -mcrt=clib4 -D__USE_INLINE__ -mcrt=clib4 -D__USE_INLINE__ -mcrt=clib4 conftest.c -lpthread -latomic -lauto >&5
configure:4980: $? = 0
configure:5003: result: 
configure:5024: checking whether we are cross compiling
configure:5032: ppc-amigaos-gcc -o conftest -mcrt=clib4 -D__USE_INLINE__ -mcrt=clib4 -D__USE_INLINE__ -mcrt=clib4 conftest.c -lpthread -latomic -lauto >&5
configure:5036: $? = 0
configure:5043: ./conftest
./configure: line 5045: ./conftest: cannot execute binary file: Exec format error
configure:5047: $? = 126
configure:5062: result: yes
configure:5067: checking for suffix of object files
configure:5089: ppc-amigaos-gcc -c -mcrt=clib4 -D__USE_INLINE__ -mcrt=clib4 -D__USE_INLINE__ conftest.c >&5
configure:5093: $? = 0
configure:5115: result: o
configure:5119: checking whether the compiler supports GNU C
configure:5138: ppc-amigaos-gcc -c -mcrt=clib4 -D__USE_INLINE__ -mcrt=clib4 -D__USE_INLINE__ conftest.c >&5
configure:5138: $? = 0
configure:5148: result: yes
configure:5159: checking whether ppc-amigaos-gcc accepts -g
configure:5179: ppc-amigaos-gcc -c -g -mcrt=clib4 -D__USE_INLINE__ conftest.c >&5
configure:5179: $? = 0
configure:5221: result: yes
configure:5241: checking for ppc-amigaos-gcc option to enable C11 features
configure:5256: ppc-amigaos-gcc  -c -mcrt=clib4 -D__USE_INLINE__ -mcrt=clib4 -D__USE_INLINE__ conftest.c >&5
configure:5256: $? = 0
configure:5274: result: none needed
configure:5390: checking whether ppc-amigaos-gcc understands -c and -o together
configure:5412: ppc-amigaos-gcc -c conftest.c -o conftest2.o
configure:5415: $? = 0
configure:5412: ppc-amigaos-gcc -c conftest.c -o conftest2.o
configure:5415: $? = 0
configure:5427: result: yes
configure:5450: checking how to run the C preprocessor
configure:5476: ppc-amigaos-gcc -E -mcrt=clib4 -D__USE_INLINE__ conftest.c
configure:5476: $? = 0
configure:5491: ppc-amigaos-gcc -E -mcrt=clib4 -D__USE_INLINE__ conftest.c
conftest.c:9:10: fatal error: ac_nonexistent.h: No such file or directory
    9 | #include <ac_nonexistent.h>
      |          ^~~~~~~~~~~~~~~~~~
compilation terminated.
configure:5491: $? = 1
configure: failed program was:
| /* confdefs.h */
| #define PACKAGE_NAME "curl"
| #define PACKAGE_TARNAME "curl"
| #define PACKAGE_VERSION "-"
| #define PACKAGE_STRING "curl -"
| #define PACKAGE_BUGREPORT "a suitable curl mailing list: https://curl.se/mail/"
| #define PACKAGE_URL ""
| /* end confdefs.h.  */
| #include <ac_nonexistent.h>
configure:5518: result: ppc-amigaos-gcc -E
configure:5532: ppc-amigaos-gcc -E -mcrt=clib4 -D__USE_INLINE__ conftest.c
configure:5532: $? = 0
configure:5547: ppc-amigaos-gcc -E -mcrt=clib4 -D__USE_INLINE__ conftest.c
conftest.c:9:10: fatal error: ac_nonexistent.h: No such file or directory
    9 | #include <ac_nonexistent.h>
      |          ^~~~~~~~~~~~~~~~~~
compilation terminated.
configure:5547: $? = 1
configure: failed program was:
| /* confdefs.h */
| #define PACKAGE_NAME "curl"
| #define PACKAGE_TARNAME "curl"
| #define PACKAGE_VERSION "-"
| #define PACKAGE_STRING "curl -"
| #define PACKAGE_BUGREPORT "a suitable curl mailing list: https://curl.se/mail/"
| #define PACKAGE_URL ""
| /* end confdefs.h.  */
| #include <ac_nonexistent.h>
configure:5593: checking for stdio.h
configure:5593: ppc-amigaos-gcc -c -mcrt=clib4 -D__USE_INLINE__ -mcrt=clib4 -D__USE_INLINE__ conftest.c >&5
configure:5593: $? = 0
configure:5593: result: yes
configure:5593: checking for stdlib.h
configure:5593: ppc-amigaos-gcc -c -mcrt=clib4 -D__USE_INLINE__ -mcrt=clib4 -D__USE_INLINE__ conftest.c >&5
configure:5593: $? = 0
configure:5593: result: yes
configure:5593: checking for string.h
configure:5593: ppc-amigaos-gcc -c -mcrt=clib4 -D__USE_INLINE__ -mcrt=clib4 -D__USE_INLINE__ conftest.c >&5
configure:5593: $? = 0
configure:5593: result: yes
configure:5593: checking for inttypes.h
configure:5593: ppc-amigaos-gcc -c -mcrt=clib4 -D__USE_INLINE__ -mcrt=clib4 -D__USE_INLINE__ conftest.c >&5
configure:5593: $? = 0
configure:5593: result: yes
configure:5593: checking for stdint.h
configure:5593: ppc-amigaos-gcc -c -mcrt=clib4 -D__USE_INLINE__ -mcrt=clib4 -D__USE_INLINE__ conftest.c >&5
configure:5593: $? = 0
configure:5593: result: yes
configure:5593: checking for strings.h
configure:5593: ppc-amigaos-gcc -c -mcrt=clib4 -D__USE_INLINE__ -mcrt=clib4 -D__USE_INLINE__ conftest.c >&5
configure:5593: $? = 0
configure:5593: result: yes
configure:5593: checking for sys/stat.h
configure:5593: ppc-amigaos-gcc -c -mcrt=clib4 -D__USE_INLINE__ -mcrt=clib4 -D__USE_INLINE__ conftest.c >&5
configure:5593: $? = 0
configure:5593: result: yes
configure:5593: checking for sys/types.h
configure:5593: ppc-amigaos-gcc -c -mcrt=clib4 -D__USE_INLINE__ -mcrt=clib4 -D__USE_INLINE__ conftest.c >&5
configure:5593: $? = 0
configure:5593: result: yes
configure:5593: checking for unistd.h
configure:5593: ppc-amigaos-gcc -c -mcrt=clib4 -D__USE_INLINE__ -mcrt=clib4 -D__USE_INLINE__ conftest.c >&5
configure:5593: $? = 0
configure:5593: result: yes
configure:5621: checking for stdatomic.h
configure:5621: ppc-amigaos-gcc -c -mcrt=clib4 -D__USE_INLINE__ -mcrt=clib4 -D__USE_INLINE__ conftest.c >&5
configure:5621: $? = 0
configure:5621: result: yes
configure:5626: checking if _Atomic is available
configure:5645: ppc-amigaos-gcc -o conftest -mcrt=clib4 -D__USE_INLINE__ -mcrt=clib4 -D__USE_INLINE__ -mcrt=clib4 conftest.c -lpthread -latomic -lauto >&5
configure:5645: $? = 0
configure:5648: result: yes
configure:5670: checking for a sed that does not truncate output
configure:5740: result: /usr/bin/sed
configure:5748: checking for code coverage support
configure:5764: result: no
configure:5929: checking whether build environment is sane
configure:5984: result: yes
configure:6036: checking for ppc-amigaos-strip
configure:6057: found /usr/bin/ppc-amigaos-strip
configure:6068: result: ppc-amigaos-strip
configure:6139: checking for a race-free mkdir -p
configure:6183: result: /usr/bin/mkdir -p
configure:6190: checking for gawk
configure:6225: result: no
configure:6190: checking for mawk
configure:6211: found /usr/bin/mawk
configure:6222: result: mawk
configure:6233: checking whether make sets $(MAKE)
configure:6256: result: yes
configure:6278: checking whether make supports the include directive
configure:6293: make -f confmf.GNU && cat confinc.out
this is the am__doit target
configure:6296: $? = 0
configure:6315: result: yes (GNU style)
configure:6412: checking dependency style of ppc-amigaos-gcc
configure:6524: result: gcc3
configure:6601: checking curl version
configure:6603: result: 7.85.0
configure:6854: checking build system type
configure:6869: result: x86_64-pc-linux-gnu
configure:6889: checking host system type
configure:6903: result: powerpc-unknown-amigaos
configure:6932: checking for grep that handles long lines and -e
configure:6996: result: /usr/bin/grep
configure:7001: checking for egrep
configure:7069: result: /usr/bin/grep -E
configure:7076: checking if OS is AIX (to define _ALL_SOURCE)
configure:7097: result: no
configure:7107: checking if _THREAD_SAFE is already defined
configure:7128: ppc-amigaos-gcc -c -mcrt=clib4 -D__USE_INLINE__ -mcrt=clib4 -D__USE_INLINE__ conftest.c >&5
conftest.c: In function 'main':
conftest.c:33:7: error: unknown type name 'force'
   33 |       force compilation error
      |       ^~~~~
conftest.c:33:25: error: expected '=', ',', ';', 'asm' or '__attribute__' before 'error'
   33 |       force compilation error
      |                         ^~~~~
configure:7128: $? = 1
configure: failed program was:
| /* confdefs.h */
| #define PACKAGE_NAME "curl"
| #define PACKAGE_TARNAME "curl"
| #define PACKAGE_VERSION "-"
| #define PACKAGE_STRING "curl -"
| #define PACKAGE_BUGREPORT "a suitable curl mailing list: https://curl.se/mail/"
| #define PACKAGE_URL ""
| #define HAVE_STDIO_H 1
| #define HAVE_STDLIB_H 1
| #define HAVE_STRING_H 1
| #define HAVE_INTTYPES_H 1
| #define HAVE_STDINT_H 1
| #define HAVE_STRINGS_H 1
| #define HAVE_SYS_STAT_H 1
| #define HAVE_SYS_TYPES_H 1
| #define HAVE_UNISTD_H 1
| #define STDC_HEADERS 1
| #define HAVE_STDATOMIC_H 1
| #define HAVE_ATOMIC 1
| #define PACKAGE "curl"
| #define VERSION "-"
| #define OS "powerpc-unknown-amigaos"
| /* end confdefs.h.  */
| 
| 
| 
| int main (void)
| {
| 
| #ifdef _THREAD_SAFE
|       int dummy=1;
| #else
|       force compilation error
| #endif
| 
|  ;
|  return 0;
| }
| 
configure:7137: result: no
configure:7145: checking if _THREAD_SAFE is actually needed
configure:7164: result: no
configure:7169: checking if _THREAD_SAFE is onwards defined
configure:7186: result: no
configure:7193: checking if _REENTRANT is already defined
configure:7214: ppc-amigaos-gcc -c -mcrt=clib4 -D__USE_INLINE__ -mcrt=clib4 -D__USE_INLINE__ conftest.c >&5
conftest.c: In function 'main':
conftest.c:33:7: error: unknown type name 'force'
   33 |       force compilation error
      |       ^~~~~
conftest.c:33:25: error: expected '=', ',', ';', 'asm' or '__attribute__' before 'error'
   33 |       force compilation error
      |                         ^~~~~
configure:7214: $? = 1
configure: failed program was:
| /* confdefs.h */
| #define PACKAGE_NAME "curl"
| #define PACKAGE_TARNAME "curl"
| #define PACKAGE_VERSION "-"
| #define PACKAGE_STRING "curl -"
| #define PACKAGE_BUGREPORT "a suitable curl mailing list: https://curl.se/mail/"
| #define PACKAGE_URL ""
| #define HAVE_STDIO_H 1
| #define HAVE_STDLIB_H 1
| #define HAVE_STRING_H 1
| #define HAVE_INTTYPES_H 1
| #define HAVE_STDINT_H 1
| #define HAVE_STRINGS_H 1
| #define HAVE_SYS_STAT_H 1
| #define HAVE_SYS_TYPES_H 1
| #define HAVE_UNISTD_H 1
| #define STDC_HEADERS 1
| #define HAVE_STDATOMIC_H 1
| #define HAVE_ATOMIC 1
| #define PACKAGE "curl"
| #define VERSION "-"
| #define OS "powerpc-unknown-amigaos"
| /* end confdefs.h.  */
| 
| 
| 
| int main (void)
| {
| 
| #ifdef _REENTRANT
|       int dummy=1;
| #else
|       force compilation error
| #endif
| 
|  ;
|  return 0;
| }
| 
configure:7223: result: no
configure:7231: checking if _REENTRANT is actually needed
configure:7262: ppc-amigaos-gcc -c -mcrt=clib4 -D__USE_INLINE__ -mcrt=clib4 -D__USE_INLINE__ conftest.c >&5
configure:7262: $? = 0
configure:7294: ppc-amigaos-gcc -c -mcrt=clib4 -D__USE_INLINE__ -mcrt=clib4 -D__USE_INLINE__ conftest.c >&5
configure:7294: $? = 0
configure:7367: ppc-amigaos-gcc -o conftest -mcrt=clib4 -D__USE_INLINE__ -mcrt=clib4 -D__USE_INLINE__ -mcrt=clib4 conftest.c -lpthread -latomic -lauto >&5
configure:7367: $? = 0
configure:7449: ppc-amigaos-gcc -o conftest -mcrt=clib4 -D__USE_INLINE__ -mcrt=clib4 -D__USE_INLINE__ -mcrt=clib4 conftest.c -lpthread -latomic -lauto >&5
configure:7449: $? = 0
configure:7531: ppc-amigaos-gcc -o conftest -mcrt=clib4 -D__USE_INLINE__ -mcrt=clib4 -D__USE_INLINE__ -mcrt=clib4 conftest.c -lpthread -latomic -lauto >&5
configure:7531: $? = 0
configure:7613: ppc-amigaos-gcc -o conftest -mcrt=clib4 -D__USE_INLINE__ -mcrt=clib4 -D__USE_INLINE__ -mcrt=clib4 conftest.c -lpthread -latomic -lauto >&5
configure:7613: $? = 0
configure:7695: ppc-amigaos-gcc -o conftest -mcrt=clib4 -D__USE_INLINE__ -mcrt=clib4 -D__USE_INLINE__ -mcrt=clib4 conftest.c -lpthread -latomic -lauto >&5
configure:7695: $? = 0
configure:7777: ppc-amigaos-gcc -o conftest -mcrt=clib4 -D__USE_INLINE__ -mcrt=clib4 -D__USE_INLINE__ -mcrt=clib4 conftest.c -lpthread -latomic -lauto >&5
/tmp/ccnazIMF.o: In function `main':
conftest.c:(.text+0x14): undefined reference to `getprotobyname_r'
collect2: error: ld returned 1 exit status
configure:7777: $? = 1
configure: failed program was:
| /* confdefs.h */
| #define PACKAGE_NAME "curl"
| #define PACKAGE_TARNAME "curl"
| #define PACKAGE_VERSION "-"
| #define PACKAGE_STRING "curl -"
| #define PACKAGE_BUGREPORT "a suitable curl mailing list: https://curl.se/mail/"
| #define PACKAGE_URL ""
| #define HAVE_STDIO_H 1
| #define HAVE_STDLIB_H 1
| #define HAVE_STRING_H 1
| #define HAVE_INTTYPES_H 1
| #define HAVE_STDINT_H 1
| #define HAVE_STRINGS_H 1
| #define HAVE_SYS_STAT_H 1
| #define HAVE_SYS_TYPES_H 1
| #define HAVE_UNISTD_H 1
| #define STDC_HEADERS 1
| #define HAVE_STDATOMIC_H 1
| #define HAVE_ATOMIC 1
| #define PACKAGE "curl"
| #define VERSION "-"
| #define OS "powerpc-unknown-amigaos"
| /* end confdefs.h.  */
| 
| 
| #define getprotobyname_r innocuous_getprotobyname_r
| #ifdef __STDC__
| # include <limits.h>
| #else
| # include <assert.h>
| #endif
| #undef getprotobyname_r
| #ifdef __cplusplus
| extern "C"
| #endif
| char getprotobyname_r ();
| #if defined __stub_getprotobyname_r || defined __stub___getprotobyname_r
| choke me
| #endif
| 
| int main (void)
| {
| return getprotobyname_r ();
|  ;
|  return 0;
| }
| 
configure:7836: result: no
configure:7841: checking if _REENTRANT is onwards defined
configure:7858: result: no
configure:7872: checking for special C compiler options needed for large files
configure:7919: result: no
configure:7925: checking for _FILE_OFFSET_BITS value needed for large files
configure:7950: ppc-amigaos-gcc -c -mcrt=clib4 -D__USE_INLINE__ -mcrt=clib4 -D__USE_INLINE__ conftest.c >&5
configure:7950: $? = 0
configure:7983: result: no
configure:8111: checking how to print strings
configure:8138: result: printf
configure:8159: checking for a sed that does not truncate output
configure:8229: result: /usr/bin/sed
configure:8247: checking for fgrep
configure:8315: result: /usr/bin/grep -F
configure:8351: checking for ld used by ppc-amigaos-gcc
configure:8419: result: /usr/ppc-amigaos/bin/ld
configure:8426: checking if the linker (/usr/ppc-amigaos/bin/ld) is GNU ld
configure:8442: result: yes
configure:8454: checking for BSD- or MS-compatible name lister (nm)
configure:8509: result: /usr/bin/ppc-amigaos-nm -B
configure:8649: checking the name lister (/usr/bin/ppc-amigaos-nm -B) interface
configure:8657: ppc-amigaos-gcc -c -mcrt=clib4 -D__USE_INLINE__ -mcrt=clib4 -D__USE_INLINE__ conftest.c >&5
configure:8660: /usr/bin/ppc-amigaos-nm -B "conftest.o"
configure:8663: output
00000000 S some_variable
configure:8670: result: BSD nm
configure:8673: checking whether ln -s works
configure:8677: result: yes
configure:8685: checking the maximum length of command line arguments
configure:8817: result: 1572864
configure:8865: checking how to convert x86_64-pc-linux-gnu file names to powerpc-unknown-amigaos format
configure:8906: result: func_convert_file_noop
configure:8913: checking how to convert x86_64-pc-linux-gnu file names to toolchain format
configure:8934: result: func_convert_file_noop
configure:8941: checking for /usr/ppc-amigaos/bin/ld option to reload object files
configure:8949: result: -r
configure:8983: checking for ppc-amigaos-file
configure:9018: result: no
configure:9028: checking for file
configure:9049: found /usr/bin/file
configure:9060: result: file
configure:9072: WARNING: using cross tools not prefixed with host triplet
configure:9091: checking for ppc-amigaos-objdump
configure:9112: found /usr/bin/ppc-amigaos-objdump
configure:9123: result: ppc-amigaos-objdump
configure:9197: checking how to recognize dependent libraries
configure:9398: result: unknown
configure:9443: checking for ppc-amigaos-dlltool
configure:9478: result: no
configure:9488: checking for dlltool
configure:9523: result: no
configure:9550: checking how to associate runtime and link libraries
configure:9578: result: printf %s\n
configure:9594: checking for ppc-amigaos-ar
configure:9626: result: /usr/bin/ppc-amigaos-ar
configure:9728: checking for archiver @FILE support
configure:9745: ppc-amigaos-gcc -c -mcrt=clib4 -D__USE_INLINE__ -mcrt=clib4 -D__USE_INLINE__ conftest.c >&5
configure:9745: $? = 0
configure:9749: /usr/bin/ppc-amigaos-ar cr libconftest.a @conftest.lst >&5
configure:9752: $? = 0
configure:9757: /usr/bin/ppc-amigaos-ar cr libconftest.a @conftest.lst >&5
/usr/bin/ppc-amigaos-ar: conftest.o: No such file or directory
configure:9760: $? = 1
configure:9772: result: @
configure:9790: checking for ppc-amigaos-strip
configure:9822: result: ppc-amigaos-strip
configure:9899: checking for ppc-amigaos-ranlib
configure:9920: found /usr/bin/ppc-amigaos-ranlib
configure:9931: result: ppc-amigaos-ranlib
configure:10078: checking command to parse /usr/bin/ppc-amigaos-nm -B output from ppc-amigaos-gcc object
configure:10232: ppc-amigaos-gcc -c -mcrt=clib4 -D__USE_INLINE__ -mcrt=clib4 -D__USE_INLINE__ conftest.c >&5
configure:10235: $? = 0
configure:10239: /usr/bin/ppc-amigaos-nm -B conftest.o | /usr/bin/sed -n -e 's/^.*[	 ]\([ABCDGIRSTW][ABCDGIRSTW]*\)[	 ][	 ]*\([_A-Za-z][_A-Za-z0-9]*\)$/\1 \2 \2/p' | /usr/bin/sed '/ __gnu_lto/d' > conftest.nm
configure:10305: ppc-amigaos-gcc -o conftest -mcrt=clib4 -D__USE_INLINE__ -mcrt=clib4 -D__USE_INLINE__ -mcrt=clib4 conftest.c conftstm.o >&5
configure:10308: $? = 0
configure:10346: result: ok
configure:10393: checking for sysroot
configure:10424: result: no
configure:10431: checking for a working dd
configure:10475: result: /usr/bin/dd
configure:10479: checking how to truncate binary pipes
configure:10495: result: /usr/bin/dd bs=4096 count=1
configure:10786: checking for ppc-amigaos-mt
configure:10821: result: no
configure:10831: checking for mt
configure:10852: found /usr/bin/mt
configure:10863: result: mt
configure:10886: checking if mt is a manifest tool
configure:10893: mt '-?'
configure:10901: result: no
configure:11621: checking for dlfcn.h
configure:11621: ppc-amigaos-gcc -c -mcrt=clib4 -D__USE_INLINE__ -mcrt=clib4 -D__USE_INLINE__ conftest.c >&5
configure:11621: $? = 0
configure:11621: result: yes
configure:12315: checking for objdir
configure:12331: result: .libs
configure:12595: checking if ppc-amigaos-gcc supports -fno-rtti -fno-exceptions
configure:12614: ppc-amigaos-gcc -c -mcrt=clib4 -D__USE_INLINE__ -mcrt=clib4 -D__USE_INLINE__ -fno-rtti -fno-exceptions conftest.c >&5
cc1: warning: command-line option '-fno-rtti' is valid for C++/D/ObjC++ but not for C
configure:12618: $? = 0
configure:12631: result: no
configure:12995: checking for ppc-amigaos-gcc option to produce PIC
configure:13003: result: -fPIC -DPIC
configure:13011: checking if ppc-amigaos-gcc PIC flag -fPIC -DPIC works
configure:13030: ppc-amigaos-gcc -c -mcrt=clib4 -D__USE_INLINE__ -mcrt=clib4 -D__USE_INLINE__ -fPIC -DPIC -DPIC conftest.c >&5
configure:13034: $? = 0
configure:13047: result: yes
configure:13076: checking if ppc-amigaos-gcc static flag -static works
configure:13105: result: yes
configure:13120: checking if ppc-amigaos-gcc supports -c -o file.o
configure:13142: ppc-amigaos-gcc -c -mcrt=clib4 -D__USE_INLINE__ -mcrt=clib4 -D__USE_INLINE__ -o out/conftest2.o conftest.c >&5
configure:13146: $? = 0
configure:13168: result: yes
configure:13176: checking if ppc-amigaos-gcc supports -c -o file.o
configure:13224: result: yes
configure:13257: checking whether the ppc-amigaos-gcc linker (/usr/ppc-amigaos/bin/ld) supports shared libraries
configure:14529: result: yes
configure:14770: checking dynamic linker characteristics
configure:15602: result: amigaos ld.so
configure:15724: checking how to hardcode library paths into programs
configure:15749: result: immediate
configure:16301: checking whether stripping libraries is possible
configure:16310: result: yes
configure:16352: checking if libtool supports shared libraries
configure:16354: result: yes
configure:16357: checking whether to build shared libraries
configure:16382: result: no
configure:16385: checking whether to build static libraries
configure:16389: result: yes
configure:16460: checking whether to build shared libraries with -version-info
configure:16471: result: yes
configure:16478: checking whether to build shared libraries with -no-undefined
configure:16491: result: no
configure:16498: checking whether to build shared libraries with -mimpure-text
configure:16508: result: no
configure:16535: checking whether to build shared libraries with PIC
configure:16537: result: yes
configure:16539: checking whether to build static libraries with PIC
configure:16541: result: no
configure:16548: checking whether to build shared libraries only
configure:16556: result: no
configure:16563: checking whether to build static libraries only
configure:16571: result: yes
configure:16661: checking for inline
configure:16678: ppc-amigaos-gcc -c -mcrt=clib4 -D__USE_INLINE__ -mcrt=clib4 -D__USE_INLINE__ conftest.c >&5
configure:16678: $? = 0
configure:16687: result: inline
configure:16708: checking if cpp -P is needed
configure:16726: result: yes
configure:16730: checking if cpp -P works
configure:16750: result: yes
configure:16781: checking if compiler is DEC/Compaq/HP C
configure:16805: ppc-amigaos-gcc -E -mcrt=clib4 -D__USE_INLINE__ -P conftest.c
configure:16805: $? = 0
configure:16850: ppc-amigaos-gcc -E -mcrt=clib4 -D__USE_INLINE__ -P conftest.c
configure:16850: $? = 0
configure:16883: result: no
configure:16888: checking if compiler is HP-UX C
configure:16912: ppc-amigaos-gcc -E -mcrt=clib4 -D__USE_INLINE__ -P conftest.c
configure:16912: $? = 0
configure:16944: result: no
configure:16949: checking if compiler is IBM C
configure:16973: ppc-amigaos-gcc -E -mcrt=clib4 -D__USE_INLINE__ -P conftest.c
configure:16973: $? = 0
configure:17013: result: no
configure:17018: checking if compiler is Intel C
configure:17042: ppc-amigaos-gcc -E -mcrt=clib4 -D__USE_INLINE__ -P conftest.c
configure:17042: $? = 0
configure:17128: result: no
configure:17133: checking if compiler is clang
configure:17157: ppc-amigaos-gcc -E -mcrt=clib4 -D__USE_INLINE__ -P conftest.c
configure:17157: $? = 0
configure:17256: result: no
configure:17261: checking if compiler is GNU C
configure:17285: ppc-amigaos-gcc -E -mcrt=clib4 -D__USE_INLINE__ -P conftest.c
configure:17285: $? = 0
configure:17310: result: yes
configure:17343: ppc-amigaos-gcc -E -mcrt=clib4 -D__USE_INLINE__ -P conftest.c
configure:17343: $? = 0
configure:17372: checking if compiler is LCC
configure:17396: ppc-amigaos-gcc -E -mcrt=clib4 -D__USE_INLINE__ -P conftest.c
configure:17396: $? = 0
configure:17428: result: no
configure:17433: checking if compiler is SGI MIPSpro C
configure:17457: ppc-amigaos-gcc -E -mcrt=clib4 -D__USE_INLINE__ -P conftest.c
configure:17457: $? = 0
configure:17502: ppc-amigaos-gcc -E -mcrt=clib4 -D__USE_INLINE__ -P conftest.c
configure:17502: $? = 0
configure:17547: ppc-amigaos-gcc -E -mcrt=clib4 -D__USE_INLINE__ -P conftest.c
configure:17547: $? = 0
configure:17581: result: no
configure:17586: checking if compiler is SGI MIPS C
configure:17610: ppc-amigaos-gcc -E -mcrt=clib4 -D__USE_INLINE__ -P conftest.c
configure:17610: $? = 0
configure:17655: ppc-amigaos-gcc -E -mcrt=clib4 -D__USE_INLINE__ -P conftest.c
configure:17655: $? = 0
configure:17689: result: no
configure:17694: checking if compiler is SunPro C
configure:17718: ppc-amigaos-gcc -E -mcrt=clib4 -D__USE_INLINE__ -P conftest.c
configure:17718: $? = 0
configure:17750: result: no
configure:17755: checking if compiler is Tiny C
configure:17779: ppc-amigaos-gcc -E -mcrt=clib4 -D__USE_INLINE__ -P conftest.c
configure:17779: $? = 0
configure:17811: result: no
configure:17935: checking if compiler accepts some basic options
configure:17959: ppc-amigaos-gcc -c -mcrt=clib4 -D__USE_INLINE__ -Werror-implicit-function-declaration -mcrt=clib4 -D__USE_INLINE__ conftest.c >&5
configure:17959: $? = 0
configure:17990: ppc-amigaos-gcc -o conftest -mcrt=clib4 -D__USE_INLINE__ -Werror-implicit-function-declaration -mcrt=clib4 -D__USE_INLINE__ -mcrt=clib4 conftest.c -lpthread -latomic -lauto >&5
configure:17990: $? = 0
configure:18105: result: yes
configure:18107: compiler options added: -Werror-implicit-function-declaration 
configure:18168: checking if compiler optimizer assumed setting might be used
configure:18206: result: yes
configure:18252: checking if compiler accepts optimizer enabling options
configure:18288: ppc-amigaos-gcc -c -mcrt=clib4 -D__USE_INLINE__ -Werror-implicit-function-declaration -O2 -mcrt=clib4 -D__USE_INLINE__ conftest.c >&5
configure:18288: $? = 0
configure:18319: ppc-amigaos-gcc -o conftest -mcrt=clib4 -D__USE_INLINE__ -Werror-implicit-function-declaration -O2 -mcrt=clib4 -D__USE_INLINE__ -mcrt=clib4 conftest.c -lpthread -latomic -lauto >&5
configure:18319: $? = 0
configure:18434: result: yes
configure:18436: compiler options added: -O2
configure:19760: checking if compiler accepts strict warning options
configure:19784: ppc-amigaos-gcc -c -mcrt=clib4 -D__USE_INLINE__ -Werror-implicit-function-declaration -O2 -Wno-system-headers -mcrt=clib4 -D__USE_INLINE__ conftest.c >&5
configure:19784: $? = 0
configure:19815: ppc-amigaos-gcc -o conftest -mcrt=clib4 -D__USE_INLINE__ -Werror-implicit-function-declaration -O2 -Wno-system-headers -mcrt=clib4 -D__USE_INLINE__ -mcrt=clib4 conftest.c -lpthread -latomic -lauto >&5
configure:19815: $? = 0
configure:19930: result: yes
configure:19932: compiler options added: -Wno-system-headers 
configure:19973: checking if compiler halts on compilation errors
configure:19990: ppc-amigaos-gcc -c -mcrt=clib4 -D__USE_INLINE__ -Werror-implicit-function-declaration -O2 -Wno-system-headers -mcrt=clib4 -D__USE_INLINE__ conftest.c >&5
conftest.c: In function 'main':
conftest.c:32:7: error: unknown type name 'force'
   32 |       force compilation error
      |       ^~~~~
conftest.c:32:25: error: expected '=', ',', ';', 'asm' or '__attribute__' before 'error'
   32 |       force compilation error
      |                         ^~~~~
configure:19990: $? = 1
configure: failed program was:
| /* confdefs.h */
| #define PACKAGE_NAME "curl"
| #define PACKAGE_TARNAME "curl"
| #define PACKAGE_VERSION "-"
| #define PACKAGE_STRING "curl -"
| #define PACKAGE_BUGREPORT "a suitable curl mailing list: https://curl.se/mail/"
| #define PACKAGE_URL ""
| #define HAVE_STDIO_H 1
| #define HAVE_STDLIB_H 1
| #define HAVE_STRING_H 1
| #define HAVE_INTTYPES_H 1
| #define HAVE_STDINT_H 1
| #define HAVE_STRINGS_H 1
| #define HAVE_SYS_STAT_H 1
| #define HAVE_SYS_TYPES_H 1
| #define HAVE_UNISTD_H 1
| #define STDC_HEADERS 1
| #define HAVE_STDATOMIC_H 1
| #define HAVE_ATOMIC 1
| #define PACKAGE "curl"
| #define VERSION "-"
| #define OS "powerpc-unknown-amigaos"
| #define HAVE_DLFCN_H 1
| #define LT_OBJDIR ".libs/"
| /* end confdefs.h.  */
| 
| 
| 
| int main (void)
| {
| 
|       force compilation error
| 
|  ;
|  return 0;
| }
| 
configure:19999: result: yes
configure:20006: checking if compiler halts on negative sized arrays
configure:20024: ppc-amigaos-gcc -c -mcrt=clib4 -D__USE_INLINE__ -Werror-implicit-function-declaration -O2 -Wno-system-headers -mcrt=clib4 -D__USE_INLINE__ conftest.c >&5
conftest.c:28:20: error: size of array 'bad_t' is negative
   28 |       typedef char bad_t[sizeof(char) == sizeof(int) ? -1 : -1 ];
      |                    ^~~~~
configure:20024: $? = 1
configure: failed program was:
| /* confdefs.h */
| #define PACKAGE_NAME "curl"
| #define PACKAGE_TARNAME "curl"
| #define PACKAGE_VERSION "-"
| #define PACKAGE_STRING "curl -"
| #define PACKAGE_BUGREPORT "a suitable curl mailing list: https://curl.se/mail/"
| #define PACKAGE_URL ""
| #define HAVE_STDIO_H 1
| #define HAVE_STDLIB_H 1
| #define HAVE_STRING_H 1
| #define HAVE_INTTYPES_H 1
| #define HAVE_STDINT_H 1
| #define HAVE_STRINGS_H 1
| #define HAVE_SYS_STAT_H 1
| #define HAVE_SYS_TYPES_H 1
| #define HAVE_UNISTD_H 1
| #define STDC_HEADERS 1
| #define HAVE_STDATOMIC_H 1
| #define HAVE_ATOMIC 1
| #define PACKAGE "curl"
| #define VERSION "-"
| #define OS "powerpc-unknown-amigaos"
| #define HAVE_DLFCN_H 1
| #define LT_OBJDIR ".libs/"
| /* end confdefs.h.  */
| 
| 
|       typedef char bad_t[sizeof(char) == sizeof(int) ? -1 : -1 ];
| 
| int main (void)
| {
| 
|       bad_t dummy;
| 
|  ;
|  return 0;
| }
| 
configure:20033: result: yes
configure:20040: checking if compiler halts on function prototype mismatch
configure:20069: ppc-amigaos-gcc -c -mcrt=clib4 -D__USE_INLINE__ -Werror-implicit-function-declaration -O2 -Wno-system-headers -mcrt=clib4 -D__USE_INLINE__ conftest.c >&5
conftest.c:29:11: error: conflicting types for 'rand'; have 'int(int)'
   29 |       int rand(int n);
      |           ^~~~
In file included from conftest.c:28:
/usr/ppc-amigaos/SDK/clib4/include/stdlib.h:80:12: note: previous declaration of 'rand' with type 'int(void)'
   80 | extern int rand(void);
      |            ^~~~
conftest.c:30:11: error: conflicting types for 'rand'; have 'int(int)'
   30 |       int rand(int n)
      |           ^~~~
In file included from conftest.c:28:
/usr/ppc-amigaos/SDK/clib4/include/stdlib.h:80:12: note: previous declaration of 'rand' with type 'int(void)'
   80 | extern int rand(void);
      |            ^~~~
configure:20069: $? = 1
configure: failed program was:
| /* confdefs.h */
| #define PACKAGE_NAME "curl"
| #define PACKAGE_TARNAME "curl"
| #define PACKAGE_VERSION "-"
| #define PACKAGE_STRING "curl -"
| #define PACKAGE_BUGREPORT "a suitable curl mailing list: https://curl.se/mail/"
| #define PACKAGE_URL ""
| #define HAVE_STDIO_H 1
| #define HAVE_STDLIB_H 1
| #define HAVE_STRING_H 1
| #define HAVE_INTTYPES_H 1
| #define HAVE_STDINT_H 1
| #define HAVE_STRINGS_H 1
| #define HAVE_SYS_STAT_H 1
| #define HAVE_SYS_TYPES_H 1
| #define HAVE_UNISTD_H 1
| #define STDC_HEADERS 1
| #define HAVE_STDATOMIC_H 1
| #define HAVE_ATOMIC 1
| #define PACKAGE "curl"
| #define VERSION "-"
| #define OS "powerpc-unknown-amigaos"
| #define HAVE_DLFCN_H 1
| #define LT_OBJDIR ".libs/"
| /* end confdefs.h.  */
| 
| 
| #     include <stdlib.h>
|       int rand(int n);
|       int rand(int n)
|       {
|         if(n)
|           return ++n;
|         else
|           return n;
|       }
| 
| int main (void)
| {
| 
|       int i[2]={0,0};
|       int j = rand(i[0]);
|       if(j)
|         return j;
| 
|  ;
|  return 0;
| }
| 
configure:20078: result: yes
configure:20085: checking if compiler supports hiding library internal symbols
configure:20180: ppc-amigaos-gcc -c -mcrt=clib4 -D__USE_INLINE__ -Werror-implicit-function-declaration -O2 -Wno-system-headers -fvisibility=hidden -mcrt=clib4 -D__USE_INLINE__ conftest.c >&5
configure:20180: $? = 0
configure:20204: result: yes
configure:20394: checking for windows.h
configure:20425: ppc-amigaos-gcc -c -mcrt=clib4 -D__USE_INLINE__ -Werror-implicit-function-declaration -O2 -Wno-system-headers -mcrt=clib4 -D__USE_INLINE__ conftest.c >&5
conftest.c:32:10: fatal error: windows.h: No such file or directory
   32 | #include <windows.h>
      |          ^~~~~~~~~~~
compilation terminated.
configure:20425: $? = 1
configure: failed program was:
| /* confdefs.h */
| #define PACKAGE_NAME "curl"
| #define PACKAGE_TARNAME "curl"
| #define PACKAGE_VERSION "-"
| #define PACKAGE_STRING "curl -"
| #define PACKAGE_BUGREPORT "a suitable curl mailing list: https://curl.se/mail/"
| #define PACKAGE_URL ""
| #define HAVE_STDIO_H 1
| #define HAVE_STDLIB_H 1
| #define HAVE_STRING_H 1
| #define HAVE_INTTYPES_H 1
| #define HAVE_STDINT_H 1
| #define HAVE_STRINGS_H 1
| #define HAVE_SYS_STAT_H 1
| #define HAVE_SYS_TYPES_H 1
| #define HAVE_UNISTD_H 1
| #define STDC_HEADERS 1
| #define HAVE_STDATOMIC_H 1
| #define HAVE_ATOMIC 1
| #define PACKAGE "curl"
| #define VERSION "-"
| #define OS "powerpc-unknown-amigaos"
| #define HAVE_DLFCN_H 1
| #define LT_OBJDIR ".libs/"
| /* end confdefs.h.  */
| 
| 
| #undef inline
| #ifndef WIN32_LEAN_AND_MEAN
| #define WIN32_LEAN_AND_MEAN
| #endif
| #include <windows.h>
| 
| int main (void)
| {
| 
| #if defined(__CYGWIN__) || defined(__CEGCC__)
|         HAVE_WINDOWS_H shall not be defined.
| #else
|         int dummy=2*WINVER;
| #endif
| 
|  ;
|  return 0;
| }
| 
configure:20438: result: no
configure:20449: checking whether build target is a native Windows one
configure:20493: result: no
configure:20739: checking whether build target supports WIN32 file API
configure:20822: result: no
configure:20828: checking whether build target supports WIN32 crypto API
configure:20876: result: no
configure:20891: checking for good-to-use Darwin CFLAGS
configure:20893: result: no
configure:20925: checking whether to link macOS CoreFoundation and SystemConfiguration framework
configure:20970: result: no
configure:20975: checking to see if the compiler supports __builtin_available()
configure:20993: ppc-amigaos-gcc -c -mcrt=clib4 -D__USE_INLINE__ -Werror-implicit-function-declaration -O2 -Wno-system-headers -mcrt=clib4 -D__USE_INLINE__ conftest.c >&5
conftest.c: In function 'main':
conftest.c:33:11: error: implicit declaration of function '__builtin_available'; did you mean '__builtin_scalbl'? [-Werror=implicit-function-declaration]
   33 |       if (__builtin_available(macOS 10.8, iOS 5.0, *)) {}
      |           ^~~~~~~~~~~~~~~~~~~
      |           __builtin_scalbl
conftest.c:33:31: error: 'macOS' undeclared (first use in this function)
   33 |       if (__builtin_available(macOS 10.8, iOS 5.0, *)) {}
      |                               ^~~~~
conftest.c:33:31: note: each undeclared identifier is reported only once for each function it appears in
conftest.c:33:36: error: expected ')' before numeric constant
   33 |       if (__builtin_available(macOS 10.8, iOS 5.0, *)) {}
      |                              ~     ^~~~~
      |                                    )
cc1: some warnings being treated as errors
configure:20993: $? = 1
configure: failed program was:
| /* confdefs.h */
| #define PACKAGE_NAME "curl"
| #define PACKAGE_TARNAME "curl"
| #define PACKAGE_VERSION "-"
| #define PACKAGE_STRING "curl -"
| #define PACKAGE_BUGREPORT "a suitable curl mailing list: https://curl.se/mail/"
| #define PACKAGE_URL ""
| #define HAVE_STDIO_H 1
| #define HAVE_STDLIB_H 1
| #define HAVE_STRING_H 1
| #define HAVE_INTTYPES_H 1
| #define HAVE_STDINT_H 1
| #define HAVE_STRINGS_H 1
| #define HAVE_SYS_STAT_H 1
| #define HAVE_SYS_TYPES_H 1
| #define HAVE_UNISTD_H 1
| #define STDC_HEADERS 1
| #define HAVE_STDATOMIC_H 1
| #define HAVE_ATOMIC 1
| #define PACKAGE "curl"
| #define VERSION "-"
| #define OS "powerpc-unknown-amigaos"
| #define HAVE_DLFCN_H 1
| #define LT_OBJDIR ".libs/"
| /* end confdefs.h.  */
| 
| 
| #include <stdlib.h>
| 
| int main (void)
| {
| 
|       if (__builtin_available(macOS 10.8, iOS 5.0, *)) {}
| 
|  ;
|  return 0;
| }
| 
configure:21004: result: no
configure:21012: checking whether to support http
configure:21051: result: yes
configure:21056: checking whether to support ftp
configure:21076: result: yes
configure:21081: checking whether to support file
configure:21101: result: yes
configure:21106: checking whether to support ldap
configure:21133: result: yes
configure:21138: checking whether to support ldaps
configure:21183: result: yes
configure:21496: checking whether to support rtsp
configure:21523: result: yes
configure:21535: checking whether to support proxies
configure:21556: result: yes
configure:21562: checking whether to support dict
configure:21582: result: yes
configure:21587: checking whether to support telnet
configure:21607: result: yes
configure:21612: checking whether to support tftp
configure:21632: result: yes
configure:21638: checking whether to support pop3
configure:21658: result: yes
configure:21665: checking whether to support imap
configure:21685: result: yes
configure:21692: checking whether to support smb
configure:21712: result: yes
configure:21718: checking whether to support smtp
configure:21738: result: yes
configure:21744: checking whether to support gopher
configure:21764: result: yes
configure:21770: checking whether to support mqtt
configure:21790: result: no
configure:21797: checking whether to provide built-in manual
configure:21804: result: no
configure:21820: checking whether to enable generation of C code
configure:21839: result: yes
configure:21846: checking whether to use libgcc
configure:21862: result: no
configure:21869: checking if X/Open network library is required
configure:21889: ppc-amigaos-gcc -c -mcrt=clib4 -D__USE_INLINE__ -Werror-implicit-function-declaration -O2 -Wno-system-headers -mcrt=clib4 -D__USE_INLINE__ conftest.c >&5
conftest.c: In function 'main':
conftest.c:36:3: error: unknown type name 'force'
   36 |   force compilation error
      |   ^~~~~
conftest.c:36:21: error: expected '=', ',', ';', 'asm' or '__attribute__' before 'error'
   36 |   force compilation error
      |                     ^~~~~
conftest.c:38:1: error: expected declaration or statement at end of input
   38 | }
      | ^
configure:21889: $? = 1
configure: failed program was:
| /* confdefs.h */
| #define PACKAGE_NAME "curl"
| #define PACKAGE_TARNAME "curl"
| #define PACKAGE_VERSION "-"
| #define PACKAGE_STRING "curl -"
| #define PACKAGE_BUGREPORT "a suitable curl mailing list: https://curl.se/mail/"
| #define PACKAGE_URL ""
| #define HAVE_STDIO_H 1
| #define HAVE_STDLIB_H 1
| #define HAVE_STRING_H 1
| #define HAVE_INTTYPES_H 1
| #define HAVE_STDINT_H 1
| #define HAVE_STRINGS_H 1
| #define HAVE_SYS_STAT_H 1
| #define HAVE_SYS_TYPES_H 1
| #define HAVE_UNISTD_H 1
| #define STDC_HEADERS 1
| #define HAVE_STDATOMIC_H 1
| #define HAVE_ATOMIC 1
| #define PACKAGE "curl"
| #define VERSION "-"
| #define OS "powerpc-unknown-amigaos"
| #define HAVE_DLFCN_H 1
| #define LT_OBJDIR ".libs/"
| #define HAVE_LDAP_SSL 1
| /* end confdefs.h.  */
| 
| 
| int main (void)
| {
| #if defined(__hpux) && defined(_XOPEN_SOURCE) && (_XOPEN_SOURCE >= 600)
|   return 0;
| #elif defined(__hpux) && defined(_XOPEN_SOURCE_EXTENDED)
|   return 0;
| #else
|   force compilation error
| #endif
| }
| 
| 
configure:21897: result: no
configure:21901: checking for gethostbyname
configure:21901: ppc-amigaos-gcc -o conftest -mcrt=clib4 -D__USE_INLINE__ -Werror-implicit-function-declaration -O2 -Wno-system-headers -mcrt=clib4 -D__USE_INLINE__ -mcrt=clib4 conftest.c -lpthread -latomic -lauto >&5
configure:21901: $? = 0
configure:21901: result: yes
configure:22331: checking for windows.h
configure:22375: result: no
configure:22386: checking for winsock2.h
configure:22431: result: no
configure:22460: checking for proto/bsdsocket.h
configure:22460: ppc-amigaos-gcc -c -mcrt=clib4 -D__USE_INLINE__ -Werror-implicit-function-declaration -O2 -Wno-system-headers -mcrt=clib4 -D__USE_INLINE__ conftest.c >&5
configure:22460: $? = 0
configure:22460: result: yes
configure:22470: checking for connect in libraries
configure:22498: ppc-amigaos-gcc -o conftest -mcrt=clib4 -D__USE_INLINE__ -Werror-implicit-function-declaration -O2 -Wno-system-headers -mcrt=clib4 -D__USE_INLINE__ -mcrt=clib4 conftest.c  -lpthread -latomic -lauto >&5
conftest.c:44: warning: "__USE_INLINE__" redefined
   44 | #  define __USE_INLINE__
      | 
<command-line>: note: this is the location of the previous definition
configure:22498: $? = 0
configure:22517: result: yes
configure:22531: checking for sys/types.h
configure:22531: result: yes
configure:22537: checking for sys/time.h
configure:22537: ppc-amigaos-gcc -c -mcrt=clib4 -D__USE_INLINE__ -Werror-implicit-function-declaration -O2 -Wno-system-headers -mcrt=clib4 -D__USE_INLINE__ conftest.c >&5
configure:22537: $? = 0
configure:22537: result: yes
configure:22544: checking for monotonic clock_gettime
configure:22571: ppc-amigaos-gcc -c -mcrt=clib4 -D__USE_INLINE__ -Werror-implicit-function-declaration -O2 -Wno-system-headers -mcrt=clib4 -D__USE_INLINE__ conftest.c >&5
configure:22571: $? = 0
configure:22574: result: yes
configure:22592: checking for clock_gettime in libraries
configure:22628: ppc-amigaos-gcc -o conftest -mcrt=clib4 -D__USE_INLINE__ -Werror-implicit-function-declaration -O2 -Wno-system-headers -mcrt=clib4 -D__USE_INLINE__ -mcrt=clib4 conftest.c -lpthread -latomic -lauto >&5
configure:22628: $? = 0
configure:22650: result: no additional lib required
configure:22836: checking for ppc-amigaos-pkg-config
configure:22875: result: no
configure:22885: checking for pkg-config
configure:22909: found /usr/bin/pkg-config
configure:22921: result: /usr/bin/pkg-config
configure:22946: checking for zlib options with pkg-config
configure:22960: result: found
configure:23028: checking for zlib.h
configure:23028: ppc-amigaos-gcc -c -mcrt=clib4 -D__USE_INLINE__ -Werror-implicit-function-declaration -O2 -Wno-system-headers -mcrt=clib4 -D__USE_INLINE__  conftest.c >&5
configure:23028: $? = 0
configure:23028: result: yes
configure:23119: found both libz and libz.h header
configure:23317: checking for BrotliDecoderDecompress in -lbrotlidec
configure:23340: ppc-amigaos-gcc -o conftest -mcrt=clib4 -D__USE_INLINE__ -Werror-implicit-function-declaration -O2 -Wno-system-headers -mcrt=clib4 -D__USE_INLINE__   -mcrt=clib4   conftest.c -lbrotlidec   -lz -lpthread -latomic -lauto >&5
/usr/ppc-amigaos/SDK/local/clib4/lib/libbrotlidec.a(decode.o): In function `DecodeLiteralBlockSwitch':
decode.c:(.text+0x4fce): undefined reference to `_kBrotliPrefixCodeRanges'
decode.c:(.text+0x4fd2): undefined reference to `_kBrotliPrefixCodeRanges'
decode.c:(.text+0x4ff2): undefined reference to `_kBrotliPrefixCodeRanges'
decode.c:(.text+0x4ff6): undefined reference to `_kBrotliPrefixCodeRanges'
decode.c:(.text+0x5a4e): undefined reference to `_kBrotliPrefixCodeRanges'
/usr/ppc-amigaos/SDK/local/clib4/lib/libbrotlidec.a(decode.o):decode.c:(.text+0x5a52): more undefined references to `_kBrotliPrefixCodeRanges' follow
/usr/ppc-amigaos/SDK/local/clib4/lib/libbrotlidec.a(decode.o): In function `DecodeLiteralBlockSwitch':
decode.c:(.text+0x5e26): undefined reference to `_kBrotliContextLookupTable'
decode.c:(.text+0x5e2a): undefined reference to `_kBrotliContextLookupTable'
/usr/ppc-amigaos/SDK/local/clib4/lib/libbrotlidec.a(decode.o): In function `SafeDecodeLiteralBlockSwitch':
decode.c:(.text+0x637e): undefined reference to `_kBrotliPrefixCodeRanges'
decode.c:(.text+0x6382): undefined reference to `_kBrotliPrefixCodeRanges'
decode.c:(.text+0x63a2): undefined reference to `_kBrotliPrefixCodeRanges'
decode.c:(.text+0x63a6): undefined reference to `_kBrotliPrefixCodeRanges'
decode.c:(.text+0x6dfe): undefined reference to `_kBrotliPrefixCodeRanges'
/usr/ppc-amigaos/SDK/local/clib4/lib/libbrotlidec.a(decode.o):decode.c:(.text+0x6e02): more undefined references to `_kBrotliPrefixCodeRanges' follow
/usr/ppc-amigaos/SDK/local/clib4/lib/libbrotlidec.a(decode.o): In function `SafeDecodeLiteralBlockSwitch':
decode.c:(.text+0x71de): undefined reference to `_kBrotliContextLookupTable'
decode.c:(.text+0x71e2): undefined reference to `_kBrotliContextLookupTable'
/usr/ppc-amigaos/SDK/local/clib4/lib/libbrotlidec.a(decode.o): In function `DecodeCommandBlockSwitch':
decode.c:(.text+0x7732): undefined reference to `_kBrotliPrefixCodeRanges'
decode.c:(.text+0x7736): undefined reference to `_kBrotliPrefixCodeRanges'
decode.c:(.text+0x7756): undefined reference to `_kBrotliPrefixCodeRanges'
decode.c:(.text+0x775a): undefined reference to `_kBrotliPrefixCodeRanges'
decode.c:(.text+0x81b2): undefined reference to `_kBrotliPrefixCodeRanges'
/usr/ppc-amigaos/SDK/local/clib4/lib/libbrotlidec.a(decode.o):decode.c:(.text+0x81b6): more undefined references to `_kBrotliPrefixCodeRanges' follow
/usr/ppc-amigaos/SDK/local/clib4/lib/libbrotlidec.a(decode.o): In function `BrotliDecoderAttachDictionary':
decode.c:(.text+0xd0d4): undefined reference to `BrotliSharedDictionaryAttach'
/usr/ppc-amigaos/SDK/local/clib4/lib/libbrotlidec.a(decode.o): In function `ProcessCommands':
decode.c:(.text+0x133e8): undefined reference to `BrotliTransformDictionaryWord'
/usr/ppc-amigaos/SDK/local/clib4/lib/libbrotlidec.a(decode.o): In function `SafeProcessCommands':
decode.c:(.text+0x194d8): undefined reference to `BrotliTransformDictionaryWord'
/usr/ppc-amigaos/SDK/local/clib4/lib/libbrotlidec.a(decode.o): In function `BrotliDecoderDecompressStream':
decode.c:(.text+0x1a7b2): undefined reference to `_kBrotliPrefixCodeRanges'
decode.c:(.text+0x1a7b6): undefined reference to `_kBrotliPrefixCodeRanges'
decode.c:(.text+0x1a7d6): undefined reference to `_kBrotliPrefixCodeRanges'
decode.c:(.text+0x1a7da): undefined reference to `_kBrotliPrefixCodeRanges'
decode.c:(.text+0x1b492): undefined reference to `_kBrotliContextLookupTable'
decode.c:(.text+0x1b496): undefined reference to `_kBrotliContextLookupTable'
/usr/ppc-amigaos/SDK/local/clib4/lib/libbrotlidec.a(state.o): In function `BrotliDecoderStateInit':
state.c:(.text+0x36): undefined reference to `BrotliDefaultAllocFunc'
state.c:(.text+0x3a): undefined reference to `BrotliDefaultAllocFunc'
state.c:(.text+0x46): undefined reference to `BrotliDefaultFreeFunc'
state.c:(.text+0x4a): undefined reference to `BrotliDefaultFreeFunc'
state.c:(.text+0x2e8): undefined reference to `BrotliSharedDictionaryCreateInstance'
/usr/ppc-amigaos/SDK/local/clib4/lib/libbrotlidec.a(state.o): In function `BrotliDecoderStateCleanup':
state.c:(.text+0x688): undefined reference to `BrotliSharedDictionaryDestroyInstance'
collect2: error: ld returned 1 exit status
configure:23340: $? = 1
configure: failed program was:
| /* confdefs.h */
| #define PACKAGE_NAME "curl"
| #define PACKAGE_TARNAME "curl"
| #define PACKAGE_VERSION "-"
| #define PACKAGE_STRING "curl -"
| #define PACKAGE_BUGREPORT "a suitable curl mailing list: https://curl.se/mail/"
| #define PACKAGE_URL ""
| #define HAVE_STDIO_H 1
| #define HAVE_STDLIB_H 1
| #define HAVE_STRING_H 1
| #define HAVE_INTTYPES_H 1
| #define HAVE_STDINT_H 1
| #define HAVE_STRINGS_H 1
| #define HAVE_SYS_STAT_H 1
| #define HAVE_SYS_TYPES_H 1
| #define HAVE_UNISTD_H 1
| #define STDC_HEADERS 1
| #define HAVE_STDATOMIC_H 1
| #define HAVE_ATOMIC 1
| #define PACKAGE "curl"
| #define VERSION "-"
| #define OS "powerpc-unknown-amigaos"
| #define HAVE_DLFCN_H 1
| #define LT_OBJDIR ".libs/"
| #define HAVE_LDAP_SSL 1
| #define HAVE_PROTO_BSDSOCKET_H 1
| #define HAVE_SYS_TYPES_H 1
| #define HAVE_SYS_TIME_H 1
| #define HAVE_CLOCK_GETTIME_MONOTONIC 1
| #define HAVE_ZLIB_H 1
| #define HAVE_LIBZ 1
| /* end confdefs.h.  */
| 
| 
| #ifdef __cplusplus
| extern "C"
| #endif
| char BrotliDecoderDecompress ();
| int main (void)
| {
| return BrotliDecoderDecompress ();
|  ;
|  return 0;
| }
configure:23350: result: no
configure:23363: checking for brotli/decode.h
configure:23363: ppc-amigaos-gcc -c -mcrt=clib4 -D__USE_INLINE__ -Werror-implicit-function-declaration -O2 -Wno-system-headers -mcrt=clib4 -D__USE_INLINE__   conftest.c >&5
configure:23363: $? = 0
configure:23363: result: yes
configure:23582: checking for ZSTD_createDStream in -lzstd
configure:23605: ppc-amigaos-gcc -o conftest -mcrt=clib4 -D__USE_INLINE__ -Werror-implicit-function-declaration -O2 -Wno-system-headers -mcrt=clib4 -D__USE_INLINE__    -mcrt=clib4    conftest.c -lzstd    -lz -lpthread -latomic -lauto >&5
/usr/lib/gcc/ppc-amigaos/11.3.0/../../../../ppc-amigaos/bin/ld: cannot find -lzstd
collect2: error: ld returned 1 exit status
configure:23605: $? = 1
configure: failed program was:
| /* confdefs.h */
| #define PACKAGE_NAME "curl"
| #define PACKAGE_TARNAME "curl"
| #define PACKAGE_VERSION "-"
| #define PACKAGE_STRING "curl -"
| #define PACKAGE_BUGREPORT "a suitable curl mailing list: https://curl.se/mail/"
| #define PACKAGE_URL ""
| #define HAVE_STDIO_H 1
| #define HAVE_STDLIB_H 1
| #define HAVE_STRING_H 1
| #define HAVE_INTTYPES_H 1
| #define HAVE_STDINT_H 1
| #define HAVE_STRINGS_H 1
| #define HAVE_SYS_STAT_H 1
| #define HAVE_SYS_TYPES_H 1
| #define HAVE_UNISTD_H 1
| #define STDC_HEADERS 1
| #define HAVE_STDATOMIC_H 1
| #define HAVE_ATOMIC 1
| #define PACKAGE "curl"
| #define VERSION "-"
| #define OS "powerpc-unknown-amigaos"
| #define HAVE_DLFCN_H 1
| #define LT_OBJDIR ".libs/"
| #define HAVE_LDAP_SSL 1
| #define HAVE_PROTO_BSDSOCKET_H 1
| #define HAVE_SYS_TYPES_H 1
| #define HAVE_SYS_TIME_H 1
| #define HAVE_CLOCK_GETTIME_MONOTONIC 1
| #define HAVE_ZLIB_H 1
| #define HAVE_LIBZ 1
| #define HAVE_BROTLI_DECODE_H 1
| #define HAVE_BROTLI 1
| /* end confdefs.h.  */
| 
| 
| #ifdef __cplusplus
| extern "C"
| #endif
| char ZSTD_createDStream ();
| int main (void)
| {
| return ZSTD_createDStream ();
|  ;
|  return 0;
| }
configure:23615: result: no
configure:23628: checking for zstd.h
configure:23628: ppc-amigaos-gcc -c -mcrt=clib4 -D__USE_INLINE__ -Werror-implicit-function-declaration -O2 -Wno-system-headers -mcrt=clib4 -D__USE_INLINE__    conftest.c >&5
conftest.c:63:10: fatal error: zstd.h: No such file or directory
   63 | #include <zstd.h>
      |          ^~~~~~~~
compilation terminated.
configure:23628: $? = 1
configure: failed program was:
| /* confdefs.h */
| #define PACKAGE_NAME "curl"
| #define PACKAGE_TARNAME "curl"
| #define PACKAGE_VERSION "-"
| #define PACKAGE_STRING "curl -"
| #define PACKAGE_BUGREPORT "a suitable curl mailing list: https://curl.se/mail/"
| #define PACKAGE_URL ""
| #define HAVE_STDIO_H 1
| #define HAVE_STDLIB_H 1
| #define HAVE_STRING_H 1
| #define HAVE_INTTYPES_H 1
| #define HAVE_STDINT_H 1
| #define HAVE_STRINGS_H 1
| #define HAVE_SYS_STAT_H 1
| #define HAVE_SYS_TYPES_H 1
| #define HAVE_UNISTD_H 1
| #define STDC_HEADERS 1
| #define HAVE_STDATOMIC_H 1
| #define HAVE_ATOMIC 1
| #define PACKAGE "curl"
| #define VERSION "-"
| #define OS "powerpc-unknown-amigaos"
| #define HAVE_DLFCN_H 1
| #define LT_OBJDIR ".libs/"
| #define HAVE_LDAP_SSL 1
| #define HAVE_PROTO_BSDSOCKET_H 1
| #define HAVE_SYS_TYPES_H 1
| #define HAVE_SYS_TIME_H 1
| #define HAVE_CLOCK_GETTIME_MONOTONIC 1
| #define HAVE_ZLIB_H 1
| #define HAVE_LIBZ 1
| #define HAVE_BROTLI_DECODE_H 1
| #define HAVE_BROTLI 1
| /* end confdefs.h.  */
| #include <stddef.h>
| #ifdef HAVE_STDIO_H
| # include <stdio.h>
| #endif
| #ifdef HAVE_STDLIB_H
| # include <stdlib.h>
| #endif
| #ifdef HAVE_STRING_H
| # include <string.h>
| #endif
| #ifdef HAVE_INTTYPES_H
| # include <inttypes.h>
| #endif
| #ifdef HAVE_STDINT_H
| # include <stdint.h>
| #endif
| #ifdef HAVE_STRINGS_H
| # include <strings.h>
| #endif
| #ifdef HAVE_SYS_TYPES_H
| # include <sys/types.h>
| #endif
| #ifdef HAVE_SYS_STAT_H
| # include <sys/stat.h>
| #endif
| #ifdef HAVE_UNISTD_H
| # include <unistd.h>
| #endif
| #include <zstd.h>
configure:23628: result: no
configure:23688: checking for lber.h
configure:23727: ppc-amigaos-gcc -c -mcrt=clib4 -D__USE_INLINE__ -Werror-implicit-function-declaration -O2 -Wno-system-headers -mcrt=clib4 -D__USE_INLINE__   conftest.c >&5
conftest.c:51:10: fatal error: lber.h: No such file or directory
   51 | #include <lber.h>
      |          ^~~~~~~~
compilation terminated.
configure:23727: $? = 1
configure: failed program was:
| /* confdefs.h */
| #define PACKAGE_NAME "curl"
| #define PACKAGE_TARNAME "curl"
| #define PACKAGE_VERSION "-"
| #define PACKAGE_STRING "curl -"
| #define PACKAGE_BUGREPORT "a suitable curl mailing list: https://curl.se/mail/"
| #define PACKAGE_URL ""
| #define HAVE_STDIO_H 1
| #define HAVE_STDLIB_H 1
| #define HAVE_STRING_H 1
| #define HAVE_INTTYPES_H 1
| #define HAVE_STDINT_H 1
| #define HAVE_STRINGS_H 1
| #define HAVE_SYS_STAT_H 1
| #define HAVE_SYS_TYPES_H 1
| #define HAVE_UNISTD_H 1
| #define STDC_HEADERS 1
| #define HAVE_STDATOMIC_H 1
| #define HAVE_ATOMIC 1
| #define PACKAGE "curl"
| #define VERSION "-"
| #define OS "powerpc-unknown-amigaos"
| #define HAVE_DLFCN_H 1
| #define LT_OBJDIR ".libs/"
| #define HAVE_LDAP_SSL 1
| #define HAVE_PROTO_BSDSOCKET_H 1
| #define HAVE_SYS_TYPES_H 1
| #define HAVE_SYS_TIME_H 1
| #define HAVE_CLOCK_GETTIME_MONOTONIC 1
| #define HAVE_ZLIB_H 1
| #define HAVE_LIBZ 1
| #define HAVE_BROTLI_DECODE_H 1
| #define HAVE_BROTLI 1
| /* end confdefs.h.  */
| 
| 
| #undef inline
| #ifdef HAVE_WINDOWS_H
| #ifndef WIN32_LEAN_AND_MEAN
| #define WIN32_LEAN_AND_MEAN
| #endif
| #include <windows.h>
| #else
| #ifdef HAVE_SYS_TYPES_H
| #include <sys/types.h>
| #endif
| #endif
| #ifndef NULL
| #define NULL (void *)0
| #endif
| #include <lber.h>
| 
| int main (void)
| {
| 
|         BerValue *bvp = NULL;
|         BerElement *bep = ber_init(bvp);
|         ber_free(bep, 1);
| 
|  ;
|  return 0;
| }
| 
configure:23740: result: no
configure:23804: checking for ldap.h
configure:23845: ppc-amigaos-gcc -c -mcrt=clib4 -D__USE_INLINE__ -Werror-implicit-function-declaration -O2 -Wno-system-headers -mcrt=clib4 -D__USE_INLINE__   conftest.c >&5
conftest.c:54:10: fatal error: ldap.h: No such file or directory
   54 | #include <ldap.h>
      |          ^~~~~~~~
compilation terminated.
configure:23845: $? = 1
configure: failed program was:
| /* confdefs.h */
| #define PACKAGE_NAME "curl"
| #define PACKAGE_TARNAME "curl"
| #define PACKAGE_VERSION "-"
| #define PACKAGE_STRING "curl -"
| #define PACKAGE_BUGREPORT "a suitable curl mailing list: https://curl.se/mail/"
| #define PACKAGE_URL ""
| #define HAVE_STDIO_H 1
| #define HAVE_STDLIB_H 1
| #define HAVE_STRING_H 1
| #define HAVE_INTTYPES_H 1
| #define HAVE_STDINT_H 1
| #define HAVE_STRINGS_H 1
| #define HAVE_SYS_STAT_H 1
| #define HAVE_SYS_TYPES_H 1
| #define HAVE_UNISTD_H 1
| #define STDC_HEADERS 1
| #define HAVE_STDATOMIC_H 1
| #define HAVE_ATOMIC 1
| #define PACKAGE "curl"
| #define VERSION "-"
| #define OS "powerpc-unknown-amigaos"
| #define HAVE_DLFCN_H 1
| #define LT_OBJDIR ".libs/"
| #define HAVE_LDAP_SSL 1
| #define HAVE_PROTO_BSDSOCKET_H 1
| #define HAVE_SYS_TYPES_H 1
| #define HAVE_SYS_TIME_H 1
| #define HAVE_CLOCK_GETTIME_MONOTONIC 1
| #define HAVE_ZLIB_H 1
| #define HAVE_LIBZ 1
| #define HAVE_BROTLI_DECODE_H 1
| #define HAVE_BROTLI 1
| /* end confdefs.h.  */
| 
| 
| #undef inline
| #ifdef HAVE_WINDOWS_H
| #ifndef WIN32_LEAN_AND_MEAN
| #define WIN32_LEAN_AND_MEAN
| #endif
| #include <windows.h>
| #else
| #ifdef HAVE_SYS_TYPES_H
| #include <sys/types.h>
| #endif
| #endif
| #ifndef LDAP_DEPRECATED
| #define LDAP_DEPRECATED 1
| #endif
| #ifdef NEED_LBER_H
| #include <lber.h>
| #endif
| #include <ldap.h>
| 
| int main (void)
| {
| 
|         LDAP *ldp = ldap_init("dummy", LDAP_PORT);
|         int res = ldap_unbind(ldp);
| 
|  ;
|  return 0;
| }
| 
configure:23858: result: no
configure:23869: checking for ldap_ssl.h
configure:23912: ppc-amigaos-gcc -c -mcrt=clib4 -D__USE_INLINE__ -Werror-implicit-function-declaration -O2 -Wno-system-headers -mcrt=clib4 -D__USE_INLINE__   conftest.c >&5
conftest.c:57:10: fatal error: ldap_ssl.h: No such file or directory
   57 | #include <ldap_ssl.h>
      |          ^~~~~~~~~~~~
compilation terminated.
configure:23912: $? = 1
configure: failed program was:
| /* confdefs.h */
| #define PACKAGE_NAME "curl"
| #define PACKAGE_TARNAME "curl"
| #define PACKAGE_VERSION "-"
| #define PACKAGE_STRING "curl -"
| #define PACKAGE_BUGREPORT "a suitable curl mailing list: https://curl.se/mail/"
| #define PACKAGE_URL ""
| #define HAVE_STDIO_H 1
| #define HAVE_STDLIB_H 1
| #define HAVE_STRING_H 1
| #define HAVE_INTTYPES_H 1
| #define HAVE_STDINT_H 1
| #define HAVE_STRINGS_H 1
| #define HAVE_SYS_STAT_H 1
| #define HAVE_SYS_TYPES_H 1
| #define HAVE_UNISTD_H 1
| #define STDC_HEADERS 1
| #define HAVE_STDATOMIC_H 1
| #define HAVE_ATOMIC 1
| #define PACKAGE "curl"
| #define VERSION "-"
| #define OS "powerpc-unknown-amigaos"
| #define HAVE_DLFCN_H 1
| #define LT_OBJDIR ".libs/"
| #define HAVE_LDAP_SSL 1
| #define HAVE_PROTO_BSDSOCKET_H 1
| #define HAVE_SYS_TYPES_H 1
| #define HAVE_SYS_TIME_H 1
| #define HAVE_CLOCK_GETTIME_MONOTONIC 1
| #define HAVE_ZLIB_H 1
| #define HAVE_LIBZ 1
| #define HAVE_BROTLI_DECODE_H 1
| #define HAVE_BROTLI 1
| /* end confdefs.h.  */
| 
| 
| #undef inline
| #ifdef HAVE_WINDOWS_H
| #ifndef WIN32_LEAN_AND_MEAN
| #define WIN32_LEAN_AND_MEAN
| #endif
| #include <windows.h>
| #else
| #ifdef HAVE_SYS_TYPES_H
| #include <sys/types.h>
| #endif
| #endif
| #ifndef LDAP_DEPRECATED
| #define LDAP_DEPRECATED 1
| #endif
| #ifdef NEED_LBER_H
| #include <lber.h>
| #endif
| #ifdef HAVE_LDAP_H
| #include <ldap.h>
| #endif
| #include <ldap_ssl.h>
| 
| int main (void)
| {
| 
|         LDAP *ldp = ldapssl_init("dummy", LDAPS_PORT, 1);
| 
|  ;
|  return 0;
| }
| 
configure:23925: result: no
configure:24011: checking for LDAP libraries
configure:24077: ppc-amigaos-gcc -o conftest -mcrt=clib4 -D__USE_INLINE__ -Werror-implicit-function-declaration -O2 -Wno-system-headers -mcrt=clib4 -D__USE_INLINE__   -mcrt=clib4   conftest.c  -lz -lpthread -latomic -lauto >&5
conftest.c: In function 'main':
conftest.c:64:11: error: unknown type name 'BerValue'
   64 |           BerValue *bvp = NULL;
      |           ^~~~~~~~
conftest.c:65:11: error: unknown type name 'BerElement'
   65 |           BerElement *bep = ber_init(bvp);
      |           ^~~~~~~~~~
conftest.c:65:29: error: implicit declaration of function 'ber_init' [-Werror=implicit-function-declaration]
   65 |           BerElement *bep = ber_init(bvp);
      |                             ^~~~~~~~
conftest.c:65:29: warning: initialization of 'int *' from 'int' makes pointer from integer without a cast [-Wint-conversion]
conftest.c:66:11: error: unknown type name 'LDAP'
   66 |           LDAP *ldp = ldap_init("dummy", LDAP_PORT);
      |           ^~~~
conftest.c:66:23: error: implicit declaration of function 'ldap_init' [-Werror=implicit-function-declaration]
   66 |           LDAP *ldp = ldap_init("dummy", LDAP_PORT);
      |                       ^~~~~~~~~
conftest.c:66:42: error: 'LDAP_PORT' undeclared (first use in this function)
   66 |           LDAP *ldp = ldap_init("dummy", LDAP_PORT);
      |                                          ^~~~~~~~~
conftest.c:66:42: note: each undeclared identifier is reported only once for each function it appears in
conftest.c:67:21: error: implicit declaration of function 'ldap_unbind' [-Werror=implicit-function-declaration]
   67 |           int res = ldap_unbind(ldp);
      |                     ^~~~~~~~~~~
conftest.c:68:11: error: implicit declaration of function 'ber_free' [-Werror=implicit-function-declaration]
   68 |           ber_free(bep, 1);
      |           ^~~~~~~~
cc1: some warnings being treated as errors
configure:24077: $? = 1
configure: failed program was:
| /* confdefs.h */
| #define PACKAGE_NAME "curl"
| #define PACKAGE_TARNAME "curl"
| #define PACKAGE_VERSION "-"
| #define PACKAGE_STRING "curl -"
| #define PACKAGE_BUGREPORT "a suitable curl mailing list: https://curl.se/mail/"
| #define PACKAGE_URL ""
| #define HAVE_STDIO_H 1
| #define HAVE_STDLIB_H 1
| #define HAVE_STRING_H 1
| #define HAVE_INTTYPES_H 1
| #define HAVE_STDINT_H 1
| #define HAVE_STRINGS_H 1
| #define HAVE_SYS_STAT_H 1
| #define HAVE_SYS_TYPES_H 1
| #define HAVE_UNISTD_H 1
| #define STDC_HEADERS 1
| #define HAVE_STDATOMIC_H 1
| #define HAVE_ATOMIC 1
| #define PACKAGE "curl"
| #define VERSION "-"
| #define OS "powerpc-unknown-amigaos"
| #define HAVE_DLFCN_H 1
| #define LT_OBJDIR ".libs/"
| #define HAVE_LDAP_SSL 1
| #define HAVE_PROTO_BSDSOCKET_H 1
| #define HAVE_SYS_TYPES_H 1
| #define HAVE_SYS_TIME_H 1
| #define HAVE_CLOCK_GETTIME_MONOTONIC 1
| #define HAVE_ZLIB_H 1
| #define HAVE_LIBZ 1
| #define HAVE_BROTLI_DECODE_H 1
| #define HAVE_BROTLI 1
| /* end confdefs.h.  */
| 
| 
| #undef inline
| #ifdef HAVE_WINDOWS_H
| #ifndef WIN32_LEAN_AND_MEAN
| #define WIN32_LEAN_AND_MEAN
| #endif
| #include <windows.h>
| #else
| #ifdef HAVE_SYS_TYPES_H
| #include <sys/types.h>
| #endif
| #endif
| #ifndef NULL
| #define NULL (void *)0
| #endif
| #ifndef LDAP_DEPRECATED
| #define LDAP_DEPRECATED 1
| #endif
| #ifdef NEED_LBER_H
| #include <lber.h>
| #endif
| #ifdef HAVE_LDAP_H
| #include <ldap.h>
| #endif
| 
| int main (void)
| {
| 
|           BerValue *bvp = NULL;
|           BerElement *bep = ber_init(bvp);
|           LDAP *ldp = ldap_init("dummy", LDAP_PORT);
|           int res = ldap_unbind(ldp);
|           ber_free(bep, 1);
| 
|  ;
|  return 0;
| }
| 
configure:24077: ppc-amigaos-gcc -o conftest -mcrt=clib4 -D__USE_INLINE__ -Werror-implicit-function-declaration -O2 -Wno-system-headers -mcrt=clib4 -D__USE_INLINE__   -mcrt=clib4   conftest.c  -lz -lpthread -latomic -lauto >&5
conftest.c: In function 'main':
conftest.c:64:11: error: unknown type name 'BerValue'
   64 |           BerValue *bvp = NULL;
      |           ^~~~~~~~
conftest.c:65:11: error: unknown type name 'BerElement'
   65 |           BerElement *bep = ber_init(bvp);
      |           ^~~~~~~~~~
conftest.c:65:29: error: implicit declaration of function 'ber_init' [-Werror=implicit-function-declaration]
   65 |           BerElement *bep = ber_init(bvp);
      |                             ^~~~~~~~
conftest.c:65:29: warning: initialization of 'int *' from 'int' makes pointer from integer without a cast [-Wint-conversion]
conftest.c:66:11: error: unknown type name 'LDAP'
   66 |           LDAP *ldp = ldap_init("dummy", LDAP_PORT);
      |           ^~~~
conftest.c:66:23: error: implicit declaration of function 'ldap_init' [-Werror=implicit-function-declaration]
   66 |           LDAP *ldp = ldap_init("dummy", LDAP_PORT);
      |                       ^~~~~~~~~
conftest.c:66:42: error: 'LDAP_PORT' undeclared (first use in this function)
   66 |           LDAP *ldp = ldap_init("dummy", LDAP_PORT);
      |                                          ^~~~~~~~~
conftest.c:66:42: note: each undeclared identifier is reported only once for each function it appears in
conftest.c:67:21: error: implicit declaration of function 'ldap_unbind' [-Werror=implicit-function-declaration]
   67 |           int res = ldap_unbind(ldp);
      |                     ^~~~~~~~~~~
conftest.c:68:11: error: implicit declaration of function 'ber_free' [-Werror=implicit-function-declaration]
   68 |           ber_free(bep, 1);
      |           ^~~~~~~~
cc1: some warnings being treated as errors
configure:24077: $? = 1
configure: failed program was:
| /* confdefs.h */
| #define PACKAGE_NAME "curl"
| #define PACKAGE_TARNAME "curl"
| #define PACKAGE_VERSION "-"
| #define PACKAGE_STRING "curl -"
| #define PACKAGE_BUGREPORT "a suitable curl mailing list: https://curl.se/mail/"
| #define PACKAGE_URL ""
| #define HAVE_STDIO_H 1
| #define HAVE_STDLIB_H 1
| #define HAVE_STRING_H 1
| #define HAVE_INTTYPES_H 1
| #define HAVE_STDINT_H 1
| #define HAVE_STRINGS_H 1
| #define HAVE_SYS_STAT_H 1
| #define HAVE_SYS_TYPES_H 1
| #define HAVE_UNISTD_H 1
| #define STDC_HEADERS 1
| #define HAVE_STDATOMIC_H 1
| #define HAVE_ATOMIC 1
| #define PACKAGE "curl"
| #define VERSION "-"
| #define OS "powerpc-unknown-amigaos"
| #define HAVE_DLFCN_H 1
| #define LT_OBJDIR ".libs/"
| #define HAVE_LDAP_SSL 1
| #define HAVE_PROTO_BSDSOCKET_H 1
| #define HAVE_SYS_TYPES_H 1
| #define HAVE_SYS_TIME_H 1
| #define HAVE_CLOCK_GETTIME_MONOTONIC 1
| #define HAVE_ZLIB_H 1
| #define HAVE_LIBZ 1
| #define HAVE_BROTLI_DECODE_H 1
| #define HAVE_BROTLI 1
| /* end confdefs.h.  */
| 
| 
| #undef inline
| #ifdef HAVE_WINDOWS_H
| #ifndef WIN32_LEAN_AND_MEAN
| #define WIN32_LEAN_AND_MEAN
| #endif
| #include <windows.h>
| #else
| #ifdef HAVE_SYS_TYPES_H
| #include <sys/types.h>
| #endif
| #endif
| #ifndef NULL
| #define NULL (void *)0
| #endif
| #ifndef LDAP_DEPRECATED
| #define LDAP_DEPRECATED 1
| #endif
| #ifdef NEED_LBER_H
| #include <lber.h>
| #endif
| #ifdef HAVE_LDAP_H
| #include <ldap.h>
| #endif
| 
| int main (void)
| {
| 
|           BerValue *bvp = NULL;
|           BerElement *bep = ber_init(bvp);
|           LDAP *ldp = ldap_init("dummy", LDAP_PORT);
|           int res = ldap_unbind(ldp);
|           ber_free(bep, 1);
| 
|  ;
|  return 0;
| }
| 
configure:24077: ppc-amigaos-gcc -o conftest -mcrt=clib4 -D__USE_INLINE__ -Werror-implicit-function-declaration -O2 -Wno-system-headers -mcrt=clib4 -D__USE_INLINE__   -mcrt=clib4   conftest.c -lldap  -lz -lpthread -latomic -lauto >&5
conftest.c: In function 'main':
conftest.c:64:11: error: unknown type name 'BerValue'
   64 |           BerValue *bvp = NULL;
      |           ^~~~~~~~
conftest.c:65:11: error: unknown type name 'BerElement'
   65 |           BerElement *bep = ber_init(bvp);
      |           ^~~~~~~~~~
conftest.c:65:29: error: implicit declaration of function 'ber_init' [-Werror=implicit-function-declaration]
   65 |           BerElement *bep = ber_init(bvp);
      |                             ^~~~~~~~
conftest.c:65:29: warning: initialization of 'int *' from 'int' makes pointer from integer without a cast [-Wint-conversion]
conftest.c:66:11: error: unknown type name 'LDAP'
   66 |           LDAP *ldp = ldap_init("dummy", LDAP_PORT);
      |           ^~~~
conftest.c:66:23: error: implicit declaration of function 'ldap_init' [-Werror=implicit-function-declaration]
   66 |           LDAP *ldp = ldap_init("dummy", LDAP_PORT);
      |                       ^~~~~~~~~
conftest.c:66:42: error: 'LDAP_PORT' undeclared (first use in this function)
   66 |           LDAP *ldp = ldap_init("dummy", LDAP_PORT);
      |                                          ^~~~~~~~~
conftest.c:66:42: note: each undeclared identifier is reported only once for each function it appears in
conftest.c:67:21: error: implicit declaration of function 'ldap_unbind' [-Werror=implicit-function-declaration]
   67 |           int res = ldap_unbind(ldp);
      |                     ^~~~~~~~~~~
conftest.c:68:11: error: implicit declaration of function 'ber_free' [-Werror=implicit-function-declaration]
   68 |           ber_free(bep, 1);
      |           ^~~~~~~~
cc1: some warnings being treated as errors
configure:24077: $? = 1
configure: failed program was:
| /* confdefs.h */
| #define PACKAGE_NAME "curl"
| #define PACKAGE_TARNAME "curl"
| #define PACKAGE_VERSION "-"
| #define PACKAGE_STRING "curl -"
| #define PACKAGE_BUGREPORT "a suitable curl mailing list: https://curl.se/mail/"
| #define PACKAGE_URL ""
| #define HAVE_STDIO_H 1
| #define HAVE_STDLIB_H 1
| #define HAVE_STRING_H 1
| #define HAVE_INTTYPES_H 1
| #define HAVE_STDINT_H 1
| #define HAVE_STRINGS_H 1
| #define HAVE_SYS_STAT_H 1
| #define HAVE_SYS_TYPES_H 1
| #define HAVE_UNISTD_H 1
| #define STDC_HEADERS 1
| #define HAVE_STDATOMIC_H 1
| #define HAVE_ATOMIC 1
| #define PACKAGE "curl"
| #define VERSION "-"
| #define OS "powerpc-unknown-amigaos"
| #define HAVE_DLFCN_H 1
| #define LT_OBJDIR ".libs/"
| #define HAVE_LDAP_SSL 1
| #define HAVE_PROTO_BSDSOCKET_H 1
| #define HAVE_SYS_TYPES_H 1
| #define HAVE_SYS_TIME_H 1
| #define HAVE_CLOCK_GETTIME_MONOTONIC 1
| #define HAVE_ZLIB_H 1
| #define HAVE_LIBZ 1
| #define HAVE_BROTLI_DECODE_H 1
| #define HAVE_BROTLI 1
| /* end confdefs.h.  */
| 
| 
| #undef inline
| #ifdef HAVE_WINDOWS_H
| #ifndef WIN32_LEAN_AND_MEAN
| #define WIN32_LEAN_AND_MEAN
| #endif
| #include <windows.h>
| #else
| #ifdef HAVE_SYS_TYPES_H
| #include <sys/types.h>
| #endif
| #endif
| #ifndef NULL
| #define NULL (void *)0
| #endif
| #ifndef LDAP_DEPRECATED
| #define LDAP_DEPRECATED 1
| #endif
| #ifdef NEED_LBER_H
| #include <lber.h>
| #endif
| #ifdef HAVE_LDAP_H
| #include <ldap.h>
| #endif
| 
| int main (void)
| {
| 
|           BerValue *bvp = NULL;
|           BerElement *bep = ber_init(bvp);
|           LDAP *ldp = ldap_init("dummy", LDAP_PORT);
|           int res = ldap_unbind(ldp);
|           ber_free(bep, 1);
| 
|  ;
|  return 0;
| }
| 
configure:24077: ppc-amigaos-gcc -o conftest -mcrt=clib4 -D__USE_INLINE__ -Werror-implicit-function-declaration -O2 -Wno-system-headers -mcrt=clib4 -D__USE_INLINE__   -mcrt=clib4   conftest.c -lldap -llber  -lz -lpthread -latomic -lauto >&5
conftest.c: In function 'main':
conftest.c:64:11: error: unknown type name 'BerValue'
   64 |           BerValue *bvp = NULL;
      |           ^~~~~~~~
conftest.c:65:11: error: unknown type name 'BerElement'
   65 |           BerElement *bep = ber_init(bvp);
      |           ^~~~~~~~~~
conftest.c:65:29: error: implicit declaration of function 'ber_init' [-Werror=implicit-function-declaration]
   65 |           BerElement *bep = ber_init(bvp);
      |                             ^~~~~~~~
conftest.c:65:29: warning: initialization of 'int *' from 'int' makes pointer from integer without a cast [-Wint-conversion]
conftest.c:66:11: error: unknown type name 'LDAP'
   66 |           LDAP *ldp = ldap_init("dummy", LDAP_PORT);
      |           ^~~~
conftest.c:66:23: error: implicit declaration of function 'ldap_init' [-Werror=implicit-function-declaration]
   66 |           LDAP *ldp = ldap_init("dummy", LDAP_PORT);
      |                       ^~~~~~~~~
conftest.c:66:42: error: 'LDAP_PORT' undeclared (first use in this function)
   66 |           LDAP *ldp = ldap_init("dummy", LDAP_PORT);
      |                                          ^~~~~~~~~
conftest.c:66:42: note: each undeclared identifier is reported only once for each function it appears in
conftest.c:67:21: error: implicit declaration of function 'ldap_unbind' [-Werror=implicit-function-declaration]
   67 |           int res = ldap_unbind(ldp);
      |                     ^~~~~~~~~~~
conftest.c:68:11: error: implicit declaration of function 'ber_free' [-Werror=implicit-function-declaration]
   68 |           ber_free(bep, 1);
      |           ^~~~~~~~
cc1: some warnings being treated as errors
configure:24077: $? = 1
configure: failed program was:
| /* confdefs.h */
| #define PACKAGE_NAME "curl"
| #define PACKAGE_TARNAME "curl"
| #define PACKAGE_VERSION "-"
| #define PACKAGE_STRING "curl -"
| #define PACKAGE_BUGREPORT "a suitable curl mailing list: https://curl.se/mail/"
| #define PACKAGE_URL ""
| #define HAVE_STDIO_H 1
| #define HAVE_STDLIB_H 1
| #define HAVE_STRING_H 1
| #define HAVE_INTTYPES_H 1
| #define HAVE_STDINT_H 1
| #define HAVE_STRINGS_H 1
| #define HAVE_SYS_STAT_H 1
| #define HAVE_SYS_TYPES_H 1
| #define HAVE_UNISTD_H 1
| #define STDC_HEADERS 1
| #define HAVE_STDATOMIC_H 1
| #define HAVE_ATOMIC 1
| #define PACKAGE "curl"
| #define VERSION "-"
| #define OS "powerpc-unknown-amigaos"
| #define HAVE_DLFCN_H 1
| #define LT_OBJDIR ".libs/"
| #define HAVE_LDAP_SSL 1
| #define HAVE_PROTO_BSDSOCKET_H 1
| #define HAVE_SYS_TYPES_H 1
| #define HAVE_SYS_TIME_H 1
| #define HAVE_CLOCK_GETTIME_MONOTONIC 1
| #define HAVE_ZLIB_H 1
| #define HAVE_LIBZ 1
| #define HAVE_BROTLI_DECODE_H 1
| #define HAVE_BROTLI 1
| /* end confdefs.h.  */
| 
| 
| #undef inline
| #ifdef HAVE_WINDOWS_H
| #ifndef WIN32_LEAN_AND_MEAN
| #define WIN32_LEAN_AND_MEAN
| #endif
| #include <windows.h>
| #else
| #ifdef HAVE_SYS_TYPES_H
| #include <sys/types.h>
| #endif
| #endif
| #ifndef NULL
| #define NULL (void *)0
| #endif
| #ifndef LDAP_DEPRECATED
| #define LDAP_DEPRECATED 1
| #endif
| #ifdef NEED_LBER_H
| #include <lber.h>
| #endif
| #ifdef HAVE_LDAP_H
| #include <ldap.h>
| #endif
| 
| int main (void)
| {
| 
|           BerValue *bvp = NULL;
|           BerElement *bep = ber_init(bvp);
|           LDAP *ldp = ldap_init("dummy", LDAP_PORT);
|           int res = ldap_unbind(ldp);
|           ber_free(bep, 1);
| 
|  ;
|  return 0;
| }
| 
configure:24077: ppc-amigaos-gcc -o conftest -mcrt=clib4 -D__USE_INLINE__ -Werror-implicit-function-declaration -O2 -Wno-system-headers -mcrt=clib4 -D__USE_INLINE__   -mcrt=clib4   conftest.c -llber -lldap  -lz -lpthread -latomic -lauto >&5
conftest.c: In function 'main':
conftest.c:64:11: error: unknown type name 'BerValue'
   64 |           BerValue *bvp = NULL;
      |           ^~~~~~~~
conftest.c:65:11: error: unknown type name 'BerElement'
   65 |           BerElement *bep = ber_init(bvp);
      |           ^~~~~~~~~~
conftest.c:65:29: error: implicit declaration of function 'ber_init' [-Werror=implicit-function-declaration]
   65 |           BerElement *bep = ber_init(bvp);
      |                             ^~~~~~~~
conftest.c:65:29: warning: initialization of 'int *' from 'int' makes pointer from integer without a cast [-Wint-conversion]
conftest.c:66:11: error: unknown type name 'LDAP'
   66 |           LDAP *ldp = ldap_init("dummy", LDAP_PORT);
      |           ^~~~
conftest.c:66:23: error: implicit declaration of function 'ldap_init' [-Werror=implicit-function-declaration]
   66 |           LDAP *ldp = ldap_init("dummy", LDAP_PORT);
      |                       ^~~~~~~~~
conftest.c:66:42: error: 'LDAP_PORT' undeclared (first use in this function)
   66 |           LDAP *ldp = ldap_init("dummy", LDAP_PORT);
      |                                          ^~~~~~~~~
conftest.c:66:42: note: each undeclared identifier is reported only once for each function it appears in
conftest.c:67:21: error: implicit declaration of function 'ldap_unbind' [-Werror=implicit-function-declaration]
   67 |           int res = ldap_unbind(ldp);
      |                     ^~~~~~~~~~~
conftest.c:68:11: error: implicit declaration of function 'ber_free' [-Werror=implicit-function-declaration]
   68 |           ber_free(bep, 1);
      |           ^~~~~~~~
cc1: some warnings being treated as errors
configure:24077: $? = 1
configure: failed program was:
| /* confdefs.h */
| #define PACKAGE_NAME "curl"
| #define PACKAGE_TARNAME "curl"
| #define PACKAGE_VERSION "-"
| #define PACKAGE_STRING "curl -"
| #define PACKAGE_BUGREPORT "a suitable curl mailing list: https://curl.se/mail/"
| #define PACKAGE_URL ""
| #define HAVE_STDIO_H 1
| #define HAVE_STDLIB_H 1
| #define HAVE_STRING_H 1
| #define HAVE_INTTYPES_H 1
| #define HAVE_STDINT_H 1
| #define HAVE_STRINGS_H 1
| #define HAVE_SYS_STAT_H 1
| #define HAVE_SYS_TYPES_H 1
| #define HAVE_UNISTD_H 1
| #define STDC_HEADERS 1
| #define HAVE_STDATOMIC_H 1
| #define HAVE_ATOMIC 1
| #define PACKAGE "curl"
| #define VERSION "-"
| #define OS "powerpc-unknown-amigaos"
| #define HAVE_DLFCN_H 1
| #define LT_OBJDIR ".libs/"
| #define HAVE_LDAP_SSL 1
| #define HAVE_PROTO_BSDSOCKET_H 1
| #define HAVE_SYS_TYPES_H 1
| #define HAVE_SYS_TIME_H 1
| #define HAVE_CLOCK_GETTIME_MONOTONIC 1
| #define HAVE_ZLIB_H 1
| #define HAVE_LIBZ 1
| #define HAVE_BROTLI_DECODE_H 1
| #define HAVE_BROTLI 1
| /* end confdefs.h.  */
| 
| 
| #undef inline
| #ifdef HAVE_WINDOWS_H
| #ifndef WIN32_LEAN_AND_MEAN
| #define WIN32_LEAN_AND_MEAN
| #endif
| #include <windows.h>
| #else
| #ifdef HAVE_SYS_TYPES_H
| #include <sys/types.h>
| #endif
| #endif
| #ifndef NULL
| #define NULL (void *)0
| #endif
| #ifndef LDAP_DEPRECATED
| #define LDAP_DEPRECATED 1
| #endif
| #ifdef NEED_LBER_H
| #include <lber.h>
| #endif
| #ifdef HAVE_LDAP_H
| #include <ldap.h>
| #endif
| 
| int main (void)
| {
| 
|           BerValue *bvp = NULL;
|           BerElement *bep = ber_init(bvp);
|           LDAP *ldp = ldap_init("dummy", LDAP_PORT);
|           int res = ldap_unbind(ldp);
|           ber_free(bep, 1);
| 
|  ;
|  return 0;
| }
| 
configure:24077: ppc-amigaos-gcc -o conftest -mcrt=clib4 -D__USE_INLINE__ -Werror-implicit-function-declaration -O2 -Wno-system-headers -mcrt=clib4 -D__USE_INLINE__   -mcrt=clib4   conftest.c -lldapssl -lldapx -lldapsdk  -lz -lpthread -latomic -lauto >&5
conftest.c: In function 'main':
conftest.c:64:11: error: unknown type name 'BerValue'
   64 |           BerValue *bvp = NULL;
      |           ^~~~~~~~
conftest.c:65:11: error: unknown type name 'BerElement'
   65 |           BerElement *bep = ber_init(bvp);
      |           ^~~~~~~~~~
conftest.c:65:29: error: implicit declaration of function 'ber_init' [-Werror=implicit-function-declaration]
   65 |           BerElement *bep = ber_init(bvp);
      |                             ^~~~~~~~
conftest.c:65:29: warning: initialization of 'int *' from 'int' makes pointer from integer without a cast [-Wint-conversion]
conftest.c:66:11: error: unknown type name 'LDAP'
   66 |           LDAP *ldp = ldap_init("dummy", LDAP_PORT);
      |           ^~~~
conftest.c:66:23: error: implicit declaration of function 'ldap_init' [-Werror=implicit-function-declaration]
   66 |           LDAP *ldp = ldap_init("dummy", LDAP_PORT);
      |                       ^~~~~~~~~
conftest.c:66:42: error: 'LDAP_PORT' undeclared (first use in this function)
   66 |           LDAP *ldp = ldap_init("dummy", LDAP_PORT);
      |                                          ^~~~~~~~~
conftest.c:66:42: note: each undeclared identifier is reported only once for each function it appears in
conftest.c:67:21: error: implicit declaration of function 'ldap_unbind' [-Werror=implicit-function-declaration]
   67 |           int res = ldap_unbind(ldp);
      |                     ^~~~~~~~~~~
conftest.c:68:11: error: implicit declaration of function 'ber_free' [-Werror=implicit-function-declaration]
   68 |           ber_free(bep, 1);
      |           ^~~~~~~~
cc1: some warnings being treated as errors
configure:24077: $? = 1
configure: failed program was:
| /* confdefs.h */
| #define PACKAGE_NAME "curl"
| #define PACKAGE_TARNAME "curl"
| #define PACKAGE_VERSION "-"
| #define PACKAGE_STRING "curl -"
| #define PACKAGE_BUGREPORT "a suitable curl mailing list: https://curl.se/mail/"
| #define PACKAGE_URL ""
| #define HAVE_STDIO_H 1
| #define HAVE_STDLIB_H 1
| #define HAVE_STRING_H 1
| #define HAVE_INTTYPES_H 1
| #define HAVE_STDINT_H 1
| #define HAVE_STRINGS_H 1
| #define HAVE_SYS_STAT_H 1
| #define HAVE_SYS_TYPES_H 1
| #define HAVE_UNISTD_H 1
| #define STDC_HEADERS 1
| #define HAVE_STDATOMIC_H 1
| #define HAVE_ATOMIC 1
| #define PACKAGE "curl"
| #define VERSION "-"
| #define OS "powerpc-unknown-amigaos"
| #define HAVE_DLFCN_H 1
| #define LT_OBJDIR ".libs/"
| #define HAVE_LDAP_SSL 1
| #define HAVE_PROTO_BSDSOCKET_H 1
| #define HAVE_SYS_TYPES_H 1
| #define HAVE_SYS_TIME_H 1
| #define HAVE_CLOCK_GETTIME_MONOTONIC 1
| #define HAVE_ZLIB_H 1
| #define HAVE_LIBZ 1
| #define HAVE_BROTLI_DECODE_H 1
| #define HAVE_BROTLI 1
| /* end confdefs.h.  */
| 
| 
| #undef inline
| #ifdef HAVE_WINDOWS_H
| #ifndef WIN32_LEAN_AND_MEAN
| #define WIN32_LEAN_AND_MEAN
| #endif
| #include <windows.h>
| #else
| #ifdef HAVE_SYS_TYPES_H
| #include <sys/types.h>
| #endif
| #endif
| #ifndef NULL
| #define NULL (void *)0
| #endif
| #ifndef LDAP_DEPRECATED
| #define LDAP_DEPRECATED 1
| #endif
| #ifdef NEED_LBER_H
| #include <lber.h>
| #endif
| #ifdef HAVE_LDAP_H
| #include <ldap.h>
| #endif
| 
| int main (void)
| {
| 
|           BerValue *bvp = NULL;
|           BerElement *bep = ber_init(bvp);
|           LDAP *ldp = ldap_init("dummy", LDAP_PORT);
|           int res = ldap_unbind(ldp);
|           ber_free(bep, 1);
| 
|  ;
|  return 0;
| }
| 
configure:24077: ppc-amigaos-gcc -o conftest -mcrt=clib4 -D__USE_INLINE__ -Werror-implicit-function-declaration -O2 -Wno-system-headers -mcrt=clib4 -D__USE_INLINE__   -mcrt=clib4   conftest.c -lldapsdk -lldapx -lldapssl  -lz -lpthread -latomic -lauto >&5
conftest.c: In function 'main':
conftest.c:64:11: error: unknown type name 'BerValue'
   64 |           BerValue *bvp = NULL;
      |           ^~~~~~~~
conftest.c:65:11: error: unknown type name 'BerElement'
   65 |           BerElement *bep = ber_init(bvp);
      |           ^~~~~~~~~~
conftest.c:65:29: error: implicit declaration of function 'ber_init' [-Werror=implicit-function-declaration]
   65 |           BerElement *bep = ber_init(bvp);
      |                             ^~~~~~~~
conftest.c:65:29: warning: initialization of 'int *' from 'int' makes pointer from integer without a cast [-Wint-conversion]
conftest.c:66:11: error: unknown type name 'LDAP'
   66 |           LDAP *ldp = ldap_init("dummy", LDAP_PORT);
      |           ^~~~
conftest.c:66:23: error: implicit declaration of function 'ldap_init' [-Werror=implicit-function-declaration]
   66 |           LDAP *ldp = ldap_init("dummy", LDAP_PORT);
      |                       ^~~~~~~~~
conftest.c:66:42: error: 'LDAP_PORT' undeclared (first use in this function)
   66 |           LDAP *ldp = ldap_init("dummy", LDAP_PORT);
      |                                          ^~~~~~~~~
conftest.c:66:42: note: each undeclared identifier is reported only once for each function it appears in
conftest.c:67:21: error: implicit declaration of function 'ldap_unbind' [-Werror=implicit-function-declaration]
   67 |           int res = ldap_unbind(ldp);
      |                     ^~~~~~~~~~~
conftest.c:68:11: error: implicit declaration of function 'ber_free' [-Werror=implicit-function-declaration]
   68 |           ber_free(bep, 1);
      |           ^~~~~~~~
cc1: some warnings being treated as errors
configure:24077: $? = 1
configure: failed program was:
| /* confdefs.h */
| #define PACKAGE_NAME "curl"
| #define PACKAGE_TARNAME "curl"
| #define PACKAGE_VERSION "-"
| #define PACKAGE_STRING "curl -"
| #define PACKAGE_BUGREPORT "a suitable curl mailing list: https://curl.se/mail/"
| #define PACKAGE_URL ""
| #define HAVE_STDIO_H 1
| #define HAVE_STDLIB_H 1
| #define HAVE_STRING_H 1
| #define HAVE_INTTYPES_H 1
| #define HAVE_STDINT_H 1
| #define HAVE_STRINGS_H 1
| #define HAVE_SYS_STAT_H 1
| #define HAVE_SYS_TYPES_H 1
| #define HAVE_UNISTD_H 1
| #define STDC_HEADERS 1
| #define HAVE_STDATOMIC_H 1
| #define HAVE_ATOMIC 1
| #define PACKAGE "curl"
| #define VERSION "-"
| #define OS "powerpc-unknown-amigaos"
| #define HAVE_DLFCN_H 1
| #define LT_OBJDIR ".libs/"
| #define HAVE_LDAP_SSL 1
| #define HAVE_PROTO_BSDSOCKET_H 1
| #define HAVE_SYS_TYPES_H 1
| #define HAVE_SYS_TIME_H 1
| #define HAVE_CLOCK_GETTIME_MONOTONIC 1
| #define HAVE_ZLIB_H 1
| #define HAVE_LIBZ 1
| #define HAVE_BROTLI_DECODE_H 1
| #define HAVE_BROTLI 1
| /* end confdefs.h.  */
| 
| 
| #undef inline
| #ifdef HAVE_WINDOWS_H
| #ifndef WIN32_LEAN_AND_MEAN
| #define WIN32_LEAN_AND_MEAN
| #endif
| #include <windows.h>
| #else
| #ifdef HAVE_SYS_TYPES_H
| #include <sys/types.h>
| #endif
| #endif
| #ifndef NULL
| #define NULL (void *)0
| #endif
| #ifndef LDAP_DEPRECATED
| #define LDAP_DEPRECATED 1
| #endif
| #ifdef NEED_LBER_H
| #include <lber.h>
| #endif
| #ifdef HAVE_LDAP_H
| #include <ldap.h>
| #endif
| 
| int main (void)
| {
| 
|           BerValue *bvp = NULL;
|           BerElement *bep = ber_init(bvp);
|           LDAP *ldp = ldap_init("dummy", LDAP_PORT);
|           int res = ldap_unbind(ldp);
|           ber_free(bep, 1);
| 
|  ;
|  return 0;
| }
| 
configure:24077: ppc-amigaos-gcc -o conftest -mcrt=clib4 -D__USE_INLINE__ -Werror-implicit-function-declaration -O2 -Wno-system-headers -mcrt=clib4 -D__USE_INLINE__   -mcrt=clib4   conftest.c -lldap -llber -lssl -lcrypto  -lz -lpthread -latomic -lauto >&5
conftest.c: In function 'main':
conftest.c:64:11: error: unknown type name 'BerValue'
   64 |           BerValue *bvp = NULL;
      |           ^~~~~~~~
conftest.c:65:11: error: unknown type name 'BerElement'
   65 |           BerElement *bep = ber_init(bvp);
      |           ^~~~~~~~~~
conftest.c:65:29: error: implicit declaration of function 'ber_init' [-Werror=implicit-function-declaration]
   65 |           BerElement *bep = ber_init(bvp);
      |                             ^~~~~~~~
conftest.c:65:29: warning: initialization of 'int *' from 'int' makes pointer from integer without a cast [-Wint-conversion]
conftest.c:66:11: error: unknown type name 'LDAP'
   66 |           LDAP *ldp = ldap_init("dummy", LDAP_PORT);
      |           ^~~~
conftest.c:66:23: error: implicit declaration of function 'ldap_init' [-Werror=implicit-function-declaration]
   66 |           LDAP *ldp = ldap_init("dummy", LDAP_PORT);
      |                       ^~~~~~~~~
conftest.c:66:42: error: 'LDAP_PORT' undeclared (first use in this function)
   66 |           LDAP *ldp = ldap_init("dummy", LDAP_PORT);
      |                                          ^~~~~~~~~
conftest.c:66:42: note: each undeclared identifier is reported only once for each function it appears in
conftest.c:67:21: error: implicit declaration of function 'ldap_unbind' [-Werror=implicit-function-declaration]
   67 |           int res = ldap_unbind(ldp);
      |                     ^~~~~~~~~~~
conftest.c:68:11: error: implicit declaration of function 'ber_free' [-Werror=implicit-function-declaration]
   68 |           ber_free(bep, 1);
      |           ^~~~~~~~
cc1: some warnings being treated as errors
configure:24077: $? = 1
configure: failed program was:
| /* confdefs.h */
| #define PACKAGE_NAME "curl"
| #define PACKAGE_TARNAME "curl"
| #define PACKAGE_VERSION "-"
| #define PACKAGE_STRING "curl -"
| #define PACKAGE_BUGREPORT "a suitable curl mailing list: https://curl.se/mail/"
| #define PACKAGE_URL ""
| #define HAVE_STDIO_H 1
| #define HAVE_STDLIB_H 1
| #define HAVE_STRING_H 1
| #define HAVE_INTTYPES_H 1
| #define HAVE_STDINT_H 1
| #define HAVE_STRINGS_H 1
| #define HAVE_SYS_STAT_H 1
| #define HAVE_SYS_TYPES_H 1
| #define HAVE_UNISTD_H 1
| #define STDC_HEADERS 1
| #define HAVE_STDATOMIC_H 1
| #define HAVE_ATOMIC 1
| #define PACKAGE "curl"
| #define VERSION "-"
| #define OS "powerpc-unknown-amigaos"
| #define HAVE_DLFCN_H 1
| #define LT_OBJDIR ".libs/"
| #define HAVE_LDAP_SSL 1
| #define HAVE_PROTO_BSDSOCKET_H 1
| #define HAVE_SYS_TYPES_H 1
| #define HAVE_SYS_TIME_H 1
| #define HAVE_CLOCK_GETTIME_MONOTONIC 1
| #define HAVE_ZLIB_H 1
| #define HAVE_LIBZ 1
| #define HAVE_BROTLI_DECODE_H 1
| #define HAVE_BROTLI 1
| /* end confdefs.h.  */
| 
| 
| #undef inline
| #ifdef HAVE_WINDOWS_H
| #ifndef WIN32_LEAN_AND_MEAN
| #define WIN32_LEAN_AND_MEAN
| #endif
| #include <windows.h>
| #else
| #ifdef HAVE_SYS_TYPES_H
| #include <sys/types.h>
| #endif
| #endif
| #ifndef NULL
| #define NULL (void *)0
| #endif
| #ifndef LDAP_DEPRECATED
| #define LDAP_DEPRECATED 1
| #endif
| #ifdef NEED_LBER_H
| #include <lber.h>
| #endif
| #ifdef HAVE_LDAP_H
| #include <ldap.h>
| #endif
| 
| int main (void)
| {
| 
|           BerValue *bvp = NULL;
|           BerElement *bep = ber_init(bvp);
|           LDAP *ldp = ldap_init("dummy", LDAP_PORT);
|           int res = ldap_unbind(ldp);
|           ber_free(bep, 1);
| 
|  ;
|  return 0;
| }
| 
configure:24092: result: cannot find LDAP libraries
configure:24116: WARNING: Cannot find libraries for LDAP support: LDAP disabled
configure:24233: checking whether to enable IPv6
configure:24240: result: no
configure:24355: checking if argv can be written to
configure:24438: result: no
configure:24440: WARNING: the previous check could not be made default was used
configure:24487: checking if GSS-API support is requested
configure:24894: result: no
configure:25316: checking whether to enable Windows native SSL/TLS
configure:25345: result: no
configure:25350: checking whether to enable Secure Transport
configure:25372: result: no
configure:25378: checking whether to enable Amiga native SSL/TLS (AmiSSL v5)
configure:25480: result: no
configure:25579: checking for ppc-amigaos-pkg-config
configure:25615: result: /usr/bin/pkg-config
configure:25689: checking for openssl options with pkg-config
configure:25703: result: found
configure:25732: pkg-config: SSL_LIBS: "-lssl -lcrypto "
configure:25734: pkg-config: SSL_LDFLAGS: ""
configure:25736: pkg-config: SSL_CPPFLAGS: ""
configure:25748: checking for HMAC_Update in -lcrypto
configure:25771: ppc-amigaos-gcc -o conftest -mcrt=clib4 -D__USE_INLINE__ -Werror-implicit-function-declaration -O2 -Wno-system-headers -mcrt=clib4 -D__USE_INLINE__    -mcrt=clib4    conftest.c -lcrypto  -lssl -lcrypto   -lz -lpthread -latomic -lauto >&5
configure:25771: $? = 0
configure:25781: result: yes
configure:25925: checking for SSL_connect in -lssl
configure:25948: ppc-amigaos-gcc -o conftest -mcrt=clib4 -D__USE_INLINE__ -Werror-implicit-function-declaration -O2 -Wno-system-headers -mcrt=clib4 -D__USE_INLINE__    -mcrt=clib4    conftest.c -lssl  -lcrypto -lssl -lcrypto   -lz -lpthread -latomic -lauto >&5
configure:25948: $? = 0
configure:25958: result: yes
configure:26031: checking for openssl/x509.h
configure:26031: ppc-amigaos-gcc -c -mcrt=clib4 -D__USE_INLINE__ -Werror-implicit-function-declaration -O2 -Wno-system-headers -mcrt=clib4 -D__USE_INLINE__    conftest.c >&5
configure:26031: $? = 0
configure:26031: result: yes
configure:26031: checking for openssl/rsa.h
configure:26031: ppc-amigaos-gcc -c -mcrt=clib4 -D__USE_INLINE__ -Werror-implicit-function-declaration -O2 -Wno-system-headers -mcrt=clib4 -D__USE_INLINE__    conftest.c >&5
configure:26031: $? = 0
configure:26031: result: yes
configure:26031: checking for openssl/crypto.h
configure:26031: ppc-amigaos-gcc -c -mcrt=clib4 -D__USE_INLINE__ -Werror-implicit-function-declaration -O2 -Wno-system-headers -mcrt=clib4 -D__USE_INLINE__    conftest.c >&5
configure:26031: $? = 0
configure:26031: result: yes
configure:26031: checking for openssl/pem.h
configure:26031: ppc-amigaos-gcc -c -mcrt=clib4 -D__USE_INLINE__ -Werror-implicit-function-declaration -O2 -Wno-system-headers -mcrt=clib4 -D__USE_INLINE__    conftest.c >&5
configure:26031: $? = 0
configure:26031: result: yes
configure:26031: checking for openssl/ssl.h
configure:26031: ppc-amigaos-gcc -c -mcrt=clib4 -D__USE_INLINE__ -Werror-implicit-function-declaration -O2 -Wno-system-headers -mcrt=clib4 -D__USE_INLINE__    conftest.c >&5
configure:26031: $? = 0
configure:26031: result: yes
configure:26031: checking for openssl/err.h
configure:26031: ppc-amigaos-gcc -c -mcrt=clib4 -D__USE_INLINE__ -Werror-implicit-function-declaration -O2 -Wno-system-headers -mcrt=clib4 -D__USE_INLINE__    conftest.c >&5
configure:26031: $? = 0
configure:26031: result: yes
configure:26107: checking for RAND_egd
configure:26107: ppc-amigaos-gcc -o conftest -mcrt=clib4 -D__USE_INLINE__ -Werror-implicit-function-declaration -O2 -Wno-system-headers -mcrt=clib4 -D__USE_INLINE__    -mcrt=clib4    conftest.c -lssl -lcrypto -lssl -lcrypto   -lz -lpthread -latomic -lauto >&5
/tmp/ccJNyChi.o: In function `main':
conftest.c:(.text.startup+0xc): undefined reference to `RAND_egd'
collect2: error: ld returned 1 exit status
configure:26107: $? = 1
configure: failed program was:
| /* confdefs.h */
| #define PACKAGE_NAME "curl"
| #define PACKAGE_TARNAME "curl"
| #define PACKAGE_VERSION "-"
| #define PACKAGE_STRING "curl -"
| #define PACKAGE_BUGREPORT "a suitable curl mailing list: https://curl.se/mail/"
| #define PACKAGE_URL ""
| #define HAVE_STDIO_H 1
| #define HAVE_STDLIB_H 1
| #define HAVE_STRING_H 1
| #define HAVE_INTTYPES_H 1
| #define HAVE_STDINT_H 1
| #define HAVE_STRINGS_H 1
| #define HAVE_SYS_STAT_H 1
| #define HAVE_SYS_TYPES_H 1
| #define HAVE_UNISTD_H 1
| #define STDC_HEADERS 1
| #define HAVE_STDATOMIC_H 1
| #define HAVE_ATOMIC 1
| #define PACKAGE "curl"
| #define VERSION "-"
| #define OS "powerpc-unknown-amigaos"
| #define HAVE_DLFCN_H 1
| #define LT_OBJDIR ".libs/"
| #define HAVE_LDAP_SSL 1
| #define HAVE_PROTO_BSDSOCKET_H 1
| #define HAVE_SYS_TYPES_H 1
| #define HAVE_SYS_TIME_H 1
| #define HAVE_CLOCK_GETTIME_MONOTONIC 1
| #define HAVE_ZLIB_H 1
| #define HAVE_LIBZ 1
| #define HAVE_BROTLI_DECODE_H 1
| #define HAVE_BROTLI 1
| #define CURL_DISABLE_LDAP 1
| #define CURL_DISABLE_LDAPS 1
| #define HAVE_LIBSSL 1
| #define HAVE_OPENSSL_X509_H 1
| #define USE_OPENSSL 1
| #define HAVE_OPENSSL_RSA_H 1
| #define USE_OPENSSL 1
| #define HAVE_OPENSSL_CRYPTO_H 1
| #define USE_OPENSSL 1
| #define HAVE_OPENSSL_PEM_H 1
| #define USE_OPENSSL 1
| #define HAVE_OPENSSL_SSL_H 1
| #define USE_OPENSSL 1
| #define HAVE_OPENSSL_ERR_H 1
| #define USE_OPENSSL 1
| /* end confdefs.h.  */
| 
| #define RAND_egd innocuous_RAND_egd
| #ifdef __STDC__
| # include <limits.h>
| #else
| # include <assert.h>
| #endif
| #undef RAND_egd
| #ifdef __cplusplus
| extern "C"
| #endif
| char RAND_egd ();
| #if defined __stub_RAND_egd || defined __stub___RAND_egd
| choke me
| #endif
| 
| int main (void)
| {
| return RAND_egd ();
|  ;
|  return 0;
| }
configure:26107: result: no
configure:26115: checking for BoringSSL
configure:26135: ppc-amigaos-gcc -c -mcrt=clib4 -D__USE_INLINE__ -Werror-implicit-function-declaration -O2 -Wno-system-headers -mcrt=clib4 -D__USE_INLINE__    conftest.c >&5
conftest.c:52:26: fatal error: openssl/base.h: No such file or directory
   52 |                 #include <openssl/base.h>
      |                          ^~~~~~~~~~~~~~~~
compilation terminated.
configure:26135: $? = 1
configure: failed program was:
| /* confdefs.h */
| #define PACKAGE_NAME "curl"
| #define PACKAGE_TARNAME "curl"
| #define PACKAGE_VERSION "-"
| #define PACKAGE_STRING "curl -"
| #define PACKAGE_BUGREPORT "a suitable curl mailing list: https://curl.se/mail/"
| #define PACKAGE_URL ""
| #define HAVE_STDIO_H 1
| #define HAVE_STDLIB_H 1
| #define HAVE_STRING_H 1
| #define HAVE_INTTYPES_H 1
| #define HAVE_STDINT_H 1
| #define HAVE_STRINGS_H 1
| #define HAVE_SYS_STAT_H 1
| #define HAVE_SYS_TYPES_H 1
| #define HAVE_UNISTD_H 1
| #define STDC_HEADERS 1
| #define HAVE_STDATOMIC_H 1
| #define HAVE_ATOMIC 1
| #define PACKAGE "curl"
| #define VERSION "-"
| #define OS "powerpc-unknown-amigaos"
| #define HAVE_DLFCN_H 1
| #define LT_OBJDIR ".libs/"
| #define HAVE_LDAP_SSL 1
| #define HAVE_PROTO_BSDSOCKET_H 1
| #define HAVE_SYS_TYPES_H 1
| #define HAVE_SYS_TIME_H 1
| #define HAVE_CLOCK_GETTIME_MONOTONIC 1
| #define HAVE_ZLIB_H 1
| #define HAVE_LIBZ 1
| #define HAVE_BROTLI_DECODE_H 1
| #define HAVE_BROTLI 1
| #define CURL_DISABLE_LDAP 1
| #define CURL_DISABLE_LDAPS 1
| #define HAVE_LIBSSL 1
| #define HAVE_OPENSSL_X509_H 1
| #define USE_OPENSSL 1
| #define HAVE_OPENSSL_RSA_H 1
| #define USE_OPENSSL 1
| #define HAVE_OPENSSL_CRYPTO_H 1
| #define USE_OPENSSL 1
| #define HAVE_OPENSSL_PEM_H 1
| #define USE_OPENSSL 1
| #define HAVE_OPENSSL_SSL_H 1
| #define USE_OPENSSL 1
| #define HAVE_OPENSSL_ERR_H 1
| #define USE_OPENSSL 1
| /* end confdefs.h.  */
| 
| 
|                 #include <openssl/base.h>
| 
| int main (void)
| {
| 
|                 #ifndef OPENSSL_IS_BORINGSSL
|                 #error not boringssl
|                 #endif
| 
|  ;
|  return 0;
| }
| 
configure:26147: result: no
configure:26153: checking for libressl
configure:26171: ppc-amigaos-gcc -c -mcrt=clib4 -D__USE_INLINE__ -Werror-implicit-function-declaration -O2 -Wno-system-headers -mcrt=clib4 -D__USE_INLINE__    conftest.c >&5
conftest.c: In function 'main':
conftest.c:57:21: error: 'LIBRESSL_VERSION_NUMBER' undeclared (first use in this function); did you mean 'OPENSSL_VERSION_NUMBER'?
   57 |         int dummy = LIBRESSL_VERSION_NUMBER;
      |                     ^~~~~~~~~~~~~~~~~~~~~~~
      |                     OPENSSL_VERSION_NUMBER
conftest.c:57:21: note: each undeclared identifier is reported only once for each function it appears in
configure:26171: $? = 1
configure: failed program was:
| /* confdefs.h */
| #define PACKAGE_NAME "curl"
| #define PACKAGE_TARNAME "curl"
| #define PACKAGE_VERSION "-"
| #define PACKAGE_STRING "curl -"
| #define PACKAGE_BUGREPORT "a suitable curl mailing list: https://curl.se/mail/"
| #define PACKAGE_URL ""
| #define HAVE_STDIO_H 1
| #define HAVE_STDLIB_H 1
| #define HAVE_STRING_H 1
| #define HAVE_INTTYPES_H 1
| #define HAVE_STDINT_H 1
| #define HAVE_STRINGS_H 1
| #define HAVE_SYS_STAT_H 1
| #define HAVE_SYS_TYPES_H 1
| #define HAVE_UNISTD_H 1
| #define STDC_HEADERS 1
| #define HAVE_STDATOMIC_H 1
| #define HAVE_ATOMIC 1
| #define PACKAGE "curl"
| #define VERSION "-"
| #define OS "powerpc-unknown-amigaos"
| #define HAVE_DLFCN_H 1
| #define LT_OBJDIR ".libs/"
| #define HAVE_LDAP_SSL 1
| #define HAVE_PROTO_BSDSOCKET_H 1
| #define HAVE_SYS_TYPES_H 1
| #define HAVE_SYS_TIME_H 1
| #define HAVE_CLOCK_GETTIME_MONOTONIC 1
| #define HAVE_ZLIB_H 1
| #define HAVE_LIBZ 1
| #define HAVE_BROTLI_DECODE_H 1
| #define HAVE_BROTLI 1
| #define CURL_DISABLE_LDAP 1
| #define CURL_DISABLE_LDAPS 1
| #define HAVE_LIBSSL 1
| #define HAVE_OPENSSL_X509_H 1
| #define USE_OPENSSL 1
| #define HAVE_OPENSSL_RSA_H 1
| #define USE_OPENSSL 1
| #define HAVE_OPENSSL_CRYPTO_H 1
| #define USE_OPENSSL 1
| #define HAVE_OPENSSL_PEM_H 1
| #define USE_OPENSSL 1
| #define HAVE_OPENSSL_SSL_H 1
| #define USE_OPENSSL 1
| #define HAVE_OPENSSL_ERR_H 1
| #define USE_OPENSSL 1
| /* end confdefs.h.  */
| 
| 
| #include <openssl/opensslv.h>
| 
| int main (void)
| {
| 
|         int dummy = LIBRESSL_VERSION_NUMBER;
| 
|  ;
|  return 0;
| }
| 
configure:26183: result: no
configure:26189: checking for OpenSSL >= v3
configure:26211: ppc-amigaos-gcc -c -mcrt=clib4 -D__USE_INLINE__ -Werror-implicit-function-declaration -O2 -Wno-system-headers -mcrt=clib4 -D__USE_INLINE__    conftest.c >&5
conftest.c: In function 'main':
conftest.c:60:10: error: #error older than 3
   60 |         #error older than 3
      |          ^~~~~
configure:26211: $? = 1
configure: failed program was:
| /* confdefs.h */
| #define PACKAGE_NAME "curl"
| #define PACKAGE_TARNAME "curl"
| #define PACKAGE_VERSION "-"
| #define PACKAGE_STRING "curl -"
| #define PACKAGE_BUGREPORT "a suitable curl mailing list: https://curl.se/mail/"
| #define PACKAGE_URL ""
| #define HAVE_STDIO_H 1
| #define HAVE_STDLIB_H 1
| #define HAVE_STRING_H 1
| #define HAVE_INTTYPES_H 1
| #define HAVE_STDINT_H 1
| #define HAVE_STRINGS_H 1
| #define HAVE_SYS_STAT_H 1
| #define HAVE_SYS_TYPES_H 1
| #define HAVE_UNISTD_H 1
| #define STDC_HEADERS 1
| #define HAVE_STDATOMIC_H 1
| #define HAVE_ATOMIC 1
| #define PACKAGE "curl"
| #define VERSION "-"
| #define OS "powerpc-unknown-amigaos"
| #define HAVE_DLFCN_H 1
| #define LT_OBJDIR ".libs/"
| #define HAVE_LDAP_SSL 1
| #define HAVE_PROTO_BSDSOCKET_H 1
| #define HAVE_SYS_TYPES_H 1
| #define HAVE_SYS_TIME_H 1
| #define HAVE_CLOCK_GETTIME_MONOTONIC 1
| #define HAVE_ZLIB_H 1
| #define HAVE_LIBZ 1
| #define HAVE_BROTLI_DECODE_H 1
| #define HAVE_BROTLI 1
| #define CURL_DISABLE_LDAP 1
| #define CURL_DISABLE_LDAPS 1
| #define HAVE_LIBSSL 1
| #define HAVE_OPENSSL_X509_H 1
| #define USE_OPENSSL 1
| #define HAVE_OPENSSL_RSA_H 1
| #define USE_OPENSSL 1
| #define HAVE_OPENSSL_CRYPTO_H 1
| #define USE_OPENSSL 1
| #define HAVE_OPENSSL_PEM_H 1
| #define USE_OPENSSL 1
| #define HAVE_OPENSSL_SSL_H 1
| #define USE_OPENSSL 1
| #define HAVE_OPENSSL_ERR_H 1
| #define USE_OPENSSL 1
| /* end confdefs.h.  */
| 
| 
| #include <openssl/opensslv.h>
| 
| int main (void)
| {
| 
|         #if defined(OPENSSL_VERSION_MAJOR) && (OPENSSL_VERSION_MAJOR >= 3)
|         return 0;
|         #else
|         #error older than 3
|         #endif
| 
|  ;
|  return 0;
| }
| 
configure:26224: result: no
configure:26303: WARNING: skipped the /dev/urandom detection when cross-compiling
configure:26319: checking for SRP support in OpenSSL
configure:26338: ppc-amigaos-gcc -o conftest -mcrt=clib4 -D__USE_INLINE__ -Werror-implicit-function-declaration -O2 -Wno-system-headers -mcrt=clib4 -D__USE_INLINE__    -mcrt=clib4    conftest.c -lssl -lcrypto -lssl -lcrypto   -lz -lpthread -latomic -lauto >&5
configure:26338: $? = 0
configure:26341: result: yes
configure:28112: built with one SSL backend
configure:28155: checking default CA cert bundle/path
configure:28232: WARNING: skipped the ca-cert path detection when cross-compiling
configure:28279: result: no
configure:28283: checking whether to use builtin CA store of SSL library
configure:28298: result: yes
configure:28322: checking for library containing psl_builtin
configure:28352: ppc-amigaos-gcc -o conftest -mcrt=clib4 -D__USE_INLINE__ -Werror-implicit-function-declaration -O2 -Wno-system-headers -mcrt=clib4 -D__USE_INLINE__    -mcrt=clib4    conftest.c -lssl -lcrypto -lssl -lcrypto   -lz -lpthread -latomic -lauto >&5
/tmp/ccLVLQDn.o: In function `main':
conftest.c:(.text.startup+0xc): undefined reference to `psl_builtin'
collect2: error: ld returned 1 exit status
configure:28352: $? = 1
configure: failed program was:
| /* confdefs.h */
| #define PACKAGE_NAME "curl"
| #define PACKAGE_TARNAME "curl"
| #define PACKAGE_VERSION "-"
| #define PACKAGE_STRING "curl -"
| #define PACKAGE_BUGREPORT "a suitable curl mailing list: https://curl.se/mail/"
| #define PACKAGE_URL ""
| #define HAVE_STDIO_H 1
| #define HAVE_STDLIB_H 1
| #define HAVE_STRING_H 1
| #define HAVE_INTTYPES_H 1
| #define HAVE_STDINT_H 1
| #define HAVE_STRINGS_H 1
| #define HAVE_SYS_STAT_H 1
| #define HAVE_SYS_TYPES_H 1
| #define HAVE_UNISTD_H 1
| #define STDC_HEADERS 1
| #define HAVE_STDATOMIC_H 1
| #define HAVE_ATOMIC 1
| #define PACKAGE "curl"
| #define VERSION "-"
| #define OS "powerpc-unknown-amigaos"
| #define HAVE_DLFCN_H 1
| #define LT_OBJDIR ".libs/"
| #define HAVE_LDAP_SSL 1
| #define HAVE_PROTO_BSDSOCKET_H 1
| #define HAVE_SYS_TYPES_H 1
| #define HAVE_SYS_TIME_H 1
| #define HAVE_CLOCK_GETTIME_MONOTONIC 1
| #define HAVE_ZLIB_H 1
| #define HAVE_LIBZ 1
| #define HAVE_BROTLI_DECODE_H 1
| #define HAVE_BROTLI 1
| #define CURL_DISABLE_LDAP 1
| #define CURL_DISABLE_LDAPS 1
| #define HAVE_LIBSSL 1
| #define HAVE_OPENSSL_X509_H 1
| #define USE_OPENSSL 1
| #define HAVE_OPENSSL_RSA_H 1
| #define USE_OPENSSL 1
| #define HAVE_OPENSSL_CRYPTO_H 1
| #define USE_OPENSSL 1
| #define HAVE_OPENSSL_PEM_H 1
| #define USE_OPENSSL 1
| #define HAVE_OPENSSL_SSL_H 1
| #define USE_OPENSSL 1
| #define HAVE_OPENSSL_ERR_H 1
| #define USE_OPENSSL 1
| #define HAVE_OPENSSL_SRP 1
| #define CURL_CA_FALLBACK 1
| /* end confdefs.h.  */
| 
| 
| #ifdef __cplusplus
| extern "C"
| #endif
| char psl_builtin ();
| int main (void)
| {
| return psl_builtin ();
|  ;
|  return 0;
| }
configure:28352: ppc-amigaos-gcc -o conftest -mcrt=clib4 -D__USE_INLINE__ -Werror-implicit-function-declaration -O2 -Wno-system-headers -mcrt=clib4 -D__USE_INLINE__    -mcrt=clib4    conftest.c -lpsl  -lssl -lcrypto -lssl -lcrypto   -lz -lpthread -latomic -lauto >&5
/usr/ppc-amigaos/SDK/local/clib4/lib/libpsl.a(libpsl_la-psl.o): In function `psl_idna_toASCII':
psl.c:(.text+0x858): undefined reference to `idn2_lookup_u8'
/usr/ppc-amigaos/SDK/local/clib4/lib/libpsl.a(libpsl_la-psl.o): In function `psl_str_to_utf8lower':
psl.c:(.text+0x23c2): undefined reference to `uninorm_nfkc'
psl.c:(.text+0x23c6): undefined reference to `uninorm_nfkc'
psl.c:(.text+0x23d4): undefined reference to `u8_tolower'
psl.c:(.text+0x2460): undefined reference to `u8_strlen'
psl.c:(.text+0x2482): undefined reference to `uninorm_nfkc'
psl.c:(.text+0x2486): undefined reference to `uninorm_nfkc'
psl.c:(.text+0x2494): undefined reference to `u8_tolower'
collect2: error: ld returned 1 exit status
configure:28352: $? = 1
configure: failed program was:
| /* confdefs.h */
| #define PACKAGE_NAME "curl"
| #define PACKAGE_TARNAME "curl"
| #define PACKAGE_VERSION "-"
| #define PACKAGE_STRING "curl -"
| #define PACKAGE_BUGREPORT "a suitable curl mailing list: https://curl.se/mail/"
| #define PACKAGE_URL ""
| #define HAVE_STDIO_H 1
| #define HAVE_STDLIB_H 1
| #define HAVE_STRING_H 1
| #define HAVE_INTTYPES_H 1
| #define HAVE_STDINT_H 1
| #define HAVE_STRINGS_H 1
| #define HAVE_SYS_STAT_H 1
| #define HAVE_SYS_TYPES_H 1
| #define HAVE_UNISTD_H 1
| #define STDC_HEADERS 1
| #define HAVE_STDATOMIC_H 1
| #define HAVE_ATOMIC 1
| #define PACKAGE "curl"
| #define VERSION "-"
| #define OS "powerpc-unknown-amigaos"
| #define HAVE_DLFCN_H 1
| #define LT_OBJDIR ".libs/"
| #define HAVE_LDAP_SSL 1
| #define HAVE_PROTO_BSDSOCKET_H 1
| #define HAVE_SYS_TYPES_H 1
| #define HAVE_SYS_TIME_H 1
| #define HAVE_CLOCK_GETTIME_MONOTONIC 1
| #define HAVE_ZLIB_H 1
| #define HAVE_LIBZ 1
| #define HAVE_BROTLI_DECODE_H 1
| #define HAVE_BROTLI 1
| #define CURL_DISABLE_LDAP 1
| #define CURL_DISABLE_LDAPS 1
| #define HAVE_LIBSSL 1
| #define HAVE_OPENSSL_X509_H 1
| #define USE_OPENSSL 1
| #define HAVE_OPENSSL_RSA_H 1
| #define USE_OPENSSL 1
| #define HAVE_OPENSSL_CRYPTO_H 1
| #define USE_OPENSSL 1
| #define HAVE_OPENSSL_PEM_H 1
| #define USE_OPENSSL 1
| #define HAVE_OPENSSL_SSL_H 1
| #define USE_OPENSSL 1
| #define HAVE_OPENSSL_ERR_H 1
| #define USE_OPENSSL 1
| #define HAVE_OPENSSL_SRP 1
| #define CURL_CA_FALLBACK 1
| /* end confdefs.h.  */
| 
| 
| #ifdef __cplusplus
| extern "C"
| #endif
| char psl_builtin ();
| int main (void)
| {
| return psl_builtin ();
|  ;
|  return 0;
| }
configure:28372: result: no
configure:28385: WARNING: libpsl was not found
configure:28413: checking for library containing gsasl_init
configure:28443: ppc-amigaos-gcc -o conftest -mcrt=clib4 -D__USE_INLINE__ -Werror-implicit-function-declaration -O2 -Wno-system-headers -mcrt=clib4 -D__USE_INLINE__    -mcrt=clib4    conftest.c -lssl -lcrypto -lssl -lcrypto   -lz -lpthread -latomic -lauto >&5
/tmp/cc4lafIr.o: In function `main':
conftest.c:(.text.startup+0xc): undefined reference to `gsasl_init'
collect2: error: ld returned 1 exit status
configure:28443: $? = 1
configure: failed program was:
| /* confdefs.h */
| #define PACKAGE_NAME "curl"
| #define PACKAGE_TARNAME "curl"
| #define PACKAGE_VERSION "-"
| #define PACKAGE_STRING "curl -"
| #define PACKAGE_BUGREPORT "a suitable curl mailing list: https://curl.se/mail/"
| #define PACKAGE_URL ""
| #define HAVE_STDIO_H 1
| #define HAVE_STDLIB_H 1
| #define HAVE_STRING_H 1
| #define HAVE_INTTYPES_H 1
| #define HAVE_STDINT_H 1
| #define HAVE_STRINGS_H 1
| #define HAVE_SYS_STAT_H 1
| #define HAVE_SYS_TYPES_H 1
| #define HAVE_UNISTD_H 1
| #define STDC_HEADERS 1
| #define HAVE_STDATOMIC_H 1
| #define HAVE_ATOMIC 1
| #define PACKAGE "curl"
| #define VERSION "-"
| #define OS "powerpc-unknown-amigaos"
| #define HAVE_DLFCN_H 1
| #define LT_OBJDIR ".libs/"
| #define HAVE_LDAP_SSL 1
| #define HAVE_PROTO_BSDSOCKET_H 1
| #define HAVE_SYS_TYPES_H 1
| #define HAVE_SYS_TIME_H 1
| #define HAVE_CLOCK_GETTIME_MONOTONIC 1
| #define HAVE_ZLIB_H 1
| #define HAVE_LIBZ 1
| #define HAVE_BROTLI_DECODE_H 1
| #define HAVE_BROTLI 1
| #define CURL_DISABLE_LDAP 1
| #define CURL_DISABLE_LDAPS 1
| #define HAVE_LIBSSL 1
| #define HAVE_OPENSSL_X509_H 1
| #define USE_OPENSSL 1
| #define HAVE_OPENSSL_RSA_H 1
| #define USE_OPENSSL 1
| #define HAVE_OPENSSL_CRYPTO_H 1
| #define USE_OPENSSL 1
| #define HAVE_OPENSSL_PEM_H 1
| #define USE_OPENSSL 1
| #define HAVE_OPENSSL_SSL_H 1
| #define USE_OPENSSL 1
| #define HAVE_OPENSSL_ERR_H 1
| #define USE_OPENSSL 1
| #define HAVE_OPENSSL_SRP 1
| #define CURL_CA_FALLBACK 1
| /* end confdefs.h.  */
| 
| 
| #ifdef __cplusplus
| extern "C"
| #endif
| char gsasl_init ();
| int main (void)
| {
| return gsasl_init ();
|  ;
|  return 0;
| }
configure:28443: ppc-amigaos-gcc -o conftest -mcrt=clib4 -D__USE_INLINE__ -Werror-implicit-function-declaration -O2 -Wno-system-headers -mcrt=clib4 -D__USE_INLINE__    -mcrt=clib4    conftest.c -lgsasl  -lssl -lcrypto -lssl -lcrypto   -lz -lpthread -latomic -lauto >&5
/usr/lib/gcc/ppc-amigaos/11.3.0/../../../../ppc-amigaos/bin/ld: cannot find -lgsasl
collect2: error: ld returned 1 exit status
configure:28443: $? = 1
configure: failed program was:
| /* confdefs.h */
| #define PACKAGE_NAME "curl"
| #define PACKAGE_TARNAME "curl"
| #define PACKAGE_VERSION "-"
| #define PACKAGE_STRING "curl -"
| #define PACKAGE_BUGREPORT "a suitable curl mailing list: https://curl.se/mail/"
| #define PACKAGE_URL ""
| #define HAVE_STDIO_H 1
| #define HAVE_STDLIB_H 1
| #define HAVE_STRING_H 1
| #define HAVE_INTTYPES_H 1
| #define HAVE_STDINT_H 1
| #define HAVE_STRINGS_H 1
| #define HAVE_SYS_STAT_H 1
| #define HAVE_SYS_TYPES_H 1
| #define HAVE_UNISTD_H 1
| #define STDC_HEADERS 1
| #define HAVE_STDATOMIC_H 1
| #define HAVE_ATOMIC 1
| #define PACKAGE "curl"
| #define VERSION "-"
| #define OS "powerpc-unknown-amigaos"
| #define HAVE_DLFCN_H 1
| #define LT_OBJDIR ".libs/"
| #define HAVE_LDAP_SSL 1
| #define HAVE_PROTO_BSDSOCKET_H 1
| #define HAVE_SYS_TYPES_H 1
| #define HAVE_SYS_TIME_H 1
| #define HAVE_CLOCK_GETTIME_MONOTONIC 1
| #define HAVE_ZLIB_H 1
| #define HAVE_LIBZ 1
| #define HAVE_BROTLI_DECODE_H 1
| #define HAVE_BROTLI 1
| #define CURL_DISABLE_LDAP 1
| #define CURL_DISABLE_LDAPS 1
| #define HAVE_LIBSSL 1
| #define HAVE_OPENSSL_X509_H 1
| #define USE_OPENSSL 1
| #define HAVE_OPENSSL_RSA_H 1
| #define USE_OPENSSL 1
| #define HAVE_OPENSSL_CRYPTO_H 1
| #define USE_OPENSSL 1
| #define HAVE_OPENSSL_PEM_H 1
| #define USE_OPENSSL 1
| #define HAVE_OPENSSL_SSL_H 1
| #define USE_OPENSSL 1
| #define HAVE_OPENSSL_ERR_H 1
| #define USE_OPENSSL 1
| #define HAVE_OPENSSL_SRP 1
| #define CURL_CA_FALLBACK 1
| /* end confdefs.h.  */
| 
| 
| #ifdef __cplusplus
| extern "C"
| #endif
| char gsasl_init ();
| int main (void)
| {
| return gsasl_init ();
|  ;
|  return 0;
| }
configure:28463: result: no
configure:28476: WARNING: libgsasl was not found
configure:29301: checking for RTMP_Init in -lrtmp
configure:29324: ppc-amigaos-gcc -o conftest -mcrt=clib4 -D__USE_INLINE__ -Werror-implicit-function-declaration -O2 -Wno-system-headers -mcrt=clib4 -D__USE_INLINE__     -mcrt=clib4     conftest.c -lrtmp  -lrtmp -lssl -lcrypto -lssl -lcrypto   -lz -lpthread -latomic -lauto >&5
configure:29324: $? = 0
configure:29334: result: yes
configure:29341: checking for librtmp/rtmp.h
configure:29341: ppc-amigaos-gcc -c -mcrt=clib4 -D__USE_INLINE__ -Werror-implicit-function-declaration -O2 -Wno-system-headers -mcrt=clib4 -D__USE_INLINE__     conftest.c >&5
configure:29341: $? = 0
configure:29341: result: yes
configure:29374: checking whether versioned symbols are wanted
configure:29421: result: no
configure:29443: checking whether to enable Windows native IDN (Windows native builds only)
configure:29456: result: no
configure:29580: checking whether to build with libidn2
configure:29604: result: (assumed) yes
configure:29800: checking for ppc-amigaos-pkg-config
configure:29836: result: /usr/bin/pkg-config
configure:29910: checking for libidn2 options with pkg-config
configure:29921: result: no
configure:29949: IDN_LIBS: "-lidn2"
configure:29951: IDN_LDFLAGS: ""
configure:29953: IDN_CPPFLAGS: ""
configure:29955: IDN_DIR: ""
configure:29963: checking if idn2_lookup_ul can be linked
configure:29992: ppc-amigaos-gcc -o conftest -mcrt=clib4 -D__USE_INLINE__ -Werror-implicit-function-declaration -O2 -Wno-system-headers -mcrt=clib4 -D__USE_INLINE__      -mcrt=clib4      conftest.c -lidn2 -lrtmp -lssl -lcrypto -lssl -lcrypto   -lz -lpthread -latomic -lauto >&5
/usr/ppc-amigaos/SDK/local/clib4/lib/libidn2.a(lookup.o): In function `label':
lookup.c:(.text+0x340): undefined reference to `u32_to_u8'
lookup.c:(.text+0x5d8): undefined reference to `u32_cmp'
/usr/ppc-amigaos/SDK/local/clib4/lib/libidn2.a(lookup.o): In function `_tr46':
lookup.c:(.text+0x694): undefined reference to `u8_strlen'
lookup.c:(.text+0x6b4): undefined reference to `u8_to_u32'
lookup.c:(.text+0xbfe): undefined reference to `uninorm_nfc'
lookup.c:(.text+0xc02): undefined reference to `uninorm_nfc'
lookup.c:(.text+0xc04): undefined reference to `u32_normalize'
lookup.c:(.text+0xd28): undefined reference to `u32_to_u8'
lookup.c:(.text+0xee4): undefined reference to `u32_to_u8'
/usr/ppc-amigaos/SDK/local/clib4/lib/libidn2.a(lookup.o): In function `idn2_lookup_ul':
lookup.c:(.text+0x1278): undefined reference to `u8_strconv_from_encoding'
/usr/ppc-amigaos/SDK/local/clib4/lib/libidn2.a(lookup.o): In function `idn2_to_ascii_4i2':
lookup.c:(.text+0x146c): undefined reference to `u32_cpy'
lookup.c:(.text+0x14a4): undefined reference to `u32_to_u8'
/usr/ppc-amigaos/SDK/local/clib4/lib/libidn2.a(lookup.o): In function `idn2_to_ascii_4z':
lookup.c:(.text+0x15a8): undefined reference to `u32_strlen'
lookup.c:(.text+0x15c8): undefined reference to `u32_to_u8'
/usr/ppc-amigaos/SDK/local/clib4/lib/libidn2.a(idna.o): In function `_isNFC':
idna.c:(.text+0x70): undefined reference to `uc_combining_class'
/usr/ppc-amigaos/SDK/local/clib4/lib/libidn2.a(idna.o): In function `_idn2_u8_to_u32_nfc':
idna.c:(.text+0x158): undefined reference to `u8_to_u32'
idna.c:(.text+0x1d2): undefined reference to `uninorm_nfc'
idna.c:(.text+0x1d6): undefined reference to `uninorm_nfc'
idna.c:(.text+0x1d8): undefined reference to `u32_normalize'
/usr/ppc-amigaos/SDK/local/clib4/lib/libidn2.a(idna.o): In function `_idn2_label_test':
idna.c:(.text+0x322): undefined reference to `uninorm_nfc'
idna.c:(.text+0x326): undefined reference to `uninorm_nfc'
idna.c:(.text+0x328): undefined reference to `u32_normalize'
idna.c:(.text+0x48a): undefined reference to `UC_CATEGORY_M'
idna.c:(.text+0x48e): undefined reference to `UC_CATEGORY_M'
idna.c:(.text+0x4ac): undefined reference to `uc_is_general_category'
/usr/ppc-amigaos/SDK/local/clib4/lib/libidn2.a(bidi.o): In function `_isBidi':
bidi.c:(.text+0x34): undefined reference to `uc_bidi_category'
/usr/ppc-amigaos/SDK/local/clib4/lib/libidn2.a(bidi.o): In function `_idn2_bidi':
bidi.c:(.text+0xfc): undefined reference to `uc_bidi_category'
bidi.c:(.text+0x154): undefined reference to `uc_bidi_category'
bidi.c:(.text+0x234): undefined reference to `uc_bidi_category'
/usr/ppc-amigaos/SDK/local/clib4/lib/libidn2.a(context.o): In function `_idn2_contextj_rule':
context.c:(.text+0xb4): undefined reference to `uc_combining_class'
context.c:(.text+0x11c): undefined reference to `uc_joining_type'
context.c:(.text+0x1a0): undefined reference to `uc_joining_type'
context.c:(.text+0x248): undefined reference to `uc_combining_class'
/usr/ppc-amigaos/SDK/local/clib4/lib/libidn2.a(context.o): In function `_uc_script_name':
context.c:(.text+0x2a8): undefined reference to `uc_script'
collect2: error: ld returned 1 exit status
configure:29992: $? = 1
configure: failed program was:
| /* confdefs.h */
| #define PACKAGE_NAME "curl"
| #define PACKAGE_TARNAME "curl"
| #define PACKAGE_VERSION "-"
| #define PACKAGE_STRING "curl -"
| #define PACKAGE_BUGREPORT "a suitable curl mailing list: https://curl.se/mail/"
| #define PACKAGE_URL ""
| #define HAVE_STDIO_H 1
| #define HAVE_STDLIB_H 1
| #define HAVE_STRING_H 1
| #define HAVE_INTTYPES_H 1
| #define HAVE_STDINT_H 1
| #define HAVE_STRINGS_H 1
| #define HAVE_SYS_STAT_H 1
| #define HAVE_SYS_TYPES_H 1
| #define HAVE_UNISTD_H 1
| #define STDC_HEADERS 1
| #define HAVE_STDATOMIC_H 1
| #define HAVE_ATOMIC 1
| #define PACKAGE "curl"
| #define VERSION "-"
| #define OS "powerpc-unknown-amigaos"
| #define HAVE_DLFCN_H 1
| #define LT_OBJDIR ".libs/"
| #define HAVE_LDAP_SSL 1
| #define HAVE_PROTO_BSDSOCKET_H 1
| #define HAVE_SYS_TYPES_H 1
| #define HAVE_SYS_TIME_H 1
| #define HAVE_CLOCK_GETTIME_MONOTONIC 1
| #define HAVE_ZLIB_H 1
| #define HAVE_LIBZ 1
| #define HAVE_BROTLI_DECODE_H 1
| #define HAVE_BROTLI 1
| #define CURL_DISABLE_LDAP 1
| #define CURL_DISABLE_LDAPS 1
| #define HAVE_LIBSSL 1
| #define HAVE_OPENSSL_X509_H 1
| #define USE_OPENSSL 1
| #define HAVE_OPENSSL_RSA_H 1
| #define USE_OPENSSL 1
| #define HAVE_OPENSSL_CRYPTO_H 1
| #define USE_OPENSSL 1
| #define HAVE_OPENSSL_PEM_H 1
| #define USE_OPENSSL 1
| #define HAVE_OPENSSL_SSL_H 1
| #define USE_OPENSSL 1
| #define HAVE_OPENSSL_ERR_H 1
| #define USE_OPENSSL 1
| #define HAVE_OPENSSL_SRP 1
| #define CURL_CA_FALLBACK 1
| #define HAVE_LIBRTMP_RTMP_H 1
| #define USE_LIBRTMP 1
| /* end confdefs.h.  */
| 
| 
| #define idn2_lookup_ul innocuous_idn2_lookup_ul
| #ifdef __STDC__
| # include <limits.h>
| #else
| # include <assert.h>
| #endif
| #undef idn2_lookup_ul
| #ifdef __cplusplus
| extern "C"
| #endif
| char idn2_lookup_ul ();
| #if defined __stub_idn2_lookup_ul || defined __stub___idn2_lookup_ul
| choke me
| #endif
| 
| int main (void)
| {
| return idn2_lookup_ul ();
|  ;
|  return 0;
| }
| 
configure:30001: result: no
configure:30009: checking for idn2.h
configure:30009: ppc-amigaos-gcc -c -mcrt=clib4 -D__USE_INLINE__ -Werror-implicit-function-declaration -O2 -Wno-system-headers -mcrt=clib4 -D__USE_INLINE__      conftest.c >&5
configure:30009: $? = 0
configure:30009: result: yes
configure:30032: WARNING: Cannot find libraries for IDN support: IDN disabled
configure:30083: checking for ppc-amigaos-pkg-config
configure:30119: result: /usr/bin/pkg-config
configure:30193: checking for libnghttp2 options with pkg-config
configure:30204: result: no
configure:30259: checking for nghttp2_session_set_local_window_size in -lnghttp2
configure:30282: ppc-amigaos-gcc -o conftest -mcrt=clib4 -D__USE_INLINE__ -Werror-implicit-function-declaration -O2 -Wno-system-headers -mcrt=clib4 -D__USE_INLINE__      -mcrt=clib4      conftest.c -lnghttp2   -lrtmp -lssl -lcrypto -lssl -lcrypto   -lz -lpthread -latomic -lauto >&5
configure:30282: $? = 0
configure:30292: result: yes
configure:30299: checking for nghttp2/nghttp2.h
configure:30299: ppc-amigaos-gcc -c -mcrt=clib4 -D__USE_INLINE__ -Werror-implicit-function-declaration -O2 -Wno-system-headers -mcrt=clib4 -D__USE_INLINE__      conftest.c >&5
configure:30299: $? = 0
configure:30299: result: yes
configure:30317: Added  to CURL_LIBRARY_PATH
configure:30371: checking for ppc-amigaos-pkg-config
configure:30407: result: /usr/bin/pkg-config
configure:30481: checking for libngtcp2 options with pkg-config
configure:30492: result: no
configure:31414: checking for ppc-amigaos-pkg-config
configure:31450: result: /usr/bin/pkg-config
configure:31524: checking for libnghttp3 options with pkg-config
configure:31535: result: no
configure:32118: checking for ppc-amigaos-pkg-config
configure:32154: result: /usr/bin/pkg-config
configure:32228: checking for fish options with pkg-config
configure:32242: result: found
configure:32260: checking for sys/types.h
configure:32260: result: yes
configure:32292: checking for sys/time.h
configure:32292: result: yes
configure:32324: checking for sys/select.h
configure:32324: ppc-amigaos-gcc -c -mcrt=clib4 -D__USE_INLINE__ -Werror-implicit-function-declaration -O2 -Wno-system-headers -mcrt=clib4 -D__USE_INLINE__      conftest.c >&5
configure:32324: $? = 0
configure:32324: result: yes
configure:32356: checking for sys/socket.h
configure:32356: ppc-amigaos-gcc -c -mcrt=clib4 -D__USE_INLINE__ -Werror-implicit-function-declaration -O2 -Wno-system-headers -mcrt=clib4 -D__USE_INLINE__      conftest.c >&5
configure:32356: $? = 0
configure:32356: result: yes
configure:32388: checking for sys/ioctl.h
configure:32388: ppc-amigaos-gcc -c -mcrt=clib4 -D__USE_INLINE__ -Werror-implicit-function-declaration -O2 -Wno-system-headers -mcrt=clib4 -D__USE_INLINE__      conftest.c >&5
configure:32388: $? = 0
configure:32388: result: yes
configure:32420: checking for sys/uio.h
configure:32420: ppc-amigaos-gcc -c -mcrt=clib4 -D__USE_INLINE__ -Werror-implicit-function-declaration -O2 -Wno-system-headers -mcrt=clib4 -D__USE_INLINE__      conftest.c >&5
configure:32420: $? = 0
configure:32420: result: yes
configure:32452: checking for assert.h
configure:32452: ppc-amigaos-gcc -c -mcrt=clib4 -D__USE_INLINE__ -Werror-implicit-function-declaration -O2 -Wno-system-headers -mcrt=clib4 -D__USE_INLINE__      conftest.c >&5
configure:32452: $? = 0
configure:32452: result: yes
configure:32484: checking for unistd.h
configure:32484: result: yes
configure:32516: checking for stdlib.h
configure:32516: result: yes
configure:32548: checking for arpa/inet.h
configure:32548: ppc-amigaos-gcc -c -mcrt=clib4 -D__USE_INLINE__ -Werror-implicit-function-declaration -O2 -Wno-system-headers -mcrt=clib4 -D__USE_INLINE__      conftest.c >&5
configure:32548: $? = 0
configure:32548: result: yes
configure:32580: checking for net/if.h
configure:32580: ppc-amigaos-gcc -c -mcrt=clib4 -D__USE_INLINE__ -Werror-implicit-function-declaration -O2 -Wno-system-headers -mcrt=clib4 -D__USE_INLINE__      conftest.c >&5
configure:32580: $? = 0
configure:32580: result: yes
configure:32612: checking for netinet/in.h
configure:32612: ppc-amigaos-gcc -c -mcrt=clib4 -D__USE_INLINE__ -Werror-implicit-function-declaration -O2 -Wno-system-headers -mcrt=clib4 -D__USE_INLINE__      conftest.c >&5
configure:32612: $? = 0
configure:32612: result: yes
configure:32644: checking for netinet/in6.h
configure:32644: ppc-amigaos-gcc -c -mcrt=clib4 -D__USE_INLINE__ -Werror-implicit-function-declaration -O2 -Wno-system-headers -mcrt=clib4 -D__USE_INLINE__      conftest.c >&5
conftest.c:96:10: fatal error: netinet/in6.h: No such file or directory
   96 | #include <netinet/in6.h>
      |          ^~~~~~~~~~~~~~~
compilation terminated.
configure:32644: $? = 1
configure: failed program was:
| /* confdefs.h */
| #define PACKAGE_NAME "curl"
| #define PACKAGE_TARNAME "curl"
| #define PACKAGE_VERSION "-"
| #define PACKAGE_STRING "curl -"
| #define PACKAGE_BUGREPORT "a suitable curl mailing list: https://curl.se/mail/"
| #define PACKAGE_URL ""
| #define HAVE_STDIO_H 1
| #define HAVE_STDLIB_H 1
| #define HAVE_STRING_H 1
| #define HAVE_INTTYPES_H 1
| #define HAVE_STDINT_H 1
| #define HAVE_STRINGS_H 1
| #define HAVE_SYS_STAT_H 1
| #define HAVE_SYS_TYPES_H 1
| #define HAVE_UNISTD_H 1
| #define STDC_HEADERS 1
| #define HAVE_STDATOMIC_H 1
| #define HAVE_ATOMIC 1
| #define PACKAGE "curl"
| #define VERSION "-"
| #define OS "powerpc-unknown-amigaos"
| #define HAVE_DLFCN_H 1
| #define LT_OBJDIR ".libs/"
| #define HAVE_LDAP_SSL 1
| #define HAVE_PROTO_BSDSOCKET_H 1
| #define HAVE_SYS_TYPES_H 1
| #define HAVE_SYS_TIME_H 1
| #define HAVE_CLOCK_GETTIME_MONOTONIC 1
| #define HAVE_ZLIB_H 1
| #define HAVE_LIBZ 1
| #define HAVE_BROTLI_DECODE_H 1
| #define HAVE_BROTLI 1
| #define CURL_DISABLE_LDAP 1
| #define CURL_DISABLE_LDAPS 1
| #define HAVE_LIBSSL 1
| #define HAVE_OPENSSL_X509_H 1
| #define USE_OPENSSL 1
| #define HAVE_OPENSSL_RSA_H 1
| #define USE_OPENSSL 1
| #define HAVE_OPENSSL_CRYPTO_H 1
| #define USE_OPENSSL 1
| #define HAVE_OPENSSL_PEM_H 1
| #define USE_OPENSSL 1
| #define HAVE_OPENSSL_SSL_H 1
| #define USE_OPENSSL 1
| #define HAVE_OPENSSL_ERR_H 1
| #define USE_OPENSSL 1
| #define HAVE_OPENSSL_SRP 1
| #define CURL_CA_FALLBACK 1
| #define HAVE_LIBRTMP_RTMP_H 1
| #define USE_LIBRTMP 1
| #define HAVE_IDN2_H 1
| #define HAVE_NGHTTP2_NGHTTP2_H 1
| #define USE_NGHTTP2 1
| #define HAVE_SYS_TYPES_H 1
| #define HAVE_SYS_TIME_H 1
| #define HAVE_SYS_SELECT_H 1
| #define HAVE_SYS_SOCKET_H 1
| #define HAVE_SYS_IOCTL_H 1
| #define HAVE_SYS_UIO_H 1
| #define HAVE_ASSERT_H 1
| #define HAVE_UNISTD_H 1
| #define HAVE_STDLIB_H 1
| #define HAVE_ARPA_INET_H 1
| #define HAVE_NET_IF_H 1
| #define HAVE_NETINET_IN_H 1
| /* end confdefs.h.  */
| 
| #ifdef HAVE_SYS_TYPES_H
| #include <sys/types.h>
| #endif
| #ifdef HAVE_SYS_TIME_H
| #include <sys/time.h>
| #endif
| #ifdef HAVE_SYS_SELECT_H
| #include <sys/select.h>
| #elif defined(HAVE_UNISTD_H)
| #include <unistd.h>
| #endif
| #ifdef HAVE_SYS_SOCKET_H
| #include <sys/socket.h>
| #endif
| #ifdef HAVE_NETINET_IN_H
| #include <netinet/in.h>
| #endif
| #ifdef HAVE_NETINET_IN6_H
| #include <netinet/in6.h>
| #endif
| #ifdef HAVE_SYS_UN_H
| #include <sys/un.h>
| #endif
| 
| 
| 
| #include <netinet/in6.h>
configure:32644: result: no
configure:32676: checking for sys/un.h
configure:32676: ppc-amigaos-gcc -c -mcrt=clib4 -D__USE_INLINE__ -Werror-implicit-function-declaration -O2 -Wno-system-headers -mcrt=clib4 -D__USE_INLINE__      conftest.c >&5
configure:32676: $? = 0
configure:32676: result: yes
configure:32708: checking for linux/tcp.h
configure:32708: ppc-amigaos-gcc -c -mcrt=clib4 -D__USE_INLINE__ -Werror-implicit-function-declaration -O2 -Wno-system-headers -mcrt=clib4 -D__USE_INLINE__      conftest.c >&5
conftest.c:97:10: fatal error: linux/tcp.h: No such file or directory
   97 | #include <linux/tcp.h>
      |          ^~~~~~~~~~~~~
compilation terminated.
configure:32708: $? = 1
configure: failed program was:
| /* confdefs.h */
| #define PACKAGE_NAME "curl"
| #define PACKAGE_TARNAME "curl"
| #define PACKAGE_VERSION "-"
| #define PACKAGE_STRING "curl -"
| #define PACKAGE_BUGREPORT "a suitable curl mailing list: https://curl.se/mail/"
| #define PACKAGE_URL ""
| #define HAVE_STDIO_H 1
| #define HAVE_STDLIB_H 1
| #define HAVE_STRING_H 1
| #define HAVE_INTTYPES_H 1
| #define HAVE_STDINT_H 1
| #define HAVE_STRINGS_H 1
| #define HAVE_SYS_STAT_H 1
| #define HAVE_SYS_TYPES_H 1
| #define HAVE_UNISTD_H 1
| #define STDC_HEADERS 1
| #define HAVE_STDATOMIC_H 1
| #define HAVE_ATOMIC 1
| #define PACKAGE "curl"
| #define VERSION "-"
| #define OS "powerpc-unknown-amigaos"
| #define HAVE_DLFCN_H 1
| #define LT_OBJDIR ".libs/"
| #define HAVE_LDAP_SSL 1
| #define HAVE_PROTO_BSDSOCKET_H 1
| #define HAVE_SYS_TYPES_H 1
| #define HAVE_SYS_TIME_H 1
| #define HAVE_CLOCK_GETTIME_MONOTONIC 1
| #define HAVE_ZLIB_H 1
| #define HAVE_LIBZ 1
| #define HAVE_BROTLI_DECODE_H 1
| #define HAVE_BROTLI 1
| #define CURL_DISABLE_LDAP 1
| #define CURL_DISABLE_LDAPS 1
| #define HAVE_LIBSSL 1
| #define HAVE_OPENSSL_X509_H 1
| #define USE_OPENSSL 1
| #define HAVE_OPENSSL_RSA_H 1
| #define USE_OPENSSL 1
| #define HAVE_OPENSSL_CRYPTO_H 1
| #define USE_OPENSSL 1
| #define HAVE_OPENSSL_PEM_H 1
| #define USE_OPENSSL 1
| #define HAVE_OPENSSL_SSL_H 1
| #define USE_OPENSSL 1
| #define HAVE_OPENSSL_ERR_H 1
| #define USE_OPENSSL 1
| #define HAVE_OPENSSL_SRP 1
| #define CURL_CA_FALLBACK 1
| #define HAVE_LIBRTMP_RTMP_H 1
| #define USE_LIBRTMP 1
| #define HAVE_IDN2_H 1
| #define HAVE_NGHTTP2_NGHTTP2_H 1
| #define USE_NGHTTP2 1
| #define HAVE_SYS_TYPES_H 1
| #define HAVE_SYS_TIME_H 1
| #define HAVE_SYS_SELECT_H 1
| #define HAVE_SYS_SOCKET_H 1
| #define HAVE_SYS_IOCTL_H 1
| #define HAVE_SYS_UIO_H 1
| #define HAVE_ASSERT_H 1
| #define HAVE_UNISTD_H 1
| #define HAVE_STDLIB_H 1
| #define HAVE_ARPA_INET_H 1
| #define HAVE_NET_IF_H 1
| #define HAVE_NETINET_IN_H 1
| #define HAVE_SYS_UN_H 1
| /* end confdefs.h.  */
| 
| #ifdef HAVE_SYS_TYPES_H
| #include <sys/types.h>
| #endif
| #ifdef HAVE_SYS_TIME_H
| #include <sys/time.h>
| #endif
| #ifdef HAVE_SYS_SELECT_H
| #include <sys/select.h>
| #elif defined(HAVE_UNISTD_H)
| #include <unistd.h>
| #endif
| #ifdef HAVE_SYS_SOCKET_H
| #include <sys/socket.h>
| #endif
| #ifdef HAVE_NETINET_IN_H
| #include <netinet/in.h>
| #endif
| #ifdef HAVE_NETINET_IN6_H
| #include <netinet/in6.h>
| #endif
| #ifdef HAVE_SYS_UN_H
| #include <sys/un.h>
| #endif
| 
| 
| 
| #include <linux/tcp.h>
configure:32708: result: no
configure:32740: checking for netinet/tcp.h
configure:32740: ppc-amigaos-gcc -c -mcrt=clib4 -D__USE_INLINE__ -Werror-implicit-function-declaration -O2 -Wno-system-headers -mcrt=clib4 -D__USE_INLINE__      conftest.c >&5
configure:32740: $? = 0
configure:32740: result: yes
configure:32772: checking for netinet/udp.h
configure:32772: ppc-amigaos-gcc -c -mcrt=clib4 -D__USE_INLINE__ -Werror-implicit-function-declaration -O2 -Wno-system-headers -mcrt=clib4 -D__USE_INLINE__      conftest.c >&5
configure:32772: $? = 0
configure:32772: result: yes
configure:32804: checking for netdb.h
configure:32804: ppc-amigaos-gcc -c -mcrt=clib4 -D__USE_INLINE__ -Werror-implicit-function-declaration -O2 -Wno-system-headers -mcrt=clib4 -D__USE_INLINE__      conftest.c >&5
configure:32804: $? = 0
configure:32804: result: yes
configure:32836: checking for sys/sockio.h
configure:32836: ppc-amigaos-gcc -c -mcrt=clib4 -D__USE_INLINE__ -Werror-implicit-function-declaration -O2 -Wno-system-headers -mcrt=clib4 -D__USE_INLINE__      conftest.c >&5
configure:32836: $? = 0
configure:32836: result: yes
configure:32868: checking for sys/stat.h
configure:32868: result: yes
configure:32900: checking for sys/param.h
configure:32900: ppc-amigaos-gcc -c -mcrt=clib4 -D__USE_INLINE__ -Werror-implicit-function-declaration -O2 -Wno-system-headers -mcrt=clib4 -D__USE_INLINE__      conftest.c >&5
configure:32900: $? = 0
configure:32900: result: yes
configure:32932: checking for termios.h
configure:32932: ppc-amigaos-gcc -c -mcrt=clib4 -D__USE_INLINE__ -Werror-implicit-function-declaration -O2 -Wno-system-headers -mcrt=clib4 -D__USE_INLINE__      conftest.c >&5
configure:32932: $? = 0
configure:32932: result: yes
configure:32964: checking for termio.h
configure:32964: ppc-amigaos-gcc -c -mcrt=clib4 -D__USE_INLINE__ -Werror-implicit-function-declaration -O2 -Wno-system-headers -mcrt=clib4 -D__USE_INLINE__      conftest.c >&5
conftest.c:104:10: fatal error: termio.h: No such file or directory
  104 | #include <termio.h>
      |          ^~~~~~~~~~
compilation terminated.
configure:32964: $? = 1
configure: failed program was:
| /* confdefs.h */
| #define PACKAGE_NAME "curl"
| #define PACKAGE_TARNAME "curl"
| #define PACKAGE_VERSION "-"
| #define PACKAGE_STRING "curl -"
| #define PACKAGE_BUGREPORT "a suitable curl mailing list: https://curl.se/mail/"
| #define PACKAGE_URL ""
| #define HAVE_STDIO_H 1
| #define HAVE_STDLIB_H 1
| #define HAVE_STRING_H 1
| #define HAVE_INTTYPES_H 1
| #define HAVE_STDINT_H 1
| #define HAVE_STRINGS_H 1
| #define HAVE_SYS_STAT_H 1
| #define HAVE_SYS_TYPES_H 1
| #define HAVE_UNISTD_H 1
| #define STDC_HEADERS 1
| #define HAVE_STDATOMIC_H 1
| #define HAVE_ATOMIC 1
| #define PACKAGE "curl"
| #define VERSION "-"
| #define OS "powerpc-unknown-amigaos"
| #define HAVE_DLFCN_H 1
| #define LT_OBJDIR ".libs/"
| #define HAVE_LDAP_SSL 1
| #define HAVE_PROTO_BSDSOCKET_H 1
| #define HAVE_SYS_TYPES_H 1
| #define HAVE_SYS_TIME_H 1
| #define HAVE_CLOCK_GETTIME_MONOTONIC 1
| #define HAVE_ZLIB_H 1
| #define HAVE_LIBZ 1
| #define HAVE_BROTLI_DECODE_H 1
| #define HAVE_BROTLI 1
| #define CURL_DISABLE_LDAP 1
| #define CURL_DISABLE_LDAPS 1
| #define HAVE_LIBSSL 1
| #define HAVE_OPENSSL_X509_H 1
| #define USE_OPENSSL 1
| #define HAVE_OPENSSL_RSA_H 1
| #define USE_OPENSSL 1
| #define HAVE_OPENSSL_CRYPTO_H 1
| #define USE_OPENSSL 1
| #define HAVE_OPENSSL_PEM_H 1
| #define USE_OPENSSL 1
| #define HAVE_OPENSSL_SSL_H 1
| #define USE_OPENSSL 1
| #define HAVE_OPENSSL_ERR_H 1
| #define USE_OPENSSL 1
| #define HAVE_OPENSSL_SRP 1
| #define CURL_CA_FALLBACK 1
| #define HAVE_LIBRTMP_RTMP_H 1
| #define USE_LIBRTMP 1
| #define HAVE_IDN2_H 1
| #define HAVE_NGHTTP2_NGHTTP2_H 1
| #define USE_NGHTTP2 1
| #define HAVE_SYS_TYPES_H 1
| #define HAVE_SYS_TIME_H 1
| #define HAVE_SYS_SELECT_H 1
| #define HAVE_SYS_SOCKET_H 1
| #define HAVE_SYS_IOCTL_H 1
| #define HAVE_SYS_UIO_H 1
| #define HAVE_ASSERT_H 1
| #define HAVE_UNISTD_H 1
| #define HAVE_STDLIB_H 1
| #define HAVE_ARPA_INET_H 1
| #define HAVE_NET_IF_H 1
| #define HAVE_NETINET_IN_H 1
| #define HAVE_SYS_UN_H 1
| #define HAVE_NETINET_TCP_H 1
| #define HAVE_NETINET_UDP_H 1
| #define HAVE_NETDB_H 1
| #define HAVE_SYS_SOCKIO_H 1
| #define HAVE_SYS_STAT_H 1
| #define HAVE_SYS_PARAM_H 1
| #define HAVE_TERMIOS_H 1
| /* end confdefs.h.  */
| 
| #ifdef HAVE_SYS_TYPES_H
| #include <sys/types.h>
| #endif
| #ifdef HAVE_SYS_TIME_H
| #include <sys/time.h>
| #endif
| #ifdef HAVE_SYS_SELECT_H
| #include <sys/select.h>
| #elif defined(HAVE_UNISTD_H)
| #include <unistd.h>
| #endif
| #ifdef HAVE_SYS_SOCKET_H
| #include <sys/socket.h>
| #endif
| #ifdef HAVE_NETINET_IN_H
| #include <netinet/in.h>
| #endif
| #ifdef HAVE_NETINET_IN6_H
| #include <netinet/in6.h>
| #endif
| #ifdef HAVE_SYS_UN_H
| #include <sys/un.h>
| #endif
| 
| 
| 
| #include <termio.h>
configure:32964: result: no
configure:32996: checking for fcntl.h
configure:32996: ppc-amigaos-gcc -c -mcrt=clib4 -D__USE_INLINE__ -Werror-implicit-function-declaration -O2 -Wno-system-headers -mcrt=clib4 -D__USE_INLINE__      conftest.c >&5
configure:32996: $? = 0
configure:32996: result: yes
configure:33028: checking for io.h
configure:33028: ppc-amigaos-gcc -c -mcrt=clib4 -D__USE_INLINE__ -Werror-implicit-function-declaration -O2 -Wno-system-headers -mcrt=clib4 -D__USE_INLINE__      conftest.c >&5
conftest.c:105:10: fatal error: io.h: No such file or directory
  105 | #include <io.h>
      |          ^~~~~~
compilation terminated.
configure:33028: $? = 1
configure: failed program was:
| /* confdefs.h */
| #define PACKAGE_NAME "curl"
| #define PACKAGE_TARNAME "curl"
| #define PACKAGE_VERSION "-"
| #define PACKAGE_STRING "curl -"
| #define PACKAGE_BUGREPORT "a suitable curl mailing list: https://curl.se/mail/"
| #define PACKAGE_URL ""
| #define HAVE_STDIO_H 1
| #define HAVE_STDLIB_H 1
| #define HAVE_STRING_H 1
| #define HAVE_INTTYPES_H 1
| #define HAVE_STDINT_H 1
| #define HAVE_STRINGS_H 1
| #define HAVE_SYS_STAT_H 1
| #define HAVE_SYS_TYPES_H 1
| #define HAVE_UNISTD_H 1
| #define STDC_HEADERS 1
| #define HAVE_STDATOMIC_H 1
| #define HAVE_ATOMIC 1
| #define PACKAGE "curl"
| #define VERSION "-"
| #define OS "powerpc-unknown-amigaos"
| #define HAVE_DLFCN_H 1
| #define LT_OBJDIR ".libs/"
| #define HAVE_LDAP_SSL 1
| #define HAVE_PROTO_BSDSOCKET_H 1
| #define HAVE_SYS_TYPES_H 1
| #define HAVE_SYS_TIME_H 1
| #define HAVE_CLOCK_GETTIME_MONOTONIC 1
| #define HAVE_ZLIB_H 1
| #define HAVE_LIBZ 1
| #define HAVE_BROTLI_DECODE_H 1
| #define HAVE_BROTLI 1
| #define CURL_DISABLE_LDAP 1
| #define CURL_DISABLE_LDAPS 1
| #define HAVE_LIBSSL 1
| #define HAVE_OPENSSL_X509_H 1
| #define USE_OPENSSL 1
| #define HAVE_OPENSSL_RSA_H 1
| #define USE_OPENSSL 1
| #define HAVE_OPENSSL_CRYPTO_H 1
| #define USE_OPENSSL 1
| #define HAVE_OPENSSL_PEM_H 1
| #define USE_OPENSSL 1
| #define HAVE_OPENSSL_SSL_H 1
| #define USE_OPENSSL 1
| #define HAVE_OPENSSL_ERR_H 1
| #define USE_OPENSSL 1
| #define HAVE_OPENSSL_SRP 1
| #define CURL_CA_FALLBACK 1
| #define HAVE_LIBRTMP_RTMP_H 1
| #define USE_LIBRTMP 1
| #define HAVE_IDN2_H 1
| #define HAVE_NGHTTP2_NGHTTP2_H 1
| #define USE_NGHTTP2 1
| #define HAVE_SYS_TYPES_H 1
| #define HAVE_SYS_TIME_H 1
| #define HAVE_SYS_SELECT_H 1
| #define HAVE_SYS_SOCKET_H 1
| #define HAVE_SYS_IOCTL_H 1
| #define HAVE_SYS_UIO_H 1
| #define HAVE_ASSERT_H 1
| #define HAVE_UNISTD_H 1
| #define HAVE_STDLIB_H 1
| #define HAVE_ARPA_INET_H 1
| #define HAVE_NET_IF_H 1
| #define HAVE_NETINET_IN_H 1
| #define HAVE_SYS_UN_H 1
| #define HAVE_NETINET_TCP_H 1
| #define HAVE_NETINET_UDP_H 1
| #define HAVE_NETDB_H 1
| #define HAVE_SYS_SOCKIO_H 1
| #define HAVE_SYS_STAT_H 1
| #define HAVE_SYS_PARAM_H 1
| #define HAVE_TERMIOS_H 1
| #define HAVE_FCNTL_H 1
| /* end confdefs.h.  */
| 
| #ifdef HAVE_SYS_TYPES_H
| #include <sys/types.h>
| #endif
| #ifdef HAVE_SYS_TIME_H
| #include <sys/time.h>
| #endif
| #ifdef HAVE_SYS_SELECT_H
| #include <sys/select.h>
| #elif defined(HAVE_UNISTD_H)
| #include <unistd.h>
| #endif
| #ifdef HAVE_SYS_SOCKET_H
| #include <sys/socket.h>
| #endif
| #ifdef HAVE_NETINET_IN_H
| #include <netinet/in.h>
| #endif
| #ifdef HAVE_NETINET_IN6_H
| #include <netinet/in6.h>
| #endif
| #ifdef HAVE_SYS_UN_H
| #include <sys/un.h>
| #endif
| 
| 
| 
| #include <io.h>
configure:33028: result: no
configure:33060: checking for pwd.h
configure:33060: ppc-amigaos-gcc -c -mcrt=clib4 -D__USE_INLINE__ -Werror-implicit-function-declaration -O2 -Wno-system-headers -mcrt=clib4 -D__USE_INLINE__      conftest.c >&5
configure:33060: $? = 0
configure:33060: result: yes
configure:33092: checking for utime.h
configure:33092: ppc-amigaos-gcc -c -mcrt=clib4 -D__USE_INLINE__ -Werror-implicit-function-declaration -O2 -Wno-system-headers -mcrt=clib4 -D__USE_INLINE__      conftest.c >&5
configure:33092: $? = 0
configure:33092: result: yes
configure:33124: checking for sys/utime.h
configure:33124: ppc-amigaos-gcc -c -mcrt=clib4 -D__USE_INLINE__ -Werror-implicit-function-declaration -O2 -Wno-system-headers -mcrt=clib4 -D__USE_INLINE__      conftest.c >&5
conftest.c:107:10: fatal error: sys/utime.h: No such file or directory
  107 | #include <sys/utime.h>
      |          ^~~~~~~~~~~~~
compilation terminated.
configure:33124: $? = 1
configure: failed program was:
| /* confdefs.h */
| #define PACKAGE_NAME "curl"
| #define PACKAGE_TARNAME "curl"
| #define PACKAGE_VERSION "-"
| #define PACKAGE_STRING "curl -"
| #define PACKAGE_BUGREPORT "a suitable curl mailing list: https://curl.se/mail/"
| #define PACKAGE_URL ""
| #define HAVE_STDIO_H 1
| #define HAVE_STDLIB_H 1
| #define HAVE_STRING_H 1
| #define HAVE_INTTYPES_H 1
| #define HAVE_STDINT_H 1
| #define HAVE_STRINGS_H 1
| #define HAVE_SYS_STAT_H 1
| #define HAVE_SYS_TYPES_H 1
| #define HAVE_UNISTD_H 1
| #define STDC_HEADERS 1
| #define HAVE_STDATOMIC_H 1
| #define HAVE_ATOMIC 1
| #define PACKAGE "curl"
| #define VERSION "-"
| #define OS "powerpc-unknown-amigaos"
| #define HAVE_DLFCN_H 1
| #define LT_OBJDIR ".libs/"
| #define HAVE_LDAP_SSL 1
| #define HAVE_PROTO_BSDSOCKET_H 1
| #define HAVE_SYS_TYPES_H 1
| #define HAVE_SYS_TIME_H 1
| #define HAVE_CLOCK_GETTIME_MONOTONIC 1
| #define HAVE_ZLIB_H 1
| #define HAVE_LIBZ 1
| #define HAVE_BROTLI_DECODE_H 1
| #define HAVE_BROTLI 1
| #define CURL_DISABLE_LDAP 1
| #define CURL_DISABLE_LDAPS 1
| #define HAVE_LIBSSL 1
| #define HAVE_OPENSSL_X509_H 1
| #define USE_OPENSSL 1
| #define HAVE_OPENSSL_RSA_H 1
| #define USE_OPENSSL 1
| #define HAVE_OPENSSL_CRYPTO_H 1
| #define USE_OPENSSL 1
| #define HAVE_OPENSSL_PEM_H 1
| #define USE_OPENSSL 1
| #define HAVE_OPENSSL_SSL_H 1
| #define USE_OPENSSL 1
| #define HAVE_OPENSSL_ERR_H 1
| #define USE_OPENSSL 1
| #define HAVE_OPENSSL_SRP 1
| #define CURL_CA_FALLBACK 1
| #define HAVE_LIBRTMP_RTMP_H 1
| #define USE_LIBRTMP 1
| #define HAVE_IDN2_H 1
| #define HAVE_NGHTTP2_NGHTTP2_H 1
| #define USE_NGHTTP2 1
| #define HAVE_SYS_TYPES_H 1
| #define HAVE_SYS_TIME_H 1
| #define HAVE_SYS_SELECT_H 1
| #define HAVE_SYS_SOCKET_H 1
| #define HAVE_SYS_IOCTL_H 1
| #define HAVE_SYS_UIO_H 1
| #define HAVE_ASSERT_H 1
| #define HAVE_UNISTD_H 1
| #define HAVE_STDLIB_H 1
| #define HAVE_ARPA_INET_H 1
| #define HAVE_NET_IF_H 1
| #define HAVE_NETINET_IN_H 1
| #define HAVE_SYS_UN_H 1
| #define HAVE_NETINET_TCP_H 1
| #define HAVE_NETINET_UDP_H 1
| #define HAVE_NETDB_H 1
| #define HAVE_SYS_SOCKIO_H 1
| #define HAVE_SYS_STAT_H 1
| #define HAVE_SYS_PARAM_H 1
| #define HAVE_TERMIOS_H 1
| #define HAVE_FCNTL_H 1
| #define HAVE_PWD_H 1
| #define HAVE_UTIME_H 1
| /* end confdefs.h.  */
| 
| #ifdef HAVE_SYS_TYPES_H
| #include <sys/types.h>
| #endif
| #ifdef HAVE_SYS_TIME_H
| #include <sys/time.h>
| #endif
| #ifdef HAVE_SYS_SELECT_H
| #include <sys/select.h>
| #elif defined(HAVE_UNISTD_H)
| #include <unistd.h>
| #endif
| #ifdef HAVE_SYS_SOCKET_H
| #include <sys/socket.h>
| #endif
| #ifdef HAVE_NETINET_IN_H
| #include <netinet/in.h>
| #endif
| #ifdef HAVE_NETINET_IN6_H
| #include <netinet/in6.h>
| #endif
| #ifdef HAVE_SYS_UN_H
| #include <sys/un.h>
| #endif
| 
| 
| 
| #include <sys/utime.h>
configure:33124: result: no
configure:33156: checking for sys/poll.h
configure:33156: ppc-amigaos-gcc -c -mcrt=clib4 -D__USE_INLINE__ -Werror-implicit-function-declaration -O2 -Wno-system-headers -mcrt=clib4 -D__USE_INLINE__      conftest.c >&5
configure:33156: $? = 0
configure:33156: result: yes
configure:33188: checking for poll.h
configure:33188: ppc-amigaos-gcc -c -mcrt=clib4 -D__USE_INLINE__ -Werror-implicit-function-declaration -O2 -Wno-system-headers -mcrt=clib4 -D__USE_INLINE__      conftest.c >&5
configure:33188: $? = 0
configure:33188: result: yes
configure:33220: checking for socket.h
configure:33220: ppc-amigaos-gcc -c -mcrt=clib4 -D__USE_INLINE__ -Werror-implicit-function-declaration -O2 -Wno-system-headers -mcrt=clib4 -D__USE_INLINE__      conftest.c >&5
conftest.c:109:10: fatal error: socket.h: No such file or directory
  109 | #include <socket.h>
      |          ^~~~~~~~~~
compilation terminated.
configure:33220: $? = 1
configure: failed program was:
| /* confdefs.h */
| #define PACKAGE_NAME "curl"
| #define PACKAGE_TARNAME "curl"
| #define PACKAGE_VERSION "-"
| #define PACKAGE_STRING "curl -"
| #define PACKAGE_BUGREPORT "a suitable curl mailing list: https://curl.se/mail/"
| #define PACKAGE_URL ""
| #define HAVE_STDIO_H 1
| #define HAVE_STDLIB_H 1
| #define HAVE_STRING_H 1
| #define HAVE_INTTYPES_H 1
| #define HAVE_STDINT_H 1
| #define HAVE_STRINGS_H 1
| #define HAVE_SYS_STAT_H 1
| #define HAVE_SYS_TYPES_H 1
| #define HAVE_UNISTD_H 1
| #define STDC_HEADERS 1
| #define HAVE_STDATOMIC_H 1
| #define HAVE_ATOMIC 1
| #define PACKAGE "curl"
| #define VERSION "-"
| #define OS "powerpc-unknown-amigaos"
| #define HAVE_DLFCN_H 1
| #define LT_OBJDIR ".libs/"
| #define HAVE_LDAP_SSL 1
| #define HAVE_PROTO_BSDSOCKET_H 1
| #define HAVE_SYS_TYPES_H 1
| #define HAVE_SYS_TIME_H 1
| #define HAVE_CLOCK_GETTIME_MONOTONIC 1
| #define HAVE_ZLIB_H 1
| #define HAVE_LIBZ 1
| #define HAVE_BROTLI_DECODE_H 1
| #define HAVE_BROTLI 1
| #define CURL_DISABLE_LDAP 1
| #define CURL_DISABLE_LDAPS 1
| #define HAVE_LIBSSL 1
| #define HAVE_OPENSSL_X509_H 1
| #define USE_OPENSSL 1
| #define HAVE_OPENSSL_RSA_H 1
| #define USE_OPENSSL 1
| #define HAVE_OPENSSL_CRYPTO_H 1
| #define USE_OPENSSL 1
| #define HAVE_OPENSSL_PEM_H 1
| #define USE_OPENSSL 1
| #define HAVE_OPENSSL_SSL_H 1
| #define USE_OPENSSL 1
| #define HAVE_OPENSSL_ERR_H 1
| #define USE_OPENSSL 1
| #define HAVE_OPENSSL_SRP 1
| #define CURL_CA_FALLBACK 1
| #define HAVE_LIBRTMP_RTMP_H 1
| #define USE_LIBRTMP 1
| #define HAVE_IDN2_H 1
| #define HAVE_NGHTTP2_NGHTTP2_H 1
| #define USE_NGHTTP2 1
| #define HAVE_SYS_TYPES_H 1
| #define HAVE_SYS_TIME_H 1
| #define HAVE_SYS_SELECT_H 1
| #define HAVE_SYS_SOCKET_H 1
| #define HAVE_SYS_IOCTL_H 1
| #define HAVE_SYS_UIO_H 1
| #define HAVE_ASSERT_H 1
| #define HAVE_UNISTD_H 1
| #define HAVE_STDLIB_H 1
| #define HAVE_ARPA_INET_H 1
| #define HAVE_NET_IF_H 1
| #define HAVE_NETINET_IN_H 1
| #define HAVE_SYS_UN_H 1
| #define HAVE_NETINET_TCP_H 1
| #define HAVE_NETINET_UDP_H 1
| #define HAVE_NETDB_H 1
| #define HAVE_SYS_SOCKIO_H 1
| #define HAVE_SYS_STAT_H 1
| #define HAVE_SYS_PARAM_H 1
| #define HAVE_TERMIOS_H 1
| #define HAVE_FCNTL_H 1
| #define HAVE_PWD_H 1
| #define HAVE_UTIME_H 1
| #define HAVE_SYS_POLL_H 1
| #define HAVE_POLL_H 1
| /* end confdefs.h.  */
| 
| #ifdef HAVE_SYS_TYPES_H
| #include <sys/types.h>
| #endif
| #ifdef HAVE_SYS_TIME_H
| #include <sys/time.h>
| #endif
| #ifdef HAVE_SYS_SELECT_H
| #include <sys/select.h>
| #elif defined(HAVE_UNISTD_H)
| #include <unistd.h>
| #endif
| #ifdef HAVE_SYS_SOCKET_H
| #include <sys/socket.h>
| #endif
| #ifdef HAVE_NETINET_IN_H
| #include <netinet/in.h>
| #endif
| #ifdef HAVE_NETINET_IN6_H
| #include <netinet/in6.h>
| #endif
| #ifdef HAVE_SYS_UN_H
| #include <sys/un.h>
| #endif
| 
| 
| 
| #include <socket.h>
configure:33220: result: no
configure:33252: checking for sys/resource.h
configure:33252: ppc-amigaos-gcc -c -mcrt=clib4 -D__USE_INLINE__ -Werror-implicit-function-declaration -O2 -Wno-system-headers -mcrt=clib4 -D__USE_INLINE__      conftest.c >&5
configure:33252: $? = 0
configure:33252: result: yes
configure:33284: checking for libgen.h
configure:33284: ppc-amigaos-gcc -c -mcrt=clib4 -D__USE_INLINE__ -Werror-implicit-function-declaration -O2 -Wno-system-headers -mcrt=clib4 -D__USE_INLINE__      conftest.c >&5
configure:33284: $? = 0
configure:33284: result: yes
configure:33316: checking for locale.h
configure:33316: ppc-amigaos-gcc -c -mcrt=clib4 -D__USE_INLINE__ -Werror-implicit-function-declaration -O2 -Wno-system-headers -mcrt=clib4 -D__USE_INLINE__      conftest.c >&5
configure:33316: $? = 0
configure:33316: result: yes
configure:33348: checking for errno.h
configure:33348: ppc-amigaos-gcc -c -mcrt=clib4 -D__USE_INLINE__ -Werror-implicit-function-declaration -O2 -Wno-system-headers -mcrt=clib4 -D__USE_INLINE__      conftest.c >&5
configure:33348: $? = 0
configure:33348: result: yes
configure:33380: checking for stdbool.h
configure:33380: ppc-amigaos-gcc -c -mcrt=clib4 -D__USE_INLINE__ -Werror-implicit-function-declaration -O2 -Wno-system-headers -mcrt=clib4 -D__USE_INLINE__      conftest.c >&5
configure:33380: $? = 0
configure:33380: result: yes
configure:33412: checking for arpa/tftp.h
configure:33412: ppc-amigaos-gcc -c -mcrt=clib4 -D__USE_INLINE__ -Werror-implicit-function-declaration -O2 -Wno-system-headers -mcrt=clib4 -D__USE_INLINE__      conftest.c >&5
configure:33412: $? = 0
configure:33412: result: yes
configure:33444: checking for sys/filio.h
configure:33444: ppc-amigaos-gcc -c -mcrt=clib4 -D__USE_INLINE__ -Werror-implicit-function-declaration -O2 -Wno-system-headers -mcrt=clib4 -D__USE_INLINE__      conftest.c >&5
configure:33444: $? = 0
configure:33444: result: yes
configure:33476: checking for sys/wait.h
configure:33476: ppc-amigaos-gcc -c -mcrt=clib4 -D__USE_INLINE__ -Werror-implicit-function-declaration -O2 -Wno-system-headers -mcrt=clib4 -D__USE_INLINE__      conftest.c >&5
configure:33476: $? = 0
configure:33476: result: yes
configure:33508: checking for setjmp.h
configure:33508: ppc-amigaos-gcc -c -mcrt=clib4 -D__USE_INLINE__ -Werror-implicit-function-declaration -O2 -Wno-system-headers -mcrt=clib4 -D__USE_INLINE__      conftest.c >&5
configure:33508: $? = 0
configure:33508: result: yes
configure:33543: checking for an ANSI C-conforming const
configure:33609: ppc-amigaos-gcc -c -mcrt=clib4 -D__USE_INLINE__ -Werror-implicit-function-declaration -O2 -Wno-system-headers -mcrt=clib4 -D__USE_INLINE__      conftest.c >&5
configure:33609: $? = 0
configure:33617: result: yes
configure:33626: checking for compiler support of C99 variadic macro style
configure:33657: ppc-amigaos-gcc -c -mcrt=clib4 -D__USE_INLINE__ -Werror-implicit-function-declaration -O2 -Wno-system-headers -mcrt=clib4 -D__USE_INLINE__      conftest.c >&5
configure:33657: $? = 0
configure:33670: result: yes
configure:33679: checking for compiler support of old gcc variadic macro style
configure:33710: ppc-amigaos-gcc -c -mcrt=clib4 -D__USE_INLINE__ -Werror-implicit-function-declaration -O2 -Wno-system-headers -mcrt=clib4 -D__USE_INLINE__      conftest.c >&5
configure:33710: $? = 0
configure:33723: result: yes
configure:33733: checking for size_t
configure:33733: ppc-amigaos-gcc -c -mcrt=clib4 -D__USE_INLINE__ -Werror-implicit-function-declaration -O2 -Wno-system-headers -mcrt=clib4 -D__USE_INLINE__      conftest.c >&5
configure:33733: $? = 0
configure:33733: ppc-amigaos-gcc -c -mcrt=clib4 -D__USE_INLINE__ -Werror-implicit-function-declaration -O2 -Wno-system-headers -mcrt=clib4 -D__USE_INLINE__      conftest.c >&5
conftest.c: In function 'main':
conftest.c:123:21: error: expected expression before ')' token
  123 | if (sizeof ((size_t)))
      |                     ^
configure:33733: $? = 1
configure: failed program was:
| /* confdefs.h */
| #define PACKAGE_NAME "curl"
| #define PACKAGE_TARNAME "curl"
| #define PACKAGE_VERSION "-"
| #define PACKAGE_STRING "curl -"
| #define PACKAGE_BUGREPORT "a suitable curl mailing list: https://curl.se/mail/"
| #define PACKAGE_URL ""
| #define HAVE_STDIO_H 1
| #define HAVE_STDLIB_H 1
| #define HAVE_STRING_H 1
| #define HAVE_INTTYPES_H 1
| #define HAVE_STDINT_H 1
| #define HAVE_STRINGS_H 1
| #define HAVE_SYS_STAT_H 1
| #define HAVE_SYS_TYPES_H 1
| #define HAVE_UNISTD_H 1
| #define STDC_HEADERS 1
| #define HAVE_STDATOMIC_H 1
| #define HAVE_ATOMIC 1
| #define PACKAGE "curl"
| #define VERSION "-"
| #define OS "powerpc-unknown-amigaos"
| #define HAVE_DLFCN_H 1
| #define LT_OBJDIR ".libs/"
| #define HAVE_LDAP_SSL 1
| #define HAVE_PROTO_BSDSOCKET_H 1
| #define HAVE_SYS_TYPES_H 1
| #define HAVE_SYS_TIME_H 1
| #define HAVE_CLOCK_GETTIME_MONOTONIC 1
| #define HAVE_ZLIB_H 1
| #define HAVE_LIBZ 1
| #define HAVE_BROTLI_DECODE_H 1
| #define HAVE_BROTLI 1
| #define CURL_DISABLE_LDAP 1
| #define CURL_DISABLE_LDAPS 1
| #define HAVE_LIBSSL 1
| #define HAVE_OPENSSL_X509_H 1
| #define USE_OPENSSL 1
| #define HAVE_OPENSSL_RSA_H 1
| #define USE_OPENSSL 1
| #define HAVE_OPENSSL_CRYPTO_H 1
| #define USE_OPENSSL 1
| #define HAVE_OPENSSL_PEM_H 1
| #define USE_OPENSSL 1
| #define HAVE_OPENSSL_SSL_H 1
| #define USE_OPENSSL 1
| #define HAVE_OPENSSL_ERR_H 1
| #define USE_OPENSSL 1
| #define HAVE_OPENSSL_SRP 1
| #define CURL_CA_FALLBACK 1
| #define HAVE_LIBRTMP_RTMP_H 1
| #define USE_LIBRTMP 1
| #define HAVE_IDN2_H 1
| #define HAVE_NGHTTP2_NGHTTP2_H 1
| #define USE_NGHTTP2 1
| #define HAVE_SYS_TYPES_H 1
| #define HAVE_SYS_TIME_H 1
| #define HAVE_SYS_SELECT_H 1
| #define HAVE_SYS_SOCKET_H 1
| #define HAVE_SYS_IOCTL_H 1
| #define HAVE_SYS_UIO_H 1
| #define HAVE_ASSERT_H 1
| #define HAVE_UNISTD_H 1
| #define HAVE_STDLIB_H 1
| #define HAVE_ARPA_INET_H 1
| #define HAVE_NET_IF_H 1
| #define HAVE_NETINET_IN_H 1
| #define HAVE_SYS_UN_H 1
| #define HAVE_NETINET_TCP_H 1
| #define HAVE_NETINET_UDP_H 1
| #define HAVE_NETDB_H 1
| #define HAVE_SYS_SOCKIO_H 1
| #define HAVE_SYS_STAT_H 1
| #define HAVE_SYS_PARAM_H 1
| #define HAVE_TERMIOS_H 1
| #define HAVE_FCNTL_H 1
| #define HAVE_PWD_H 1
| #define HAVE_UTIME_H 1
| #define HAVE_SYS_POLL_H 1
| #define HAVE_POLL_H 1
| #define HAVE_SYS_RESOURCE_H 1
| #define HAVE_LIBGEN_H 1
| #define HAVE_LOCALE_H 1
| #define HAVE_ERRNO_H 1
| #define HAVE_STDBOOL_H 1
| #define HAVE_ARPA_TFTP_H 1
| #define HAVE_SYS_FILIO_H 1
| #define HAVE_SYS_WAIT_H 1
| #define HAVE_SETJMP_H 1
| #define HAVE_VARIADIC_MACROS_C99 1
| #define HAVE_VARIADIC_MACROS_GCC 1
| /* end confdefs.h.  */
| #include <stddef.h>
| #ifdef HAVE_STDIO_H
| # include <stdio.h>
| #endif
| #ifdef HAVE_STDLIB_H
| # include <stdlib.h>
| #endif
| #ifdef HAVE_STRING_H
| # include <string.h>
| #endif
| #ifdef HAVE_INTTYPES_H
| # include <inttypes.h>
| #endif
| #ifdef HAVE_STDINT_H
| # include <stdint.h>
| #endif
| #ifdef HAVE_STRINGS_H
| # include <strings.h>
| #endif
| #ifdef HAVE_SYS_TYPES_H
| # include <sys/types.h>
| #endif
| #ifdef HAVE_SYS_STAT_H
| # include <sys/stat.h>
| #endif
| #ifdef HAVE_UNISTD_H
| # include <unistd.h>
| #endif
| int main (void)
| {
| if (sizeof ((size_t)))
| 	    return 0;
|  ;
|  return 0;
| }
configure:33733: result: yes
configure:33745: checking for sys/types.h
configure:33745: result: yes
configure:33751: checking for sys/time.h
configure:33751: result: yes
configure:33757: checking for sys/socket.h
configure:33757: result: yes
configure:33764: checking for struct timeval
configure:33808: ppc-amigaos-gcc -c -mcrt=clib4 -D__USE_INLINE__ -Werror-implicit-function-declaration -O2 -Wno-system-headers -mcrt=clib4 -D__USE_INLINE__      conftest.c >&5
configure:33808: $? = 0
configure:33821: result: yes
configure:33915: checking size of size_t
configure:33936: ppc-amigaos-gcc -c -mcrt=clib4 -D__USE_INLINE__ -Werror-implicit-function-declaration -O2 -Wno-system-headers -mcrt=clib4 -D__USE_INLINE__      conftest.c >&5
conftest.c: In function 'main':
conftest.c:105:8: error: duplicate case value
  105 |        case (sizeof(size_t) == 8):;
      |        ^~~~
conftest.c:104:8: note: previously used here
  104 |        case 0:
      |        ^~~~
configure:33936: $? = 1
configure: failed program was:
| /* confdefs.h */
| #define PACKAGE_NAME "curl"
| #define PACKAGE_TARNAME "curl"
| #define PACKAGE_VERSION "-"
| #define PACKAGE_STRING "curl -"
| #define PACKAGE_BUGREPORT "a suitable curl mailing list: https://curl.se/mail/"
| #define PACKAGE_URL ""
| #define HAVE_STDIO_H 1
| #define HAVE_STDLIB_H 1
| #define HAVE_STRING_H 1
| #define HAVE_INTTYPES_H 1
| #define HAVE_STDINT_H 1
| #define HAVE_STRINGS_H 1
| #define HAVE_SYS_STAT_H 1
| #define HAVE_SYS_TYPES_H 1
| #define HAVE_UNISTD_H 1
| #define STDC_HEADERS 1
| #define HAVE_STDATOMIC_H 1
| #define HAVE_ATOMIC 1
| #define PACKAGE "curl"
| #define VERSION "-"
| #define OS "powerpc-unknown-amigaos"
| #define HAVE_DLFCN_H 1
| #define LT_OBJDIR ".libs/"
| #define HAVE_LDAP_SSL 1
| #define HAVE_PROTO_BSDSOCKET_H 1
| #define HAVE_SYS_TYPES_H 1
| #define HAVE_SYS_TIME_H 1
| #define HAVE_CLOCK_GETTIME_MONOTONIC 1
| #define HAVE_ZLIB_H 1
| #define HAVE_LIBZ 1
| #define HAVE_BROTLI_DECODE_H 1
| #define HAVE_BROTLI 1
| #define CURL_DISABLE_LDAP 1
| #define CURL_DISABLE_LDAPS 1
| #define HAVE_LIBSSL 1
| #define HAVE_OPENSSL_X509_H 1
| #define USE_OPENSSL 1
| #define HAVE_OPENSSL_RSA_H 1
| #define USE_OPENSSL 1
| #define HAVE_OPENSSL_CRYPTO_H 1
| #define USE_OPENSSL 1
| #define HAVE_OPENSSL_PEM_H 1
| #define USE_OPENSSL 1
| #define HAVE_OPENSSL_SSL_H 1
| #define USE_OPENSSL 1
| #define HAVE_OPENSSL_ERR_H 1
| #define USE_OPENSSL 1
| #define HAVE_OPENSSL_SRP 1
| #define CURL_CA_FALLBACK 1
| #define HAVE_LIBRTMP_RTMP_H 1
| #define USE_LIBRTMP 1
| #define HAVE_IDN2_H 1
| #define HAVE_NGHTTP2_NGHTTP2_H 1
| #define USE_NGHTTP2 1
| #define HAVE_SYS_TYPES_H 1
| #define HAVE_SYS_TIME_H 1
| #define HAVE_SYS_SELECT_H 1
| #define HAVE_SYS_SOCKET_H 1
| #define HAVE_SYS_IOCTL_H 1
| #define HAVE_SYS_UIO_H 1
| #define HAVE_ASSERT_H 1
| #define HAVE_UNISTD_H 1
| #define HAVE_STDLIB_H 1
| #define HAVE_ARPA_INET_H 1
| #define HAVE_NET_IF_H 1
| #define HAVE_NETINET_IN_H 1
| #define HAVE_SYS_UN_H 1
| #define HAVE_NETINET_TCP_H 1
| #define HAVE_NETINET_UDP_H 1
| #define HAVE_NETDB_H 1
| #define HAVE_SYS_SOCKIO_H 1
| #define HAVE_SYS_STAT_H 1
| #define HAVE_SYS_PARAM_H 1
| #define HAVE_TERMIOS_H 1
| #define HAVE_FCNTL_H 1
| #define HAVE_PWD_H 1
| #define HAVE_UTIME_H 1
| #define HAVE_SYS_POLL_H 1
| #define HAVE_POLL_H 1
| #define HAVE_SYS_RESOURCE_H 1
| #define HAVE_LIBGEN_H 1
| #define HAVE_LOCALE_H 1
| #define HAVE_ERRNO_H 1
| #define HAVE_STDBOOL_H 1
| #define HAVE_ARPA_TFTP_H 1
| #define HAVE_SYS_FILIO_H 1
| #define HAVE_SYS_WAIT_H 1
| #define HAVE_SETJMP_H 1
| #define HAVE_VARIADIC_MACROS_C99 1
| #define HAVE_VARIADIC_MACROS_GCC 1
| #define HAVE_SYS_TYPES_H 1
| #define HAVE_SYS_TIME_H 1
| #define HAVE_SYS_SOCKET_H 1
| #define HAVE_STRUCT_TIMEVAL 1
| /* end confdefs.h.  */
| 
| #include <sys/types.h>
| 
| 
| int main (void)
| {
| switch(0) {
|        case 0:
|        case (sizeof(size_t) == 8):;
|      }
| 
|  ;
|  return 0;
| }
configure:33936: ppc-amigaos-gcc -c -mcrt=clib4 -D__USE_INLINE__ -Werror-implicit-function-declaration -O2 -Wno-system-headers -mcrt=clib4 -D__USE_INLINE__      conftest.c >&5
configure:33936: $? = 0
configure:33952: result: 4
configure:33964: checking size of long
configure:33985: ppc-amigaos-gcc -c -mcrt=clib4 -D__USE_INLINE__ -Werror-implicit-function-declaration -O2 -Wno-system-headers -mcrt=clib4 -D__USE_INLINE__      conftest.c >&5
conftest.c: In function 'main':
conftest.c:106:8: error: duplicate case value
  106 |        case (sizeof(long) == 8):;
      |        ^~~~
conftest.c:105:8: note: previously used here
  105 |        case 0:
      |        ^~~~
configure:33985: $? = 1
configure: failed program was:
| /* confdefs.h */
| #define PACKAGE_NAME "curl"
| #define PACKAGE_TARNAME "curl"
| #define PACKAGE_VERSION "-"
| #define PACKAGE_STRING "curl -"
| #define PACKAGE_BUGREPORT "a suitable curl mailing list: https://curl.se/mail/"
| #define PACKAGE_URL ""
| #define HAVE_STDIO_H 1
| #define HAVE_STDLIB_H 1
| #define HAVE_STRING_H 1
| #define HAVE_INTTYPES_H 1
| #define HAVE_STDINT_H 1
| #define HAVE_STRINGS_H 1
| #define HAVE_SYS_STAT_H 1
| #define HAVE_SYS_TYPES_H 1
| #define HAVE_UNISTD_H 1
| #define STDC_HEADERS 1
| #define HAVE_STDATOMIC_H 1
| #define HAVE_ATOMIC 1
| #define PACKAGE "curl"
| #define VERSION "-"
| #define OS "powerpc-unknown-amigaos"
| #define HAVE_DLFCN_H 1
| #define LT_OBJDIR ".libs/"
| #define HAVE_LDAP_SSL 1
| #define HAVE_PROTO_BSDSOCKET_H 1
| #define HAVE_SYS_TYPES_H 1
| #define HAVE_SYS_TIME_H 1
| #define HAVE_CLOCK_GETTIME_MONOTONIC 1
| #define HAVE_ZLIB_H 1
| #define HAVE_LIBZ 1
| #define HAVE_BROTLI_DECODE_H 1
| #define HAVE_BROTLI 1
| #define CURL_DISABLE_LDAP 1
| #define CURL_DISABLE_LDAPS 1
| #define HAVE_LIBSSL 1
| #define HAVE_OPENSSL_X509_H 1
| #define USE_OPENSSL 1
| #define HAVE_OPENSSL_RSA_H 1
| #define USE_OPENSSL 1
| #define HAVE_OPENSSL_CRYPTO_H 1
| #define USE_OPENSSL 1
| #define HAVE_OPENSSL_PEM_H 1
| #define USE_OPENSSL 1
| #define HAVE_OPENSSL_SSL_H 1
| #define USE_OPENSSL 1
| #define HAVE_OPENSSL_ERR_H 1
| #define USE_OPENSSL 1
| #define HAVE_OPENSSL_SRP 1
| #define CURL_CA_FALLBACK 1
| #define HAVE_LIBRTMP_RTMP_H 1
| #define USE_LIBRTMP 1
| #define HAVE_IDN2_H 1
| #define HAVE_NGHTTP2_NGHTTP2_H 1
| #define USE_NGHTTP2 1
| #define HAVE_SYS_TYPES_H 1
| #define HAVE_SYS_TIME_H 1
| #define HAVE_SYS_SELECT_H 1
| #define HAVE_SYS_SOCKET_H 1
| #define HAVE_SYS_IOCTL_H 1
| #define HAVE_SYS_UIO_H 1
| #define HAVE_ASSERT_H 1
| #define HAVE_UNISTD_H 1
| #define HAVE_STDLIB_H 1
| #define HAVE_ARPA_INET_H 1
| #define HAVE_NET_IF_H 1
| #define HAVE_NETINET_IN_H 1
| #define HAVE_SYS_UN_H 1
| #define HAVE_NETINET_TCP_H 1
| #define HAVE_NETINET_UDP_H 1
| #define HAVE_NETDB_H 1
| #define HAVE_SYS_SOCKIO_H 1
| #define HAVE_SYS_STAT_H 1
| #define HAVE_SYS_PARAM_H 1
| #define HAVE_TERMIOS_H 1
| #define HAVE_FCNTL_H 1
| #define HAVE_PWD_H 1
| #define HAVE_UTIME_H 1
| #define HAVE_SYS_POLL_H 1
| #define HAVE_POLL_H 1
| #define HAVE_SYS_RESOURCE_H 1
| #define HAVE_LIBGEN_H 1
| #define HAVE_LOCALE_H 1
| #define HAVE_ERRNO_H 1
| #define HAVE_STDBOOL_H 1
| #define HAVE_ARPA_TFTP_H 1
| #define HAVE_SYS_FILIO_H 1
| #define HAVE_SYS_WAIT_H 1
| #define HAVE_SETJMP_H 1
| #define HAVE_VARIADIC_MACROS_C99 1
| #define HAVE_VARIADIC_MACROS_GCC 1
| #define HAVE_SYS_TYPES_H 1
| #define HAVE_SYS_TIME_H 1
| #define HAVE_SYS_SOCKET_H 1
| #define HAVE_STRUCT_TIMEVAL 1
| #define SIZEOF_SIZE_T 4
| /* end confdefs.h.  */
| 
| #include <sys/types.h>
| 
| 
| int main (void)
| {
| switch(0) {
|        case 0:
|        case (sizeof(long) == 8):;
|      }
| 
|  ;
|  return 0;
| }
configure:33985: ppc-amigaos-gcc -c -mcrt=clib4 -D__USE_INLINE__ -Werror-implicit-function-declaration -O2 -Wno-system-headers -mcrt=clib4 -D__USE_INLINE__      conftest.c >&5
configure:33985: $? = 0
configure:34001: result: 4
configure:34013: checking size of int
configure:34034: ppc-amigaos-gcc -c -mcrt=clib4 -D__USE_INLINE__ -Werror-implicit-function-declaration -O2 -Wno-system-headers -mcrt=clib4 -D__USE_INLINE__      conftest.c >&5
conftest.c: In function 'main':
conftest.c:107:8: error: duplicate case value
  107 |        case (sizeof(int) == 8):;
      |        ^~~~
conftest.c:106:8: note: previously used here
  106 |        case 0:
      |        ^~~~
configure:34034: $? = 1
configure: failed program was:
| /* confdefs.h */
| #define PACKAGE_NAME "curl"
| #define PACKAGE_TARNAME "curl"
| #define PACKAGE_VERSION "-"
| #define PACKAGE_STRING "curl -"
| #define PACKAGE_BUGREPORT "a suitable curl mailing list: https://curl.se/mail/"
| #define PACKAGE_URL ""
| #define HAVE_STDIO_H 1
| #define HAVE_STDLIB_H 1
| #define HAVE_STRING_H 1
| #define HAVE_INTTYPES_H 1
| #define HAVE_STDINT_H 1
| #define HAVE_STRINGS_H 1
| #define HAVE_SYS_STAT_H 1
| #define HAVE_SYS_TYPES_H 1
| #define HAVE_UNISTD_H 1
| #define STDC_HEADERS 1
| #define HAVE_STDATOMIC_H 1
| #define HAVE_ATOMIC 1
| #define PACKAGE "curl"
| #define VERSION "-"
| #define OS "powerpc-unknown-amigaos"
| #define HAVE_DLFCN_H 1
| #define LT_OBJDIR ".libs/"
| #define HAVE_LDAP_SSL 1
| #define HAVE_PROTO_BSDSOCKET_H 1
| #define HAVE_SYS_TYPES_H 1
| #define HAVE_SYS_TIME_H 1
| #define HAVE_CLOCK_GETTIME_MONOTONIC 1
| #define HAVE_ZLIB_H 1
| #define HAVE_LIBZ 1
| #define HAVE_BROTLI_DECODE_H 1
| #define HAVE_BROTLI 1
| #define CURL_DISABLE_LDAP 1
| #define CURL_DISABLE_LDAPS 1
| #define HAVE_LIBSSL 1
| #define HAVE_OPENSSL_X509_H 1
| #define USE_OPENSSL 1
| #define HAVE_OPENSSL_RSA_H 1
| #define USE_OPENSSL 1
| #define HAVE_OPENSSL_CRYPTO_H 1
| #define USE_OPENSSL 1
| #define HAVE_OPENSSL_PEM_H 1
| #define USE_OPENSSL 1
| #define HAVE_OPENSSL_SSL_H 1
| #define USE_OPENSSL 1
| #define HAVE_OPENSSL_ERR_H 1
| #define USE_OPENSSL 1
| #define HAVE_OPENSSL_SRP 1
| #define CURL_CA_FALLBACK 1
| #define HAVE_LIBRTMP_RTMP_H 1
| #define USE_LIBRTMP 1
| #define HAVE_IDN2_H 1
| #define HAVE_NGHTTP2_NGHTTP2_H 1
| #define USE_NGHTTP2 1
| #define HAVE_SYS_TYPES_H 1
| #define HAVE_SYS_TIME_H 1
| #define HAVE_SYS_SELECT_H 1
| #define HAVE_SYS_SOCKET_H 1
| #define HAVE_SYS_IOCTL_H 1
| #define HAVE_SYS_UIO_H 1
| #define HAVE_ASSERT_H 1
| #define HAVE_UNISTD_H 1
| #define HAVE_STDLIB_H 1
| #define HAVE_ARPA_INET_H 1
| #define HAVE_NET_IF_H 1
| #define HAVE_NETINET_IN_H 1
| #define HAVE_SYS_UN_H 1
| #define HAVE_NETINET_TCP_H 1
| #define HAVE_NETINET_UDP_H 1
| #define HAVE_NETDB_H 1
| #define HAVE_SYS_SOCKIO_H 1
| #define HAVE_SYS_STAT_H 1
| #define HAVE_SYS_PARAM_H 1
| #define HAVE_TERMIOS_H 1
| #define HAVE_FCNTL_H 1
| #define HAVE_PWD_H 1
| #define HAVE_UTIME_H 1
| #define HAVE_SYS_POLL_H 1
| #define HAVE_POLL_H 1
| #define HAVE_SYS_RESOURCE_H 1
| #define HAVE_LIBGEN_H 1
| #define HAVE_LOCALE_H 1
| #define HAVE_ERRNO_H 1
| #define HAVE_STDBOOL_H 1
| #define HAVE_ARPA_TFTP_H 1
| #define HAVE_SYS_FILIO_H 1
| #define HAVE_SYS_WAIT_H 1
| #define HAVE_SETJMP_H 1
| #define HAVE_VARIADIC_MACROS_C99 1
| #define HAVE_VARIADIC_MACROS_GCC 1
| #define HAVE_SYS_TYPES_H 1
| #define HAVE_SYS_TIME_H 1
| #define HAVE_SYS_SOCKET_H 1
| #define HAVE_STRUCT_TIMEVAL 1
| #define SIZEOF_SIZE_T 4
| #define SIZEOF_LONG 4
| /* end confdefs.h.  */
| 
| #include <sys/types.h>
| 
| 
| int main (void)
| {
| switch(0) {
|        case 0:
|        case (sizeof(int) == 8):;
|      }
| 
|  ;
|  return 0;
| }
configure:34034: ppc-amigaos-gcc -c -mcrt=clib4 -D__USE_INLINE__ -Werror-implicit-function-declaration -O2 -Wno-system-headers -mcrt=clib4 -D__USE_INLINE__      conftest.c >&5
configure:34034: $? = 0
configure:34050: result: 4
configure:34062: checking size of time_t
configure:34083: ppc-amigaos-gcc -c -mcrt=clib4 -D__USE_INLINE__ -Werror-implicit-function-declaration -O2 -Wno-system-headers -mcrt=clib4 -D__USE_INLINE__      conftest.c >&5
conftest.c: In function 'main':
conftest.c:108:8: error: duplicate case value
  108 |        case (sizeof(time_t) == 8):;
      |        ^~~~
conftest.c:107:8: note: previously used here
  107 |        case 0:
      |        ^~~~
configure:34083: $? = 1
configure: failed program was:
| /* confdefs.h */
| #define PACKAGE_NAME "curl"
| #define PACKAGE_TARNAME "curl"
| #define PACKAGE_VERSION "-"
| #define PACKAGE_STRING "curl -"
| #define PACKAGE_BUGREPORT "a suitable curl mailing list: https://curl.se/mail/"
| #define PACKAGE_URL ""
| #define HAVE_STDIO_H 1
| #define HAVE_STDLIB_H 1
| #define HAVE_STRING_H 1
| #define HAVE_INTTYPES_H 1
| #define HAVE_STDINT_H 1
| #define HAVE_STRINGS_H 1
| #define HAVE_SYS_STAT_H 1
| #define HAVE_SYS_TYPES_H 1
| #define HAVE_UNISTD_H 1
| #define STDC_HEADERS 1
| #define HAVE_STDATOMIC_H 1
| #define HAVE_ATOMIC 1
| #define PACKAGE "curl"
| #define VERSION "-"
| #define OS "powerpc-unknown-amigaos"
| #define HAVE_DLFCN_H 1
| #define LT_OBJDIR ".libs/"
| #define HAVE_LDAP_SSL 1
| #define HAVE_PROTO_BSDSOCKET_H 1
| #define HAVE_SYS_TYPES_H 1
| #define HAVE_SYS_TIME_H 1
| #define HAVE_CLOCK_GETTIME_MONOTONIC 1
| #define HAVE_ZLIB_H 1
| #define HAVE_LIBZ 1
| #define HAVE_BROTLI_DECODE_H 1
| #define HAVE_BROTLI 1
| #define CURL_DISABLE_LDAP 1
| #define CURL_DISABLE_LDAPS 1
| #define HAVE_LIBSSL 1
| #define HAVE_OPENSSL_X509_H 1
| #define USE_OPENSSL 1
| #define HAVE_OPENSSL_RSA_H 1
| #define USE_OPENSSL 1
| #define HAVE_OPENSSL_CRYPTO_H 1
| #define USE_OPENSSL 1
| #define HAVE_OPENSSL_PEM_H 1
| #define USE_OPENSSL 1
| #define HAVE_OPENSSL_SSL_H 1
| #define USE_OPENSSL 1
| #define HAVE_OPENSSL_ERR_H 1
| #define USE_OPENSSL 1
| #define HAVE_OPENSSL_SRP 1
| #define CURL_CA_FALLBACK 1
| #define HAVE_LIBRTMP_RTMP_H 1
| #define USE_LIBRTMP 1
| #define HAVE_IDN2_H 1
| #define HAVE_NGHTTP2_NGHTTP2_H 1
| #define USE_NGHTTP2 1
| #define HAVE_SYS_TYPES_H 1
| #define HAVE_SYS_TIME_H 1
| #define HAVE_SYS_SELECT_H 1
| #define HAVE_SYS_SOCKET_H 1
| #define HAVE_SYS_IOCTL_H 1
| #define HAVE_SYS_UIO_H 1
| #define HAVE_ASSERT_H 1
| #define HAVE_UNISTD_H 1
| #define HAVE_STDLIB_H 1
| #define HAVE_ARPA_INET_H 1
| #define HAVE_NET_IF_H 1
| #define HAVE_NETINET_IN_H 1
| #define HAVE_SYS_UN_H 1
| #define HAVE_NETINET_TCP_H 1
| #define HAVE_NETINET_UDP_H 1
| #define HAVE_NETDB_H 1
| #define HAVE_SYS_SOCKIO_H 1
| #define HAVE_SYS_STAT_H 1
| #define HAVE_SYS_PARAM_H 1
| #define HAVE_TERMIOS_H 1
| #define HAVE_FCNTL_H 1
| #define HAVE_PWD_H 1
| #define HAVE_UTIME_H 1
| #define HAVE_SYS_POLL_H 1
| #define HAVE_POLL_H 1
| #define HAVE_SYS_RESOURCE_H 1
| #define HAVE_LIBGEN_H 1
| #define HAVE_LOCALE_H 1
| #define HAVE_ERRNO_H 1
| #define HAVE_STDBOOL_H 1
| #define HAVE_ARPA_TFTP_H 1
| #define HAVE_SYS_FILIO_H 1
| #define HAVE_SYS_WAIT_H 1
| #define HAVE_SETJMP_H 1
| #define HAVE_VARIADIC_MACROS_C99 1
| #define HAVE_VARIADIC_MACROS_GCC 1
| #define HAVE_SYS_TYPES_H 1
| #define HAVE_SYS_TIME_H 1
| #define HAVE_SYS_SOCKET_H 1
| #define HAVE_STRUCT_TIMEVAL 1
| #define SIZEOF_SIZE_T 4
| #define SIZEOF_LONG 4
| #define SIZEOF_INT 4
| /* end confdefs.h.  */
| 
| #include <sys/types.h>
| 
| 
| int main (void)
| {
| switch(0) {
|        case 0:
|        case (sizeof(time_t) == 8):;
|      }
| 
|  ;
|  return 0;
| }
configure:34083: ppc-amigaos-gcc -c -mcrt=clib4 -D__USE_INLINE__ -Werror-implicit-function-declaration -O2 -Wno-system-headers -mcrt=clib4 -D__USE_INLINE__      conftest.c >&5
configure:34083: $? = 0
configure:34099: result: 4
configure:34111: checking size of off_t
configure:34132: ppc-amigaos-gcc -c -mcrt=clib4 -D__USE_INLINE__ -Werror-implicit-function-declaration -O2 -Wno-system-headers -mcrt=clib4 -D__USE_INLINE__      conftest.c >&5
configure:34132: $? = 0
configure:34148: result: 8
configure:34163: checking size of curl_off_t
configure:34186: ppc-amigaos-gcc -c -mcrt=clib4 -D__USE_INLINE__ -Werror-implicit-function-declaration -O2 -Wno-system-headers -I./include -mcrt=clib4 -D__USE_INLINE__      conftest.c >&5
configure:34186: $? = 0
configure:34202: result: 8
configure:34214: checking for long long
configure:34214: ppc-amigaos-gcc -c -mcrt=clib4 -D__USE_INLINE__ -Werror-implicit-function-declaration -O2 -Wno-system-headers -mcrt=clib4 -D__USE_INLINE__      conftest.c >&5
configure:34214: $? = 0
configure:34214: ppc-amigaos-gcc -c -mcrt=clib4 -D__USE_INLINE__ -Werror-implicit-function-declaration -O2 -Wno-system-headers -mcrt=clib4 -D__USE_INLINE__      conftest.c >&5
conftest.c: In function 'main':
conftest.c:133:24: error: expected expression before ')' token
  133 | if (sizeof ((long long)))
      |                        ^
configure:34214: $? = 1
configure: failed program was:
| /* confdefs.h */
| #define PACKAGE_NAME "curl"
| #define PACKAGE_TARNAME "curl"
| #define PACKAGE_VERSION "-"
| #define PACKAGE_STRING "curl -"
| #define PACKAGE_BUGREPORT "a suitable curl mailing list: https://curl.se/mail/"
| #define PACKAGE_URL ""
| #define HAVE_STDIO_H 1
| #define HAVE_STDLIB_H 1
| #define HAVE_STRING_H 1
| #define HAVE_INTTYPES_H 1
| #define HAVE_STDINT_H 1
| #define HAVE_STRINGS_H 1
| #define HAVE_SYS_STAT_H 1
| #define HAVE_SYS_TYPES_H 1
| #define HAVE_UNISTD_H 1
| #define STDC_HEADERS 1
| #define HAVE_STDATOMIC_H 1
| #define HAVE_ATOMIC 1
| #define PACKAGE "curl"
| #define VERSION "-"
| #define OS "powerpc-unknown-amigaos"
| #define HAVE_DLFCN_H 1
| #define LT_OBJDIR ".libs/"
| #define HAVE_LDAP_SSL 1
| #define HAVE_PROTO_BSDSOCKET_H 1
| #define HAVE_SYS_TYPES_H 1
| #define HAVE_SYS_TIME_H 1
| #define HAVE_CLOCK_GETTIME_MONOTONIC 1
| #define HAVE_ZLIB_H 1
| #define HAVE_LIBZ 1
| #define HAVE_BROTLI_DECODE_H 1
| #define HAVE_BROTLI 1
| #define CURL_DISABLE_LDAP 1
| #define CURL_DISABLE_LDAPS 1
| #define HAVE_LIBSSL 1
| #define HAVE_OPENSSL_X509_H 1
| #define USE_OPENSSL 1
| #define HAVE_OPENSSL_RSA_H 1
| #define USE_OPENSSL 1
| #define HAVE_OPENSSL_CRYPTO_H 1
| #define USE_OPENSSL 1
| #define HAVE_OPENSSL_PEM_H 1
| #define USE_OPENSSL 1
| #define HAVE_OPENSSL_SSL_H 1
| #define USE_OPENSSL 1
| #define HAVE_OPENSSL_ERR_H 1
| #define USE_OPENSSL 1
| #define HAVE_OPENSSL_SRP 1
| #define CURL_CA_FALLBACK 1
| #define HAVE_LIBRTMP_RTMP_H 1
| #define USE_LIBRTMP 1
| #define HAVE_IDN2_H 1
| #define HAVE_NGHTTP2_NGHTTP2_H 1
| #define USE_NGHTTP2 1
| #define HAVE_SYS_TYPES_H 1
| #define HAVE_SYS_TIME_H 1
| #define HAVE_SYS_SELECT_H 1
| #define HAVE_SYS_SOCKET_H 1
| #define HAVE_SYS_IOCTL_H 1
| #define HAVE_SYS_UIO_H 1
| #define HAVE_ASSERT_H 1
| #define HAVE_UNISTD_H 1
| #define HAVE_STDLIB_H 1
| #define HAVE_ARPA_INET_H 1
| #define HAVE_NET_IF_H 1
| #define HAVE_NETINET_IN_H 1
| #define HAVE_SYS_UN_H 1
| #define HAVE_NETINET_TCP_H 1
| #define HAVE_NETINET_UDP_H 1
| #define HAVE_NETDB_H 1
| #define HAVE_SYS_SOCKIO_H 1
| #define HAVE_SYS_STAT_H 1
| #define HAVE_SYS_PARAM_H 1
| #define HAVE_TERMIOS_H 1
| #define HAVE_FCNTL_H 1
| #define HAVE_PWD_H 1
| #define HAVE_UTIME_H 1
| #define HAVE_SYS_POLL_H 1
| #define HAVE_POLL_H 1
| #define HAVE_SYS_RESOURCE_H 1
| #define HAVE_LIBGEN_H 1
| #define HAVE_LOCALE_H 1
| #define HAVE_ERRNO_H 1
| #define HAVE_STDBOOL_H 1
| #define HAVE_ARPA_TFTP_H 1
| #define HAVE_SYS_FILIO_H 1
| #define HAVE_SYS_WAIT_H 1
| #define HAVE_SETJMP_H 1
| #define HAVE_VARIADIC_MACROS_C99 1
| #define HAVE_VARIADIC_MACROS_GCC 1
| #define HAVE_SYS_TYPES_H 1
| #define HAVE_SYS_TIME_H 1
| #define HAVE_SYS_SOCKET_H 1
| #define HAVE_STRUCT_TIMEVAL 1
| #define SIZEOF_SIZE_T 4
| #define SIZEOF_LONG 4
| #define SIZEOF_INT 4
| #define SIZEOF_TIME_T 4
| #define SIZEOF_OFF_T 8
| #define SIZEOF_CURL_OFF_T 8
| /* end confdefs.h.  */
| #include <stddef.h>
| #ifdef HAVE_STDIO_H
| # include <stdio.h>
| #endif
| #ifdef HAVE_STDLIB_H
| # include <stdlib.h>
| #endif
| #ifdef HAVE_STRING_H
| # include <string.h>
| #endif
| #ifdef HAVE_INTTYPES_H
| # include <inttypes.h>
| #endif
| #ifdef HAVE_STDINT_H
| # include <stdint.h>
| #endif
| #ifdef HAVE_STRINGS_H
| # include <strings.h>
| #endif
| #ifdef HAVE_SYS_TYPES_H
| # include <sys/types.h>
| #endif
| #ifdef HAVE_SYS_STAT_H
| # include <sys/stat.h>
| #endif
| #ifdef HAVE_UNISTD_H
| # include <unistd.h>
| #endif
| int main (void)
| {
| if (sizeof ((long long)))
| 	    return 0;
|  ;
|  return 0;
| }
configure:34214: result: yes
configure:34227: checking for ssize_t
configure:34227: ppc-amigaos-gcc -c -mcrt=clib4 -D__USE_INLINE__ -Werror-implicit-function-declaration -O2 -Wno-system-headers -mcrt=clib4 -D__USE_INLINE__      conftest.c >&5
configure:34227: $? = 0
configure:34227: ppc-amigaos-gcc -c -mcrt=clib4 -D__USE_INLINE__ -Werror-implicit-function-declaration -O2 -Wno-system-headers -mcrt=clib4 -D__USE_INLINE__      conftest.c >&5
conftest.c: In function 'main':
conftest.c:134:22: error: expected expression before ')' token
  134 | if (sizeof ((ssize_t)))
      |                      ^
configure:34227: $? = 1
configure: failed program was:
| /* confdefs.h */
| #define PACKAGE_NAME "curl"
| #define PACKAGE_TARNAME "curl"
| #define PACKAGE_VERSION "-"
| #define PACKAGE_STRING "curl -"
| #define PACKAGE_BUGREPORT "a suitable curl mailing list: https://curl.se/mail/"
| #define PACKAGE_URL ""
| #define HAVE_STDIO_H 1
| #define HAVE_STDLIB_H 1
| #define HAVE_STRING_H 1
| #define HAVE_INTTYPES_H 1
| #define HAVE_STDINT_H 1
| #define HAVE_STRINGS_H 1
| #define HAVE_SYS_STAT_H 1
| #define HAVE_SYS_TYPES_H 1
| #define HAVE_UNISTD_H 1
| #define STDC_HEADERS 1
| #define HAVE_STDATOMIC_H 1
| #define HAVE_ATOMIC 1
| #define PACKAGE "curl"
| #define VERSION "-"
| #define OS "powerpc-unknown-amigaos"
| #define HAVE_DLFCN_H 1
| #define LT_OBJDIR ".libs/"
| #define HAVE_LDAP_SSL 1
| #define HAVE_PROTO_BSDSOCKET_H 1
| #define HAVE_SYS_TYPES_H 1
| #define HAVE_SYS_TIME_H 1
| #define HAVE_CLOCK_GETTIME_MONOTONIC 1
| #define HAVE_ZLIB_H 1
| #define HAVE_LIBZ 1
| #define HAVE_BROTLI_DECODE_H 1
| #define HAVE_BROTLI 1
| #define CURL_DISABLE_LDAP 1
| #define CURL_DISABLE_LDAPS 1
| #define HAVE_LIBSSL 1
| #define HAVE_OPENSSL_X509_H 1
| #define USE_OPENSSL 1
| #define HAVE_OPENSSL_RSA_H 1
| #define USE_OPENSSL 1
| #define HAVE_OPENSSL_CRYPTO_H 1
| #define USE_OPENSSL 1
| #define HAVE_OPENSSL_PEM_H 1
| #define USE_OPENSSL 1
| #define HAVE_OPENSSL_SSL_H 1
| #define USE_OPENSSL 1
| #define HAVE_OPENSSL_ERR_H 1
| #define USE_OPENSSL 1
| #define HAVE_OPENSSL_SRP 1
| #define CURL_CA_FALLBACK 1
| #define HAVE_LIBRTMP_RTMP_H 1
| #define USE_LIBRTMP 1
| #define HAVE_IDN2_H 1
| #define HAVE_NGHTTP2_NGHTTP2_H 1
| #define USE_NGHTTP2 1
| #define HAVE_SYS_TYPES_H 1
| #define HAVE_SYS_TIME_H 1
| #define HAVE_SYS_SELECT_H 1
| #define HAVE_SYS_SOCKET_H 1
| #define HAVE_SYS_IOCTL_H 1
| #define HAVE_SYS_UIO_H 1
| #define HAVE_ASSERT_H 1
| #define HAVE_UNISTD_H 1
| #define HAVE_STDLIB_H 1
| #define HAVE_ARPA_INET_H 1
| #define HAVE_NET_IF_H 1
| #define HAVE_NETINET_IN_H 1
| #define HAVE_SYS_UN_H 1
| #define HAVE_NETINET_TCP_H 1
| #define HAVE_NETINET_UDP_H 1
| #define HAVE_NETDB_H 1
| #define HAVE_SYS_SOCKIO_H 1
| #define HAVE_SYS_STAT_H 1
| #define HAVE_SYS_PARAM_H 1
| #define HAVE_TERMIOS_H 1
| #define HAVE_FCNTL_H 1
| #define HAVE_PWD_H 1
| #define HAVE_UTIME_H 1
| #define HAVE_SYS_POLL_H 1
| #define HAVE_POLL_H 1
| #define HAVE_SYS_RESOURCE_H 1
| #define HAVE_LIBGEN_H 1
| #define HAVE_LOCALE_H 1
| #define HAVE_ERRNO_H 1
| #define HAVE_STDBOOL_H 1
| #define HAVE_ARPA_TFTP_H 1
| #define HAVE_SYS_FILIO_H 1
| #define HAVE_SYS_WAIT_H 1
| #define HAVE_SETJMP_H 1
| #define HAVE_VARIADIC_MACROS_C99 1
| #define HAVE_VARIADIC_MACROS_GCC 1
| #define HAVE_SYS_TYPES_H 1
| #define HAVE_SYS_TIME_H 1
| #define HAVE_SYS_SOCKET_H 1
| #define HAVE_STRUCT_TIMEVAL 1
| #define SIZEOF_SIZE_T 4
| #define SIZEOF_LONG 4
| #define SIZEOF_INT 4
| #define SIZEOF_TIME_T 4
| #define SIZEOF_OFF_T 8
| #define SIZEOF_CURL_OFF_T 8
| #define HAVE_LONGLONG 1
| /* end confdefs.h.  */
| #include <stddef.h>
| #ifdef HAVE_STDIO_H
| # include <stdio.h>
| #endif
| #ifdef HAVE_STDLIB_H
| # include <stdlib.h>
| #endif
| #ifdef HAVE_STRING_H
| # include <string.h>
| #endif
| #ifdef HAVE_INTTYPES_H
| # include <inttypes.h>
| #endif
| #ifdef HAVE_STDINT_H
| # include <stdint.h>
| #endif
| #ifdef HAVE_STRINGS_H
| # include <strings.h>
| #endif
| #ifdef HAVE_SYS_TYPES_H
| # include <sys/types.h>
| #endif
| #ifdef HAVE_SYS_STAT_H
| # include <sys/stat.h>
| #endif
| #ifdef HAVE_UNISTD_H
| # include <unistd.h>
| #endif
| int main (void)
| {
| if (sizeof ((ssize_t)))
| 	    return 0;
|  ;
|  return 0;
| }
configure:34227: result: yes
configure:34239: checking for bool
configure:34239: ppc-amigaos-gcc -c -mcrt=clib4 -D__USE_INLINE__ -Werror-implicit-function-declaration -O2 -Wno-system-headers -mcrt=clib4 -D__USE_INLINE__      conftest.c >&5
configure:34239: $? = 0
configure:34239: ppc-amigaos-gcc -c -mcrt=clib4 -D__USE_INLINE__ -Werror-implicit-function-declaration -O2 -Wno-system-headers -mcrt=clib4 -D__USE_INLINE__      conftest.c >&5
conftest.c: In function 'main':
conftest.c:115:19: error: expected expression before ')' token
  115 | if (sizeof ((bool)))
      |                   ^
configure:34239: $? = 1
configure: failed program was:
| /* confdefs.h */
| #define PACKAGE_NAME "curl"
| #define PACKAGE_TARNAME "curl"
| #define PACKAGE_VERSION "-"
| #define PACKAGE_STRING "curl -"
| #define PACKAGE_BUGREPORT "a suitable curl mailing list: https://curl.se/mail/"
| #define PACKAGE_URL ""
| #define HAVE_STDIO_H 1
| #define HAVE_STDLIB_H 1
| #define HAVE_STRING_H 1
| #define HAVE_INTTYPES_H 1
| #define HAVE_STDINT_H 1
| #define HAVE_STRINGS_H 1
| #define HAVE_SYS_STAT_H 1
| #define HAVE_SYS_TYPES_H 1
| #define HAVE_UNISTD_H 1
| #define STDC_HEADERS 1
| #define HAVE_STDATOMIC_H 1
| #define HAVE_ATOMIC 1
| #define PACKAGE "curl"
| #define VERSION "-"
| #define OS "powerpc-unknown-amigaos"
| #define HAVE_DLFCN_H 1
| #define LT_OBJDIR ".libs/"
| #define HAVE_LDAP_SSL 1
| #define HAVE_PROTO_BSDSOCKET_H 1
| #define HAVE_SYS_TYPES_H 1
| #define HAVE_SYS_TIME_H 1
| #define HAVE_CLOCK_GETTIME_MONOTONIC 1
| #define HAVE_ZLIB_H 1
| #define HAVE_LIBZ 1
| #define HAVE_BROTLI_DECODE_H 1
| #define HAVE_BROTLI 1
| #define CURL_DISABLE_LDAP 1
| #define CURL_DISABLE_LDAPS 1
| #define HAVE_LIBSSL 1
| #define HAVE_OPENSSL_X509_H 1
| #define USE_OPENSSL 1
| #define HAVE_OPENSSL_RSA_H 1
| #define USE_OPENSSL 1
| #define HAVE_OPENSSL_CRYPTO_H 1
| #define USE_OPENSSL 1
| #define HAVE_OPENSSL_PEM_H 1
| #define USE_OPENSSL 1
| #define HAVE_OPENSSL_SSL_H 1
| #define USE_OPENSSL 1
| #define HAVE_OPENSSL_ERR_H 1
| #define USE_OPENSSL 1
| #define HAVE_OPENSSL_SRP 1
| #define CURL_CA_FALLBACK 1
| #define HAVE_LIBRTMP_RTMP_H 1
| #define USE_LIBRTMP 1
| #define HAVE_IDN2_H 1
| #define HAVE_NGHTTP2_NGHTTP2_H 1
| #define USE_NGHTTP2 1
| #define HAVE_SYS_TYPES_H 1
| #define HAVE_SYS_TIME_H 1
| #define HAVE_SYS_SELECT_H 1
| #define HAVE_SYS_SOCKET_H 1
| #define HAVE_SYS_IOCTL_H 1
| #define HAVE_SYS_UIO_H 1
| #define HAVE_ASSERT_H 1
| #define HAVE_UNISTD_H 1
| #define HAVE_STDLIB_H 1
| #define HAVE_ARPA_INET_H 1
| #define HAVE_NET_IF_H 1
| #define HAVE_NETINET_IN_H 1
| #define HAVE_SYS_UN_H 1
| #define HAVE_NETINET_TCP_H 1
| #define HAVE_NETINET_UDP_H 1
| #define HAVE_NETDB_H 1
| #define HAVE_SYS_SOCKIO_H 1
| #define HAVE_SYS_STAT_H 1
| #define HAVE_SYS_PARAM_H 1
| #define HAVE_TERMIOS_H 1
| #define HAVE_FCNTL_H 1
| #define HAVE_PWD_H 1
| #define HAVE_UTIME_H 1
| #define HAVE_SYS_POLL_H 1
| #define HAVE_POLL_H 1
| #define HAVE_SYS_RESOURCE_H 1
| #define HAVE_LIBGEN_H 1
| #define HAVE_LOCALE_H 1
| #define HAVE_ERRNO_H 1
| #define HAVE_STDBOOL_H 1
| #define HAVE_ARPA_TFTP_H 1
| #define HAVE_SYS_FILIO_H 1
| #define HAVE_SYS_WAIT_H 1
| #define HAVE_SETJMP_H 1
| #define HAVE_VARIADIC_MACROS_C99 1
| #define HAVE_VARIADIC_MACROS_GCC 1
| #define HAVE_SYS_TYPES_H 1
| #define HAVE_SYS_TIME_H 1
| #define HAVE_SYS_SOCKET_H 1
| #define HAVE_STRUCT_TIMEVAL 1
| #define SIZEOF_SIZE_T 4
| #define SIZEOF_LONG 4
| #define SIZEOF_INT 4
| #define SIZEOF_TIME_T 4
| #define SIZEOF_OFF_T 8
| #define SIZEOF_CURL_OFF_T 8
| #define HAVE_LONGLONG 1
| /* end confdefs.h.  */
| 
| #ifdef HAVE_SYS_TYPES_H
| #include <sys/types.h>
| #endif
| #ifdef HAVE_STDBOOL_H
| #include <stdbool.h>
| #endif
| 
| 
| int main (void)
| {
| if (sizeof ((bool)))
| 	    return 0;
|  ;
|  return 0;
| }
configure:34239: result: yes
configure:34259: checking for sa_family_t
configure:34259: ppc-amigaos-gcc -c -mcrt=clib4 -D__USE_INLINE__ -Werror-implicit-function-declaration -O2 -Wno-system-headers -mcrt=clib4 -D__USE_INLINE__      conftest.c >&5
configure:34259: $? = 0
configure:34259: ppc-amigaos-gcc -c -mcrt=clib4 -D__USE_INLINE__ -Werror-implicit-function-declaration -O2 -Wno-system-headers -mcrt=clib4 -D__USE_INLINE__      conftest.c >&5
conftest.c: In function 'main':
conftest.c:113:26: error: expected expression before ')' token
  113 | if (sizeof ((sa_family_t)))
      |                          ^
configure:34259: $? = 1
configure: failed program was:
| /* confdefs.h */
| #define PACKAGE_NAME "curl"
| #define PACKAGE_TARNAME "curl"
| #define PACKAGE_VERSION "-"
| #define PACKAGE_STRING "curl -"
| #define PACKAGE_BUGREPORT "a suitable curl mailing list: https://curl.se/mail/"
| #define PACKAGE_URL ""
| #define HAVE_STDIO_H 1
| #define HAVE_STDLIB_H 1
| #define HAVE_STRING_H 1
| #define HAVE_INTTYPES_H 1
| #define HAVE_STDINT_H 1
| #define HAVE_STRINGS_H 1
| #define HAVE_SYS_STAT_H 1
| #define HAVE_SYS_TYPES_H 1
| #define HAVE_UNISTD_H 1
| #define STDC_HEADERS 1
| #define HAVE_STDATOMIC_H 1
| #define HAVE_ATOMIC 1
| #define PACKAGE "curl"
| #define VERSION "-"
| #define OS "powerpc-unknown-amigaos"
| #define HAVE_DLFCN_H 1
| #define LT_OBJDIR ".libs/"
| #define HAVE_LDAP_SSL 1
| #define HAVE_PROTO_BSDSOCKET_H 1
| #define HAVE_SYS_TYPES_H 1
| #define HAVE_SYS_TIME_H 1
| #define HAVE_CLOCK_GETTIME_MONOTONIC 1
| #define HAVE_ZLIB_H 1
| #define HAVE_LIBZ 1
| #define HAVE_BROTLI_DECODE_H 1
| #define HAVE_BROTLI 1
| #define CURL_DISABLE_LDAP 1
| #define CURL_DISABLE_LDAPS 1
| #define HAVE_LIBSSL 1
| #define HAVE_OPENSSL_X509_H 1
| #define USE_OPENSSL 1
| #define HAVE_OPENSSL_RSA_H 1
| #define USE_OPENSSL 1
| #define HAVE_OPENSSL_CRYPTO_H 1
| #define USE_OPENSSL 1
| #define HAVE_OPENSSL_PEM_H 1
| #define USE_OPENSSL 1
| #define HAVE_OPENSSL_SSL_H 1
| #define USE_OPENSSL 1
| #define HAVE_OPENSSL_ERR_H 1
| #define USE_OPENSSL 1
| #define HAVE_OPENSSL_SRP 1
| #define CURL_CA_FALLBACK 1
| #define HAVE_LIBRTMP_RTMP_H 1
| #define USE_LIBRTMP 1
| #define HAVE_IDN2_H 1
| #define HAVE_NGHTTP2_NGHTTP2_H 1
| #define USE_NGHTTP2 1
| #define HAVE_SYS_TYPES_H 1
| #define HAVE_SYS_TIME_H 1
| #define HAVE_SYS_SELECT_H 1
| #define HAVE_SYS_SOCKET_H 1
| #define HAVE_SYS_IOCTL_H 1
| #define HAVE_SYS_UIO_H 1
| #define HAVE_ASSERT_H 1
| #define HAVE_UNISTD_H 1
| #define HAVE_STDLIB_H 1
| #define HAVE_ARPA_INET_H 1
| #define HAVE_NET_IF_H 1
| #define HAVE_NETINET_IN_H 1
| #define HAVE_SYS_UN_H 1
| #define HAVE_NETINET_TCP_H 1
| #define HAVE_NETINET_UDP_H 1
| #define HAVE_NETDB_H 1
| #define HAVE_SYS_SOCKIO_H 1
| #define HAVE_SYS_STAT_H 1
| #define HAVE_SYS_PARAM_H 1
| #define HAVE_TERMIOS_H 1
| #define HAVE_FCNTL_H 1
| #define HAVE_PWD_H 1
| #define HAVE_UTIME_H 1
| #define HAVE_SYS_POLL_H 1
| #define HAVE_POLL_H 1
| #define HAVE_SYS_RESOURCE_H 1
| #define HAVE_LIBGEN_H 1
| #define HAVE_LOCALE_H 1
| #define HAVE_ERRNO_H 1
| #define HAVE_STDBOOL_H 1
| #define HAVE_ARPA_TFTP_H 1
| #define HAVE_SYS_FILIO_H 1
| #define HAVE_SYS_WAIT_H 1
| #define HAVE_SETJMP_H 1
| #define HAVE_VARIADIC_MACROS_C99 1
| #define HAVE_VARIADIC_MACROS_GCC 1
| #define HAVE_SYS_TYPES_H 1
| #define HAVE_SYS_TIME_H 1
| #define HAVE_SYS_SOCKET_H 1
| #define HAVE_STRUCT_TIMEVAL 1
| #define SIZEOF_SIZE_T 4
| #define SIZEOF_LONG 4
| #define SIZEOF_INT 4
| #define SIZEOF_TIME_T 4
| #define SIZEOF_OFF_T 8
| #define SIZEOF_CURL_OFF_T 8
| #define HAVE_LONGLONG 1
| #define HAVE_BOOL_T 1
| /* end confdefs.h.  */
| 
| #ifdef HAVE_SYS_SOCKET_H
| #include <sys/socket.h>
| #endif
| 
| 
| int main (void)
| {
| if (sizeof ((sa_family_t)))
| 	    return 0;
|  ;
|  return 0;
| }
configure:34259: result: yes
configure:34295: checking for suseconds_t
configure:34295: ppc-amigaos-gcc -c -mcrt=clib4 -D__USE_INLINE__ -Werror-implicit-function-declaration -O2 -Wno-system-headers -mcrt=clib4 -D__USE_INLINE__      conftest.c >&5
configure:34295: $? = 0
configure:34295: ppc-amigaos-gcc -c -mcrt=clib4 -D__USE_INLINE__ -Werror-implicit-function-declaration -O2 -Wno-system-headers -mcrt=clib4 -D__USE_INLINE__      conftest.c >&5
conftest.c: In function 'main':
conftest.c:117:26: error: expected expression before ')' token
  117 | if (sizeof ((suseconds_t)))
      |                          ^
configure:34295: $? = 1
configure: failed program was:
| /* confdefs.h */
| #define PACKAGE_NAME "curl"
| #define PACKAGE_TARNAME "curl"
| #define PACKAGE_VERSION "-"
| #define PACKAGE_STRING "curl -"
| #define PACKAGE_BUGREPORT "a suitable curl mailing list: https://curl.se/mail/"
| #define PACKAGE_URL ""
| #define HAVE_STDIO_H 1
| #define HAVE_STDLIB_H 1
| #define HAVE_STRING_H 1
| #define HAVE_INTTYPES_H 1
| #define HAVE_STDINT_H 1
| #define HAVE_STRINGS_H 1
| #define HAVE_SYS_STAT_H 1
| #define HAVE_SYS_TYPES_H 1
| #define HAVE_UNISTD_H 1
| #define STDC_HEADERS 1
| #define HAVE_STDATOMIC_H 1
| #define HAVE_ATOMIC 1
| #define PACKAGE "curl"
| #define VERSION "-"
| #define OS "powerpc-unknown-amigaos"
| #define HAVE_DLFCN_H 1
| #define LT_OBJDIR ".libs/"
| #define HAVE_LDAP_SSL 1
| #define HAVE_PROTO_BSDSOCKET_H 1
| #define HAVE_SYS_TYPES_H 1
| #define HAVE_SYS_TIME_H 1
| #define HAVE_CLOCK_GETTIME_MONOTONIC 1
| #define HAVE_ZLIB_H 1
| #define HAVE_LIBZ 1
| #define HAVE_BROTLI_DECODE_H 1
| #define HAVE_BROTLI 1
| #define CURL_DISABLE_LDAP 1
| #define CURL_DISABLE_LDAPS 1
| #define HAVE_LIBSSL 1
| #define HAVE_OPENSSL_X509_H 1
| #define USE_OPENSSL 1
| #define HAVE_OPENSSL_RSA_H 1
| #define USE_OPENSSL 1
| #define HAVE_OPENSSL_CRYPTO_H 1
| #define USE_OPENSSL 1
| #define HAVE_OPENSSL_PEM_H 1
| #define USE_OPENSSL 1
| #define HAVE_OPENSSL_SSL_H 1
| #define USE_OPENSSL 1
| #define HAVE_OPENSSL_ERR_H 1
| #define USE_OPENSSL 1
| #define HAVE_OPENSSL_SRP 1
| #define CURL_CA_FALLBACK 1
| #define HAVE_LIBRTMP_RTMP_H 1
| #define USE_LIBRTMP 1
| #define HAVE_IDN2_H 1
| #define HAVE_NGHTTP2_NGHTTP2_H 1
| #define USE_NGHTTP2 1
| #define HAVE_SYS_TYPES_H 1
| #define HAVE_SYS_TIME_H 1
| #define HAVE_SYS_SELECT_H 1
| #define HAVE_SYS_SOCKET_H 1
| #define HAVE_SYS_IOCTL_H 1
| #define HAVE_SYS_UIO_H 1
| #define HAVE_ASSERT_H 1
| #define HAVE_UNISTD_H 1
| #define HAVE_STDLIB_H 1
| #define HAVE_ARPA_INET_H 1
| #define HAVE_NET_IF_H 1
| #define HAVE_NETINET_IN_H 1
| #define HAVE_SYS_UN_H 1
| #define HAVE_NETINET_TCP_H 1
| #define HAVE_NETINET_UDP_H 1
| #define HAVE_NETDB_H 1
| #define HAVE_SYS_SOCKIO_H 1
| #define HAVE_SYS_STAT_H 1
| #define HAVE_SYS_PARAM_H 1
| #define HAVE_TERMIOS_H 1
| #define HAVE_FCNTL_H 1
| #define HAVE_PWD_H 1
| #define HAVE_UTIME_H 1
| #define HAVE_SYS_POLL_H 1
| #define HAVE_POLL_H 1
| #define HAVE_SYS_RESOURCE_H 1
| #define HAVE_LIBGEN_H 1
| #define HAVE_LOCALE_H 1
| #define HAVE_ERRNO_H 1
| #define HAVE_STDBOOL_H 1
| #define HAVE_ARPA_TFTP_H 1
| #define HAVE_SYS_FILIO_H 1
| #define HAVE_SYS_WAIT_H 1
| #define HAVE_SETJMP_H 1
| #define HAVE_VARIADIC_MACROS_C99 1
| #define HAVE_VARIADIC_MACROS_GCC 1
| #define HAVE_SYS_TYPES_H 1
| #define HAVE_SYS_TIME_H 1
| #define HAVE_SYS_SOCKET_H 1
| #define HAVE_STRUCT_TIMEVAL 1
| #define SIZEOF_SIZE_T 4
| #define SIZEOF_LONG 4
| #define SIZEOF_INT 4
| #define SIZEOF_TIME_T 4
| #define SIZEOF_OFF_T 8
| #define SIZEOF_CURL_OFF_T 8
| #define HAVE_LONGLONG 1
| #define HAVE_BOOL_T 1
| #define CURL_SA_FAMILY_T sa_family_t
| /* end confdefs.h.  */
| 
| #ifdef HAVE_SYS_TYPES_H
| #include <sys/types.h>
| #endif
| #ifdef HAVE_SYS_TIME_H
| #include <sys/time.h>
| #endif
| 
| 
| int main (void)
| {
| if (sizeof ((suseconds_t)))
| 	    return 0;
|  ;
|  return 0;
| }
configure:34295: result: yes
configure:34314: checking if time_t is unsigned
configure:34358: result: no
configure:34406: checking for sys/types.h
configure:34406: result: yes
configure:34413: checking for poll.h
configure:34413: result: yes
configure:34420: checking for sys/poll.h
configure:34420: result: yes
configure:34453: ppc-amigaos-gcc -c -mcrt=clib4 -D__USE_INLINE__ -Werror-implicit-function-declaration -O2 -Wno-system-headers -mcrt=clib4 -D__USE_INLINE__      conftest.c >&5
conftest.c: In function 'main':
conftest.c:130:7: error: unknown type name 'force'
  130 |       force compilation error
      |       ^~~~~
conftest.c:130:25: error: expected '=', ',', ';', 'asm' or '__attribute__' before 'error'
  130 |       force compilation error
      |                         ^~~~~
configure:34453: $? = 1
configure: failed program was:
| /* confdefs.h */
| #define PACKAGE_NAME "curl"
| #define PACKAGE_TARNAME "curl"
| #define PACKAGE_VERSION "-"
| #define PACKAGE_STRING "curl -"
| #define PACKAGE_BUGREPORT "a suitable curl mailing list: https://curl.se/mail/"
| #define PACKAGE_URL ""
| #define HAVE_STDIO_H 1
| #define HAVE_STDLIB_H 1
| #define HAVE_STRING_H 1
| #define HAVE_INTTYPES_H 1
| #define HAVE_STDINT_H 1
| #define HAVE_STRINGS_H 1
| #define HAVE_SYS_STAT_H 1
| #define HAVE_SYS_TYPES_H 1
| #define HAVE_UNISTD_H 1
| #define STDC_HEADERS 1
| #define HAVE_STDATOMIC_H 1
| #define HAVE_ATOMIC 1
| #define PACKAGE "curl"
| #define VERSION "-"
| #define OS "powerpc-unknown-amigaos"
| #define HAVE_DLFCN_H 1
| #define LT_OBJDIR ".libs/"
| #define HAVE_LDAP_SSL 1
| #define HAVE_PROTO_BSDSOCKET_H 1
| #define HAVE_SYS_TYPES_H 1
| #define HAVE_SYS_TIME_H 1
| #define HAVE_CLOCK_GETTIME_MONOTONIC 1
| #define HAVE_ZLIB_H 1
| #define HAVE_LIBZ 1
| #define HAVE_BROTLI_DECODE_H 1
| #define HAVE_BROTLI 1
| #define CURL_DISABLE_LDAP 1
| #define CURL_DISABLE_LDAPS 1
| #define HAVE_LIBSSL 1
| #define HAVE_OPENSSL_X509_H 1
| #define USE_OPENSSL 1
| #define HAVE_OPENSSL_RSA_H 1
| #define USE_OPENSSL 1
| #define HAVE_OPENSSL_CRYPTO_H 1
| #define USE_OPENSSL 1
| #define HAVE_OPENSSL_PEM_H 1
| #define USE_OPENSSL 1
| #define HAVE_OPENSSL_SSL_H 1
| #define USE_OPENSSL 1
| #define HAVE_OPENSSL_ERR_H 1
| #define USE_OPENSSL 1
| #define HAVE_OPENSSL_SRP 1
| #define CURL_CA_FALLBACK 1
| #define HAVE_LIBRTMP_RTMP_H 1
| #define USE_LIBRTMP 1
| #define HAVE_IDN2_H 1
| #define HAVE_NGHTTP2_NGHTTP2_H 1
| #define USE_NGHTTP2 1
| #define HAVE_SYS_TYPES_H 1
| #define HAVE_SYS_TIME_H 1
| #define HAVE_SYS_SELECT_H 1
| #define HAVE_SYS_SOCKET_H 1
| #define HAVE_SYS_IOCTL_H 1
| #define HAVE_SYS_UIO_H 1
| #define HAVE_ASSERT_H 1
| #define HAVE_UNISTD_H 1
| #define HAVE_STDLIB_H 1
| #define HAVE_ARPA_INET_H 1
| #define HAVE_NET_IF_H 1
| #define HAVE_NETINET_IN_H 1
| #define HAVE_SYS_UN_H 1
| #define HAVE_NETINET_TCP_H 1
| #define HAVE_NETINET_UDP_H 1
| #define HAVE_NETDB_H 1
| #define HAVE_SYS_SOCKIO_H 1
| #define HAVE_SYS_STAT_H 1
| #define HAVE_SYS_PARAM_H 1
| #define HAVE_TERMIOS_H 1
| #define HAVE_FCNTL_H 1
| #define HAVE_PWD_H 1
| #define HAVE_UTIME_H 1
| #define HAVE_SYS_POLL_H 1
| #define HAVE_POLL_H 1
| #define HAVE_SYS_RESOURCE_H 1
| #define HAVE_LIBGEN_H 1
| #define HAVE_LOCALE_H 1
| #define HAVE_ERRNO_H 1
| #define HAVE_STDBOOL_H 1
| #define HAVE_ARPA_TFTP_H 1
| #define HAVE_SYS_FILIO_H 1
| #define HAVE_SYS_WAIT_H 1
| #define HAVE_SETJMP_H 1
| #define HAVE_VARIADIC_MACROS_C99 1
| #define HAVE_VARIADIC_MACROS_GCC 1
| #define HAVE_SYS_TYPES_H 1
| #define HAVE_SYS_TIME_H 1
| #define HAVE_SYS_SOCKET_H 1
| #define HAVE_STRUCT_TIMEVAL 1
| #define SIZEOF_SIZE_T 4
| #define SIZEOF_LONG 4
| #define SIZEOF_INT 4
| #define SIZEOF_TIME_T 4
| #define SIZEOF_OFF_T 8
| #define SIZEOF_CURL_OFF_T 8
| #define HAVE_LONGLONG 1
| #define HAVE_BOOL_T 1
| #define CURL_SA_FAMILY_T sa_family_t
| #define HAVE_SUSECONDS_T 1
| #define HAVE_SYS_TYPES_H 1
| #define HAVE_POLL_H 1
| #define HAVE_SYS_POLL_H 1
| /* end confdefs.h.  */
| 
| 
|       /* includes start */
| #ifdef HAVE_SYS_TYPES_H
| #  include <sys/types.h>
| #endif
| #ifdef HAVE_POLL_H
| #  include <poll.h>
| #endif
| #ifdef HAVE_SYS_POLL_H
| #  include <sys/poll.h>
| #endif
| /* includes end */
| 
| int main (void)
| {
| 
| #if defined(events) || defined(revents)
|       return 0;
| #else
|       force compilation error
| #endif
| 
|  ;
|  return 0;
| }
| 
configure:34478: checking for in_addr_t
configure:34478: ppc-amigaos-gcc -c -mcrt=clib4 -D__USE_INLINE__ -Werror-implicit-function-declaration -O2 -Wno-system-headers -mcrt=clib4 -D__USE_INLINE__      conftest.c >&5
configure:34478: $? = 0
configure:34478: ppc-amigaos-gcc -c -mcrt=clib4 -D__USE_INLINE__ -Werror-implicit-function-declaration -O2 -Wno-system-headers -mcrt=clib4 -D__USE_INLINE__      conftest.c >&5
conftest.c: In function 'main':
conftest.c:138:24: error: expected expression before ')' token
  138 | if (sizeof ((in_addr_t)))
      |                        ^
configure:34478: $? = 1
configure: failed program was:
| /* confdefs.h */
| #define PACKAGE_NAME "curl"
| #define PACKAGE_TARNAME "curl"
| #define PACKAGE_VERSION "-"
| #define PACKAGE_STRING "curl -"
| #define PACKAGE_BUGREPORT "a suitable curl mailing list: https://curl.se/mail/"
| #define PACKAGE_URL ""
| #define HAVE_STDIO_H 1
| #define HAVE_STDLIB_H 1
| #define HAVE_STRING_H 1
| #define HAVE_INTTYPES_H 1
| #define HAVE_STDINT_H 1
| #define HAVE_STRINGS_H 1
| #define HAVE_SYS_STAT_H 1
| #define HAVE_SYS_TYPES_H 1
| #define HAVE_UNISTD_H 1
| #define STDC_HEADERS 1
| #define HAVE_STDATOMIC_H 1
| #define HAVE_ATOMIC 1
| #define PACKAGE "curl"
| #define VERSION "-"
| #define OS "powerpc-unknown-amigaos"
| #define HAVE_DLFCN_H 1
| #define LT_OBJDIR ".libs/"
| #define HAVE_LDAP_SSL 1
| #define HAVE_PROTO_BSDSOCKET_H 1
| #define HAVE_SYS_TYPES_H 1
| #define HAVE_SYS_TIME_H 1
| #define HAVE_CLOCK_GETTIME_MONOTONIC 1
| #define HAVE_ZLIB_H 1
| #define HAVE_LIBZ 1
| #define HAVE_BROTLI_DECODE_H 1
| #define HAVE_BROTLI 1
| #define CURL_DISABLE_LDAP 1
| #define CURL_DISABLE_LDAPS 1
| #define HAVE_LIBSSL 1
| #define HAVE_OPENSSL_X509_H 1
| #define USE_OPENSSL 1
| #define HAVE_OPENSSL_RSA_H 1
| #define USE_OPENSSL 1
| #define HAVE_OPENSSL_CRYPTO_H 1
| #define USE_OPENSSL 1
| #define HAVE_OPENSSL_PEM_H 1
| #define USE_OPENSSL 1
| #define HAVE_OPENSSL_SSL_H 1
| #define USE_OPENSSL 1
| #define HAVE_OPENSSL_ERR_H 1
| #define USE_OPENSSL 1
| #define HAVE_OPENSSL_SRP 1
| #define CURL_CA_FALLBACK 1
| #define HAVE_LIBRTMP_RTMP_H 1
| #define USE_LIBRTMP 1
| #define HAVE_IDN2_H 1
| #define HAVE_NGHTTP2_NGHTTP2_H 1
| #define USE_NGHTTP2 1
| #define HAVE_SYS_TYPES_H 1
| #define HAVE_SYS_TIME_H 1
| #define HAVE_SYS_SELECT_H 1
| #define HAVE_SYS_SOCKET_H 1
| #define HAVE_SYS_IOCTL_H 1
| #define HAVE_SYS_UIO_H 1
| #define HAVE_ASSERT_H 1
| #define HAVE_UNISTD_H 1
| #define HAVE_STDLIB_H 1
| #define HAVE_ARPA_INET_H 1
| #define HAVE_NET_IF_H 1
| #define HAVE_NETINET_IN_H 1
| #define HAVE_SYS_UN_H 1
| #define HAVE_NETINET_TCP_H 1
| #define HAVE_NETINET_UDP_H 1
| #define HAVE_NETDB_H 1
| #define HAVE_SYS_SOCKIO_H 1
| #define HAVE_SYS_STAT_H 1
| #define HAVE_SYS_PARAM_H 1
| #define HAVE_TERMIOS_H 1
| #define HAVE_FCNTL_H 1
| #define HAVE_PWD_H 1
| #define HAVE_UTIME_H 1
| #define HAVE_SYS_POLL_H 1
| #define HAVE_POLL_H 1
| #define HAVE_SYS_RESOURCE_H 1
| #define HAVE_LIBGEN_H 1
| #define HAVE_LOCALE_H 1
| #define HAVE_ERRNO_H 1
| #define HAVE_STDBOOL_H 1
| #define HAVE_ARPA_TFTP_H 1
| #define HAVE_SYS_FILIO_H 1
| #define HAVE_SYS_WAIT_H 1
| #define HAVE_SETJMP_H 1
| #define HAVE_VARIADIC_MACROS_C99 1
| #define HAVE_VARIADIC_MACROS_GCC 1
| #define HAVE_SYS_TYPES_H 1
| #define HAVE_SYS_TIME_H 1
| #define HAVE_SYS_SOCKET_H 1
| #define HAVE_STRUCT_TIMEVAL 1
| #define SIZEOF_SIZE_T 4
| #define SIZEOF_LONG 4
| #define SIZEOF_INT 4
| #define SIZEOF_TIME_T 4
| #define SIZEOF_OFF_T 8
| #define SIZEOF_CURL_OFF_T 8
| #define HAVE_LONGLONG 1
| #define HAVE_BOOL_T 1
| #define CURL_SA_FAMILY_T sa_family_t
| #define HAVE_SUSECONDS_T 1
| #define HAVE_SYS_TYPES_H 1
| #define HAVE_POLL_H 1
| #define HAVE_SYS_POLL_H 1
| /* end confdefs.h.  */
| 
| #undef inline
| #ifdef HAVE_WINDOWS_H
| #ifndef WIN32_LEAN_AND_MEAN
| #define WIN32_LEAN_AND_MEAN
| #endif
| #include <windows.h>
| #ifdef HAVE_WINSOCK2_H
| #include <winsock2.h>
| #endif
| #else
| #ifdef HAVE_SYS_TYPES_H
| #include <sys/types.h>
| #endif
| #ifdef HAVE_SYS_SOCKET_H
| #include <sys/socket.h>
| #endif
| #ifdef HAVE_NETINET_IN_H
| #include <netinet/in.h>
| #endif
| #ifdef HAVE_ARPA_INET_H
| #include <arpa/inet.h>
| #endif
| #endif
| 
| 
| int main (void)
| {
| if (sizeof ((in_addr_t)))
| 	    return 0;
|  ;
|  return 0;
| }
configure:34478: result: yes
configure:34587: checking for struct sockaddr_storage
configure:34587: ppc-amigaos-gcc -c -mcrt=clib4 -D__USE_INLINE__ -Werror-implicit-function-declaration -O2 -Wno-system-headers -mcrt=clib4 -D__USE_INLINE__      conftest.c >&5
configure:34587: $? = 0
configure:34587: ppc-amigaos-gcc -c -mcrt=clib4 -D__USE_INLINE__ -Werror-implicit-function-declaration -O2 -Wno-system-headers -mcrt=clib4 -D__USE_INLINE__      conftest.c >&5
conftest.c: In function 'main':
conftest.c:138:38: error: expected expression before ')' token
  138 | if (sizeof ((struct sockaddr_storage)))
      |                                      ^
configure:34587: $? = 1
configure: failed program was:
| /* confdefs.h */
| #define PACKAGE_NAME "curl"
| #define PACKAGE_TARNAME "curl"
| #define PACKAGE_VERSION "-"
| #define PACKAGE_STRING "curl -"
| #define PACKAGE_BUGREPORT "a suitable curl mailing list: https://curl.se/mail/"
| #define PACKAGE_URL ""
| #define HAVE_STDIO_H 1
| #define HAVE_STDLIB_H 1
| #define HAVE_STRING_H 1
| #define HAVE_INTTYPES_H 1
| #define HAVE_STDINT_H 1
| #define HAVE_STRINGS_H 1
| #define HAVE_SYS_STAT_H 1
| #define HAVE_SYS_TYPES_H 1
| #define HAVE_UNISTD_H 1
| #define STDC_HEADERS 1
| #define HAVE_STDATOMIC_H 1
| #define HAVE_ATOMIC 1
| #define PACKAGE "curl"
| #define VERSION "-"
| #define OS "powerpc-unknown-amigaos"
| #define HAVE_DLFCN_H 1
| #define LT_OBJDIR ".libs/"
| #define HAVE_LDAP_SSL 1
| #define HAVE_PROTO_BSDSOCKET_H 1
| #define HAVE_SYS_TYPES_H 1
| #define HAVE_SYS_TIME_H 1
| #define HAVE_CLOCK_GETTIME_MONOTONIC 1
| #define HAVE_ZLIB_H 1
| #define HAVE_LIBZ 1
| #define HAVE_BROTLI_DECODE_H 1
| #define HAVE_BROTLI 1
| #define CURL_DISABLE_LDAP 1
| #define CURL_DISABLE_LDAPS 1
| #define HAVE_LIBSSL 1
| #define HAVE_OPENSSL_X509_H 1
| #define USE_OPENSSL 1
| #define HAVE_OPENSSL_RSA_H 1
| #define USE_OPENSSL 1
| #define HAVE_OPENSSL_CRYPTO_H 1
| #define USE_OPENSSL 1
| #define HAVE_OPENSSL_PEM_H 1
| #define USE_OPENSSL 1
| #define HAVE_OPENSSL_SSL_H 1
| #define USE_OPENSSL 1
| #define HAVE_OPENSSL_ERR_H 1
| #define USE_OPENSSL 1
| #define HAVE_OPENSSL_SRP 1
| #define CURL_CA_FALLBACK 1
| #define HAVE_LIBRTMP_RTMP_H 1
| #define USE_LIBRTMP 1
| #define HAVE_IDN2_H 1
| #define HAVE_NGHTTP2_NGHTTP2_H 1
| #define USE_NGHTTP2 1
| #define HAVE_SYS_TYPES_H 1
| #define HAVE_SYS_TIME_H 1
| #define HAVE_SYS_SELECT_H 1
| #define HAVE_SYS_SOCKET_H 1
| #define HAVE_SYS_IOCTL_H 1
| #define HAVE_SYS_UIO_H 1
| #define HAVE_ASSERT_H 1
| #define HAVE_UNISTD_H 1
| #define HAVE_STDLIB_H 1
| #define HAVE_ARPA_INET_H 1
| #define HAVE_NET_IF_H 1
| #define HAVE_NETINET_IN_H 1
| #define HAVE_SYS_UN_H 1
| #define HAVE_NETINET_TCP_H 1
| #define HAVE_NETINET_UDP_H 1
| #define HAVE_NETDB_H 1
| #define HAVE_SYS_SOCKIO_H 1
| #define HAVE_SYS_STAT_H 1
| #define HAVE_SYS_PARAM_H 1
| #define HAVE_TERMIOS_H 1
| #define HAVE_FCNTL_H 1
| #define HAVE_PWD_H 1
| #define HAVE_UTIME_H 1
| #define HAVE_SYS_POLL_H 1
| #define HAVE_POLL_H 1
| #define HAVE_SYS_RESOURCE_H 1
| #define HAVE_LIBGEN_H 1
| #define HAVE_LOCALE_H 1
| #define HAVE_ERRNO_H 1
| #define HAVE_STDBOOL_H 1
| #define HAVE_ARPA_TFTP_H 1
| #define HAVE_SYS_FILIO_H 1
| #define HAVE_SYS_WAIT_H 1
| #define HAVE_SETJMP_H 1
| #define HAVE_VARIADIC_MACROS_C99 1
| #define HAVE_VARIADIC_MACROS_GCC 1
| #define HAVE_SYS_TYPES_H 1
| #define HAVE_SYS_TIME_H 1
| #define HAVE_SYS_SOCKET_H 1
| #define HAVE_STRUCT_TIMEVAL 1
| #define SIZEOF_SIZE_T 4
| #define SIZEOF_LONG 4
| #define SIZEOF_INT 4
| #define SIZEOF_TIME_T 4
| #define SIZEOF_OFF_T 8
| #define SIZEOF_CURL_OFF_T 8
| #define HAVE_LONGLONG 1
| #define HAVE_BOOL_T 1
| #define CURL_SA_FAMILY_T sa_family_t
| #define HAVE_SUSECONDS_T 1
| #define HAVE_SYS_TYPES_H 1
| #define HAVE_POLL_H 1
| #define HAVE_SYS_POLL_H 1
| /* end confdefs.h.  */
| 
| #undef inline
| #ifdef HAVE_WINDOWS_H
| #ifndef WIN32_LEAN_AND_MEAN
| #define WIN32_LEAN_AND_MEAN
| #endif
| #include <windows.h>
| #ifdef HAVE_WINSOCK2_H
| #include <winsock2.h>
| #endif
| #else
| #ifdef HAVE_SYS_TYPES_H
| #include <sys/types.h>
| #endif
| #ifdef HAVE_SYS_SOCKET_H
| #include <sys/socket.h>
| #endif
| #ifdef HAVE_NETINET_IN_H
| #include <netinet/in.h>
| #endif
| #ifdef HAVE_ARPA_INET_H
| #include <arpa/inet.h>
| #endif
| #endif
| 
| 
| int main (void)
| {
| if (sizeof ((struct sockaddr_storage)))
| 	    return 0;
|  ;
|  return 0;
| }
configure:34587: result: yes
configure:34623: checking for sys/select.h
configure:34623: result: yes
configure:34629: checking for sys/socket.h
configure:34629: result: yes
configure:34637: checking for select
configure:34682: ppc-amigaos-gcc -o conftest -mcrt=clib4 -D__USE_INLINE__ -Werror-implicit-function-declaration -O2 -Wno-system-headers -mcrt=clib4 -D__USE_INLINE__      -mcrt=clib4      conftest.c  -lrtmp -lssl -lcrypto -lssl -lcrypto   -lz -lpthread -latomic -lauto >&5
conftest.c:144: warning: "__USE_INLINE__" redefined
  144 | #  define __USE_INLINE__
      | 
<command-line>: note: this is the location of the previous definition
configure:34682: $? = 0
configure:34685: result: yes
configure:34700: checking types of args and return type for select
configure:34776: ppc-amigaos-gcc -c -mcrt=clib4 -D__USE_INLINE__ -Werror-implicit-function-declaration -O2 -Wno-system-headers -mcrt=clib4 -D__USE_INLINE__      conftest.c >&5
conftest.c:145: warning: "__USE_INLINE__" redefined
  145 | #  define __USE_INLINE__
      | 
<command-line>: note: this is the location of the previous definition
configure:34776: $? = 0
configure:34790: result: int,fd_set *,struct timeval *,int
configure:34860: checking for sys/types.h
configure:34860: result: yes
configure:34866: checking for sys/socket.h
configure:34866: result: yes
configure:34874: checking for recv
configure:34909: ppc-amigaos-gcc -o conftest -mcrt=clib4 -D__USE_INLINE__ -Werror-implicit-function-declaration -O2 -Wno-system-headers -mcrt=clib4 -D__USE_INLINE__      -mcrt=clib4      conftest.c  -lrtmp -lssl -lcrypto -lssl -lcrypto   -lz -lpthread -latomic -lauto >&5
conftest.c:136: warning: "__USE_INLINE__" redefined
  136 | #  define __USE_INLINE__
      | 
<command-line>: note: this is the location of the previous definition
configure:34909: $? = 0
configure:34912: result: yes
configure:34927: checking types of args and return type for recv
configure:34984: ppc-amigaos-gcc -c -mcrt=clib4 -D__USE_INLINE__ -Werror-implicit-function-declaration -O2 -Wno-system-headers -mcrt=clib4 -D__USE_INLINE__      conftest.c >&5
conftest.c:137: warning: "__USE_INLINE__" redefined
  137 | #  define __USE_INLINE__
      | 
<command-line>: note: this is the location of the previous definition
configure:34984: $? = 0
configure:34999: result: int,char *,size_t,int,int
configure:35035: checking for sys/types.h
configure:35035: result: yes
configure:35041: checking for sys/socket.h
configure:35041: result: yes
configure:35049: checking for send
configure:35084: ppc-amigaos-gcc -o conftest -mcrt=clib4 -D__USE_INLINE__ -Werror-implicit-function-declaration -O2 -Wno-system-headers -mcrt=clib4 -D__USE_INLINE__      -mcrt=clib4      conftest.c  -lrtmp -lssl -lcrypto -lssl -lcrypto   -lz -lpthread -latomic -lauto >&5
conftest.c:144: warning: "__USE_INLINE__" redefined
  144 | #  define __USE_INLINE__
      | 
<command-line>: note: this is the location of the previous definition
configure:35084: $? = 0
configure:35087: result: yes
configure:35102: checking types of args and return type for send
configure:35158: ppc-amigaos-gcc -c -mcrt=clib4 -D__USE_INLINE__ -Werror-implicit-function-declaration -O2 -Wno-system-headers -mcrt=clib4 -D__USE_INLINE__      conftest.c >&5
conftest.c:145: warning: "__USE_INLINE__" redefined
  145 | #  define __USE_INLINE__
      | 
<command-line>: note: this is the location of the previous definition
configure:35158: $? = 0
configure:35173: result: int,char *,size_t,int,int
configure:35244: checking for sys/types.h
configure:35244: result: yes
configure:35250: checking for sys/socket.h
configure:35250: result: yes
configure:35257: checking for MSG_NOSIGNAL
configure:35296: ppc-amigaos-gcc -c -mcrt=clib4 -D__USE_INLINE__ -Werror-implicit-function-declaration -O2 -Wno-system-headers -mcrt=clib4 -D__USE_INLINE__      conftest.c >&5
configure:35296: $? = 0
configure:35309: result: yes
configure:35330: checking for sys/types.h
configure:35330: result: yes
configure:35337: checking for unistd.h
configure:35337: result: yes
configure:35353: checking if alarm can be linked
configure:35382: ppc-amigaos-gcc -o conftest -mcrt=clib4 -D__USE_INLINE__ -Werror-implicit-function-declaration -O2 -Wno-system-headers -mcrt=clib4 -D__USE_INLINE__      -mcrt=clib4      conftest.c  -lrtmp -lssl -lcrypto -lssl -lcrypto   -lz -lpthread -latomic -lauto >&5
configure:35382: $? = 0
configure:35385: result: yes
configure:35400: checking if alarm is prototyped
configure:35412: result: yes
configure:35428: checking if alarm is compilable
configure:35447: ppc-amigaos-gcc -c -mcrt=clib4 -D__USE_INLINE__ -Werror-implicit-function-declaration -O2 -Wno-system-headers -mcrt=clib4 -D__USE_INLINE__      conftest.c >&5
configure:35447: $? = 0
configure:35450: result: yes
configure:35465: checking if alarm usage allowed
configure:35468: result: yes
configure:35478: checking if alarm might be used
configure:35484: result: yes
configure:35509: checking for sys/types.h
configure:35509: result: yes
configure:35516: checking for string.h
configure:35516: result: yes
configure:35523: checking for strings.h
configure:35523: result: yes
configure:35542: checking for sys/types.h
configure:35542: result: yes
configure:35549: checking for libgen.h
configure:35549: result: yes
configure:35565: checking if basename can be linked
configure:35594: ppc-amigaos-gcc -o conftest -mcrt=clib4 -D__USE_INLINE__ -Werror-implicit-function-declaration -O2 -Wno-system-headers -mcrt=clib4 -D__USE_INLINE__      -mcrt=clib4      conftest.c  -lrtmp -lssl -lcrypto -lssl -lcrypto   -lz -lpthread -latomic -lauto >&5
configure:35594: $? = 0
configure:35597: result: yes
configure:35612: checking if basename is prototyped
configure:35626: result: yes
configure:35642: checking if basename is compilable
configure:35663: ppc-amigaos-gcc -c -mcrt=clib4 -D__USE_INLINE__ -Werror-implicit-function-declaration -O2 -Wno-system-headers -mcrt=clib4 -D__USE_INLINE__      conftest.c >&5
configure:35663: $? = 0
configure:35666: result: yes
configure:35681: checking if basename usage allowed
configure:35684: result: yes
configure:35694: checking if basename might be used
configure:35700: result: yes
configure:35722: checking for sys/types.h
configure:35722: result: yes
configure:35729: checking for socket.h
configure:35729: result: no
configure:35745: checking if closesocket can be linked
configure:35765: ppc-amigaos-gcc -o conftest -mcrt=clib4 -D__USE_INLINE__ -Werror-implicit-function-declaration -O2 -Wno-system-headers -mcrt=clib4 -D__USE_INLINE__      -mcrt=clib4      conftest.c  -lrtmp -lssl -lcrypto -lssl -lcrypto   -lz -lpthread -latomic -lauto >&5
conftest.c: In function 'main':
conftest.c:174:15: error: implicit declaration of function 'closesocket' [-Werror=implicit-function-declaration]
  174 |       if(0 != closesocket(0))
      |               ^~~~~~~~~~~
cc1: some warnings being treated as errors
configure:35765: $? = 1
configure: failed program was:
| /* confdefs.h */
| #define PACKAGE_NAME "curl"
| #define PACKAGE_TARNAME "curl"
| #define PACKAGE_VERSION "-"
| #define PACKAGE_STRING "curl -"
| #define PACKAGE_BUGREPORT "a suitable curl mailing list: https://curl.se/mail/"
| #define PACKAGE_URL ""
| #define HAVE_STDIO_H 1
| #define HAVE_STDLIB_H 1
| #define HAVE_STRING_H 1
| #define HAVE_INTTYPES_H 1
| #define HAVE_STDINT_H 1
| #define HAVE_STRINGS_H 1
| #define HAVE_SYS_STAT_H 1
| #define HAVE_SYS_TYPES_H 1
| #define HAVE_UNISTD_H 1
| #define STDC_HEADERS 1
| #define HAVE_STDATOMIC_H 1
| #define HAVE_ATOMIC 1
| #define PACKAGE "curl"
| #define VERSION "-"
| #define OS "powerpc-unknown-amigaos"
| #define HAVE_DLFCN_H 1
| #define LT_OBJDIR ".libs/"
| #define HAVE_LDAP_SSL 1
| #define HAVE_PROTO_BSDSOCKET_H 1
| #define HAVE_SYS_TYPES_H 1
| #define HAVE_SYS_TIME_H 1
| #define HAVE_CLOCK_GETTIME_MONOTONIC 1
| #define HAVE_ZLIB_H 1
| #define HAVE_LIBZ 1
| #define HAVE_BROTLI_DECODE_H 1
| #define HAVE_BROTLI 1
| #define CURL_DISABLE_LDAP 1
| #define CURL_DISABLE_LDAPS 1
| #define HAVE_LIBSSL 1
| #define HAVE_OPENSSL_X509_H 1
| #define USE_OPENSSL 1
| #define HAVE_OPENSSL_RSA_H 1
| #define USE_OPENSSL 1
| #define HAVE_OPENSSL_CRYPTO_H 1
| #define USE_OPENSSL 1
| #define HAVE_OPENSSL_PEM_H 1
| #define USE_OPENSSL 1
| #define HAVE_OPENSSL_SSL_H 1
| #define USE_OPENSSL 1
| #define HAVE_OPENSSL_ERR_H 1
| #define USE_OPENSSL 1
| #define HAVE_OPENSSL_SRP 1
| #define CURL_CA_FALLBACK 1
| #define HAVE_LIBRTMP_RTMP_H 1
| #define USE_LIBRTMP 1
| #define HAVE_IDN2_H 1
| #define HAVE_NGHTTP2_NGHTTP2_H 1
| #define USE_NGHTTP2 1
| #define HAVE_SYS_TYPES_H 1
| #define HAVE_SYS_TIME_H 1
| #define HAVE_SYS_SELECT_H 1
| #define HAVE_SYS_SOCKET_H 1
| #define HAVE_SYS_IOCTL_H 1
| #define HAVE_SYS_UIO_H 1
| #define HAVE_ASSERT_H 1
| #define HAVE_UNISTD_H 1
| #define HAVE_STDLIB_H 1
| #define HAVE_ARPA_INET_H 1
| #define HAVE_NET_IF_H 1
| #define HAVE_NETINET_IN_H 1
| #define HAVE_SYS_UN_H 1
| #define HAVE_NETINET_TCP_H 1
| #define HAVE_NETINET_UDP_H 1
| #define HAVE_NETDB_H 1
| #define HAVE_SYS_SOCKIO_H 1
| #define HAVE_SYS_STAT_H 1
| #define HAVE_SYS_PARAM_H 1
| #define HAVE_TERMIOS_H 1
| #define HAVE_FCNTL_H 1
| #define HAVE_PWD_H 1
| #define HAVE_UTIME_H 1
| #define HAVE_SYS_POLL_H 1
| #define HAVE_POLL_H 1
| #define HAVE_SYS_RESOURCE_H 1
| #define HAVE_LIBGEN_H 1
| #define HAVE_LOCALE_H 1
| #define HAVE_ERRNO_H 1
| #define HAVE_STDBOOL_H 1
| #define HAVE_ARPA_TFTP_H 1
| #define HAVE_SYS_FILIO_H 1
| #define HAVE_SYS_WAIT_H 1
| #define HAVE_SETJMP_H 1
| #define HAVE_VARIADIC_MACROS_C99 1
| #define HAVE_VARIADIC_MACROS_GCC 1
| #define HAVE_SYS_TYPES_H 1
| #define HAVE_SYS_TIME_H 1
| #define HAVE_SYS_SOCKET_H 1
| #define HAVE_STRUCT_TIMEVAL 1
| #define SIZEOF_SIZE_T 4
| #define SIZEOF_LONG 4
| #define SIZEOF_INT 4
| #define SIZEOF_TIME_T 4
| #define SIZEOF_OFF_T 8
| #define SIZEOF_CURL_OFF_T 8
| #define HAVE_LONGLONG 1
| #define HAVE_BOOL_T 1
| #define CURL_SA_FAMILY_T sa_family_t
| #define HAVE_SUSECONDS_T 1
| #define HAVE_SYS_TYPES_H 1
| #define HAVE_POLL_H 1
| #define HAVE_SYS_POLL_H 1
| #define HAVE_STRUCT_SOCKADDR_STORAGE 1
| #define HAVE_SYS_SELECT_H 1
| #define HAVE_SYS_SOCKET_H 1
| #define SELECT_TYPE_ARG1 int
| #define SELECT_TYPE_ARG234 fd_set *
| #define SELECT_TYPE_RETV int
| #define SELECT_QUAL_ARG5 
| #define SELECT_TYPE_ARG5 struct timeval *
| #define HAVE_SELECT 1
| #define HAVE_SYS_TYPES_H 1
| #define HAVE_SYS_SOCKET_H 1
| #define RECV_TYPE_ARG1 int
| #define RECV_TYPE_ARG2 char *
| #define RECV_TYPE_ARG3 size_t
| #define RECV_TYPE_ARG4 int
| #define RECV_TYPE_RETV int
| #define HAVE_RECV 1
| #define HAVE_SYS_TYPES_H 1
| #define HAVE_SYS_SOCKET_H 1
| #define SEND_TYPE_ARG1 int
| #define SEND_TYPE_ARG3 size_t
| #define SEND_TYPE_ARG4 int
| #define SEND_TYPE_RETV int
| #define SEND_QUAL_ARG2 
| #define SEND_TYPE_ARG2 char *
| #define HAVE_SEND 1
| #define HAVE_SYS_TYPES_H 1
| #define HAVE_SYS_SOCKET_H 1
| #define HAVE_MSG_NOSIGNAL 1
| #define HAVE_SYS_TYPES_H 1
| #define HAVE_UNISTD_H 1
| #define HAVE_ALARM 1
| #define HAVE_SYS_TYPES_H 1
| #define HAVE_STRING_H 1
| #define HAVE_STRINGS_H 1
| #define HAVE_SYS_TYPES_H 1
| #define HAVE_LIBGEN_H 1
| #define HAVE_BASENAME 1
| #define HAVE_SYS_TYPES_H 1
| /* end confdefs.h.  */
| 
| 
|       /* includes start */
| #ifdef HAVE_WINDOWS_H
| #  ifndef WIN32_LEAN_AND_MEAN
| #    define WIN32_LEAN_AND_MEAN
| #  endif
| #  include <windows.h>
| #  ifdef HAVE_WINSOCK2_H
| #    include <winsock2.h>
| #  endif
| #endif
| /* includes end */
|       /* includes start */
| #ifdef HAVE_SYS_TYPES_H
| #  include <sys/types.h>
| #endif
| #ifdef HAVE_SOCKET_H
| #  include <socket.h>
| #endif
| /* includes end */
| 
| int main (void)
| {
| 
|       if(0 != closesocket(0))
|         return 1;
| 
|  ;
|  return 0;
| }
| 
configure:35774: result: no
configure:35863: checking if closesocket might be used
configure:35876: result: no
configure:35891: checking for sys/types.h
configure:35891: result: yes
configure:35898: checking for sys/socket.h
configure:35898: result: yes
configure:35914: checking if CloseSocket can be linked
configure:35934: ppc-amigaos-gcc -o conftest -mcrt=clib4 -D__USE_INLINE__ -Werror-implicit-function-declaration -O2 -Wno-system-headers -mcrt=clib4 -D__USE_INLINE__      -mcrt=clib4      conftest.c  -lrtmp -lssl -lcrypto -lssl -lcrypto   -lz -lpthread -latomic -lauto >&5
conftest.c:156: warning: "__USE_INLINE__" redefined
  156 | #  define __USE_INLINE__
      | 
<command-line>: note: this is the location of the previous definition
configure:35934: $? = 0
configure:35937: result: yes
configure:35952: checking if CloseSocket is prototyped
conftest.c:155: warning: "__USE_INLINE__" redefined
  155 | #  define __USE_INLINE__
      | 
<command-line>: note: this is the location of the previous definition
configure:35965: result: yes
configure:35981: checking if CloseSocket is compilable
configure:36001: ppc-amigaos-gcc -c -mcrt=clib4 -D__USE_INLINE__ -Werror-implicit-function-declaration -O2 -Wno-system-headers -mcrt=clib4 -D__USE_INLINE__      conftest.c >&5
conftest.c:156: warning: "__USE_INLINE__" redefined
  156 | #  define __USE_INLINE__
      | 
<command-line>: note: this is the location of the previous definition
configure:36001: $? = 0
configure:36004: result: yes
configure:36019: checking if CloseSocket usage allowed
configure:36022: result: yes
configure:36032: checking if CloseSocket might be used
configure:36038: result: yes
configure:36057: checking if connect can be linked
configure:36079: ppc-amigaos-gcc -o conftest -mcrt=clib4 -D__USE_INLINE__ -Werror-implicit-function-declaration -O2 -Wno-system-headers -mcrt=clib4 -D__USE_INLINE__      -mcrt=clib4      conftest.c  -lrtmp -lssl -lcrypto -lssl -lcrypto   -lz -lpthread -latomic -lauto >&5
conftest.c:168: warning: "__USE_INLINE__" redefined
  168 | #  define __USE_INLINE__
      | 
<command-line>: note: this is the location of the previous definition
configure:36079: $? = 0
configure:36082: result: yes
configure:36097: checking if connect is prototyped
conftest.c:167: warning: "__USE_INLINE__" redefined
  167 | #  define __USE_INLINE__
      | 
<command-line>: note: this is the location of the previous definition
configure:36112: result: yes
configure:36128: checking if connect is compilable
configure:36150: ppc-amigaos-gcc -c -mcrt=clib4 -D__USE_INLINE__ -Werror-implicit-function-declaration -O2 -Wno-system-headers -mcrt=clib4 -D__USE_INLINE__      conftest.c >&5
conftest.c:168: warning: "__USE_INLINE__" redefined
  168 | #  define __USE_INLINE__
      | 
<command-line>: note: this is the location of the previous definition
configure:36150: $? = 0
configure:36153: result: yes
configure:36168: checking if connect usage allowed
configure:36171: result: yes
configure:36181: checking if connect might be used
configure:36187: result: yes
configure:36212: checking for sys/types.h
configure:36212: result: yes
configure:36219: checking for unistd.h
configure:36219: result: yes
configure:36226: checking for fcntl.h
configure:36226: result: yes
configure:36242: checking if fcntl can be linked
configure:36271: ppc-amigaos-gcc -o conftest -mcrt=clib4 -D__USE_INLINE__ -Werror-implicit-function-declaration -O2 -Wno-system-headers -mcrt=clib4 -D__USE_INLINE__      -mcrt=clib4      conftest.c  -lrtmp -lssl -lcrypto -lssl -lcrypto   -lz -lpthread -latomic -lauto >&5
configure:36271: $? = 0
configure:36274: result: yes
configure:36289: checking if fcntl is prototyped
configure:36301: result: yes
configure:36317: checking if fcntl is compilable
configure:36336: ppc-amigaos-gcc -c -mcrt=clib4 -D__USE_INLINE__ -Werror-implicit-function-declaration -O2 -Wno-system-headers -mcrt=clib4 -D__USE_INLINE__      conftest.c >&5
configure:36336: $? = 0
configure:36339: result: yes
configure:36354: checking if fcntl usage allowed
configure:36357: result: yes
configure:36367: checking if fcntl might be used
configure:36373: result: yes
configure:36391: checking if fcntl O_NONBLOCK is compilable
configure:36411: ppc-amigaos-gcc -c -mcrt=clib4 -D__USE_INLINE__ -Werror-implicit-function-declaration -O2 -Wno-system-headers -mcrt=clib4 -D__USE_INLINE__      conftest.c >&5
configure:36411: $? = 0
configure:36414: result: yes
configure:36429: checking if fcntl O_NONBLOCK usage allowed
configure:36432: result: yes
configure:36442: checking if fcntl O_NONBLOCK might be used
configure:36446: result: yes
configure:36481: checking for windows.h
configure:36525: result: no
configure:36536: checking for winsock2.h
configure:36581: result: no
configure:36592: checking for ws2tcpip.h
configure:36638: result: no
configure:36659: checking for sys/types.h
configure:36659: result: yes
configure:36666: checking for netdb.h
configure:36666: result: yes
configure:36682: checking if freeaddrinfo can be linked
configure:36702: ppc-amigaos-gcc -o conftest -mcrt=clib4 -D__USE_INLINE__ -Werror-implicit-function-declaration -O2 -Wno-system-headers -mcrt=clib4 -D__USE_INLINE__      -mcrt=clib4      conftest.c  -lrtmp -lssl -lcrypto -lssl -lcrypto   -lz -lpthread -latomic -lauto >&5
configure:36702: $? = 0
configure:36705: result: yes
configure:36720: checking if freeaddrinfo is prototyped
configure:36734: result: yes
configure:36750: checking if freeaddrinfo is compilable
configure:36770: ppc-amigaos-gcc -c -mcrt=clib4 -D__USE_INLINE__ -Werror-implicit-function-declaration -O2 -Wno-system-headers -mcrt=clib4 -D__USE_INLINE__      conftest.c >&5
configure:36770: $? = 0
configure:36773: result: yes
configure:36788: checking if freeaddrinfo usage allowed
configure:36791: result: yes
configure:36801: checking if freeaddrinfo might be used
configure:36807: result: yes
configure:36829: checking for sys/types.h
configure:36829: result: yes
configure:36836: checking for sys/xattr.h
configure:36836: ppc-amigaos-gcc -c -mcrt=clib4 -D__USE_INLINE__ -Werror-implicit-function-declaration -O2 -Wno-system-headers -mcrt=clib4 -D__USE_INLINE__      conftest.c >&5
conftest.c:171:10: fatal error: sys/xattr.h: No such file or directory
  171 | #include <sys/xattr.h>
      |          ^~~~~~~~~~~~~
compilation terminated.
configure:36836: $? = 1
configure: failed program was:
| /* confdefs.h */
| #define PACKAGE_NAME "curl"
| #define PACKAGE_TARNAME "curl"
| #define PACKAGE_VERSION "-"
| #define PACKAGE_STRING "curl -"
| #define PACKAGE_BUGREPORT "a suitable curl mailing list: https://curl.se/mail/"
| #define PACKAGE_URL ""
| #define HAVE_STDIO_H 1
| #define HAVE_STDLIB_H 1
| #define HAVE_STRING_H 1
| #define HAVE_INTTYPES_H 1
| #define HAVE_STDINT_H 1
| #define HAVE_STRINGS_H 1
| #define HAVE_SYS_STAT_H 1
| #define HAVE_SYS_TYPES_H 1
| #define HAVE_UNISTD_H 1
| #define STDC_HEADERS 1
| #define HAVE_STDATOMIC_H 1
| #define HAVE_ATOMIC 1
| #define PACKAGE "curl"
| #define VERSION "-"
| #define OS "powerpc-unknown-amigaos"
| #define HAVE_DLFCN_H 1
| #define LT_OBJDIR ".libs/"
| #define HAVE_LDAP_SSL 1
| #define HAVE_PROTO_BSDSOCKET_H 1
| #define HAVE_SYS_TYPES_H 1
| #define HAVE_SYS_TIME_H 1
| #define HAVE_CLOCK_GETTIME_MONOTONIC 1
| #define HAVE_ZLIB_H 1
| #define HAVE_LIBZ 1
| #define HAVE_BROTLI_DECODE_H 1
| #define HAVE_BROTLI 1
| #define CURL_DISABLE_LDAP 1
| #define CURL_DISABLE_LDAPS 1
| #define HAVE_LIBSSL 1
| #define HAVE_OPENSSL_X509_H 1
| #define USE_OPENSSL 1
| #define HAVE_OPENSSL_RSA_H 1
| #define USE_OPENSSL 1
| #define HAVE_OPENSSL_CRYPTO_H 1
| #define USE_OPENSSL 1
| #define HAVE_OPENSSL_PEM_H 1
| #define USE_OPENSSL 1
| #define HAVE_OPENSSL_SSL_H 1
| #define USE_OPENSSL 1
| #define HAVE_OPENSSL_ERR_H 1
| #define USE_OPENSSL 1
| #define HAVE_OPENSSL_SRP 1
| #define CURL_CA_FALLBACK 1
| #define HAVE_LIBRTMP_RTMP_H 1
| #define USE_LIBRTMP 1
| #define HAVE_IDN2_H 1
| #define HAVE_NGHTTP2_NGHTTP2_H 1
| #define USE_NGHTTP2 1
| #define HAVE_SYS_TYPES_H 1
| #define HAVE_SYS_TIME_H 1
| #define HAVE_SYS_SELECT_H 1
| #define HAVE_SYS_SOCKET_H 1
| #define HAVE_SYS_IOCTL_H 1
| #define HAVE_SYS_UIO_H 1
| #define HAVE_ASSERT_H 1
| #define HAVE_UNISTD_H 1
| #define HAVE_STDLIB_H 1
| #define HAVE_ARPA_INET_H 1
| #define HAVE_NET_IF_H 1
| #define HAVE_NETINET_IN_H 1
| #define HAVE_SYS_UN_H 1
| #define HAVE_NETINET_TCP_H 1
| #define HAVE_NETINET_UDP_H 1
| #define HAVE_NETDB_H 1
| #define HAVE_SYS_SOCKIO_H 1
| #define HAVE_SYS_STAT_H 1
| #define HAVE_SYS_PARAM_H 1
| #define HAVE_TERMIOS_H 1
| #define HAVE_FCNTL_H 1
| #define HAVE_PWD_H 1
| #define HAVE_UTIME_H 1
| #define HAVE_SYS_POLL_H 1
| #define HAVE_POLL_H 1
| #define HAVE_SYS_RESOURCE_H 1
| #define HAVE_LIBGEN_H 1
| #define HAVE_LOCALE_H 1
| #define HAVE_ERRNO_H 1
| #define HAVE_STDBOOL_H 1
| #define HAVE_ARPA_TFTP_H 1
| #define HAVE_SYS_FILIO_H 1
| #define HAVE_SYS_WAIT_H 1
| #define HAVE_SETJMP_H 1
| #define HAVE_VARIADIC_MACROS_C99 1
| #define HAVE_VARIADIC_MACROS_GCC 1
| #define HAVE_SYS_TYPES_H 1
| #define HAVE_SYS_TIME_H 1
| #define HAVE_SYS_SOCKET_H 1
| #define HAVE_STRUCT_TIMEVAL 1
| #define SIZEOF_SIZE_T 4
| #define SIZEOF_LONG 4
| #define SIZEOF_INT 4
| #define SIZEOF_TIME_T 4
| #define SIZEOF_OFF_T 8
| #define SIZEOF_CURL_OFF_T 8
| #define HAVE_LONGLONG 1
| #define HAVE_BOOL_T 1
| #define CURL_SA_FAMILY_T sa_family_t
| #define HAVE_SUSECONDS_T 1
| #define HAVE_SYS_TYPES_H 1
| #define HAVE_POLL_H 1
| #define HAVE_SYS_POLL_H 1
| #define HAVE_STRUCT_SOCKADDR_STORAGE 1
| #define HAVE_SYS_SELECT_H 1
| #define HAVE_SYS_SOCKET_H 1
| #define SELECT_TYPE_ARG1 int
| #define SELECT_TYPE_ARG234 fd_set *
| #define SELECT_TYPE_RETV int
| #define SELECT_QUAL_ARG5 
| #define SELECT_TYPE_ARG5 struct timeval *
| #define HAVE_SELECT 1
| #define HAVE_SYS_TYPES_H 1
| #define HAVE_SYS_SOCKET_H 1
| #define RECV_TYPE_ARG1 int
| #define RECV_TYPE_ARG2 char *
| #define RECV_TYPE_ARG3 size_t
| #define RECV_TYPE_ARG4 int
| #define RECV_TYPE_RETV int
| #define HAVE_RECV 1
| #define HAVE_SYS_TYPES_H 1
| #define HAVE_SYS_SOCKET_H 1
| #define SEND_TYPE_ARG1 int
| #define SEND_TYPE_ARG3 size_t
| #define SEND_TYPE_ARG4 int
| #define SEND_TYPE_RETV int
| #define SEND_QUAL_ARG2 
| #define SEND_TYPE_ARG2 char *
| #define HAVE_SEND 1
| #define HAVE_SYS_TYPES_H 1
| #define HAVE_SYS_SOCKET_H 1
| #define HAVE_MSG_NOSIGNAL 1
| #define HAVE_SYS_TYPES_H 1
| #define HAVE_UNISTD_H 1
| #define HAVE_ALARM 1
| #define HAVE_SYS_TYPES_H 1
| #define HAVE_STRING_H 1
| #define HAVE_STRINGS_H 1
| #define HAVE_SYS_TYPES_H 1
| #define HAVE_LIBGEN_H 1
| #define HAVE_BASENAME 1
| #define HAVE_SYS_TYPES_H 1
| #define HAVE_SYS_TYPES_H 1
| #define HAVE_SYS_SOCKET_H 1
| #define HAVE_CLOSESOCKET_CAMEL 1
| #define HAVE_CONNECT 1
| #define HAVE_SYS_TYPES_H 1
| #define HAVE_UNISTD_H 1
| #define HAVE_FCNTL_H 1
| #define HAVE_FCNTL 1
| #define HAVE_FCNTL_O_NONBLOCK 1
| #define HAVE_SYS_TYPES_H 1
| #define HAVE_NETDB_H 1
| #define HAVE_FREEADDRINFO 1
| #define HAVE_SYS_TYPES_H 1
| /* end confdefs.h.  */
| /* includes start */
| #ifdef HAVE_SYS_TYPES_H
| #  include <sys/types.h>
| #endif
| #ifdef HAVE_SYS_XATTR_H
| #  include <sys/xattr.h>
| #endif
| /* includes end */
| 
| #include <sys/xattr.h>
configure:36836: result: no
configure:36853: checking if fsetxattr can be linked
configure:36882: ppc-amigaos-gcc -o conftest -mcrt=clib4 -D__USE_INLINE__ -Werror-implicit-function-declaration -O2 -Wno-system-headers -mcrt=clib4 -D__USE_INLINE__      -mcrt=clib4      conftest.c  -lrtmp -lssl -lcrypto -lssl -lcrypto   -lz -lpthread -latomic -lauto >&5
/tmp/cc74iawS.o: In function `main':
conftest.c:(.text.startup+0xc): undefined reference to `fsetxattr'
collect2: error: ld returned 1 exit status
configure:36882: $? = 1
configure: failed program was:
| /* confdefs.h */
| #define PACKAGE_NAME "curl"
| #define PACKAGE_TARNAME "curl"
| #define PACKAGE_VERSION "-"
| #define PACKAGE_STRING "curl -"
| #define PACKAGE_BUGREPORT "a suitable curl mailing list: https://curl.se/mail/"
| #define PACKAGE_URL ""
| #define HAVE_STDIO_H 1
| #define HAVE_STDLIB_H 1
| #define HAVE_STRING_H 1
| #define HAVE_INTTYPES_H 1
| #define HAVE_STDINT_H 1
| #define HAVE_STRINGS_H 1
| #define HAVE_SYS_STAT_H 1
| #define HAVE_SYS_TYPES_H 1
| #define HAVE_UNISTD_H 1
| #define STDC_HEADERS 1
| #define HAVE_STDATOMIC_H 1
| #define HAVE_ATOMIC 1
| #define PACKAGE "curl"
| #define VERSION "-"
| #define OS "powerpc-unknown-amigaos"
| #define HAVE_DLFCN_H 1
| #define LT_OBJDIR ".libs/"
| #define HAVE_LDAP_SSL 1
| #define HAVE_PROTO_BSDSOCKET_H 1
| #define HAVE_SYS_TYPES_H 1
| #define HAVE_SYS_TIME_H 1
| #define HAVE_CLOCK_GETTIME_MONOTONIC 1
| #define HAVE_ZLIB_H 1
| #define HAVE_LIBZ 1
| #define HAVE_BROTLI_DECODE_H 1
| #define HAVE_BROTLI 1
| #define CURL_DISABLE_LDAP 1
| #define CURL_DISABLE_LDAPS 1
| #define HAVE_LIBSSL 1
| #define HAVE_OPENSSL_X509_H 1
| #define USE_OPENSSL 1
| #define HAVE_OPENSSL_RSA_H 1
| #define USE_OPENSSL 1
| #define HAVE_OPENSSL_CRYPTO_H 1
| #define USE_OPENSSL 1
| #define HAVE_OPENSSL_PEM_H 1
| #define USE_OPENSSL 1
| #define HAVE_OPENSSL_SSL_H 1
| #define USE_OPENSSL 1
| #define HAVE_OPENSSL_ERR_H 1
| #define USE_OPENSSL 1
| #define HAVE_OPENSSL_SRP 1
| #define CURL_CA_FALLBACK 1
| #define HAVE_LIBRTMP_RTMP_H 1
| #define USE_LIBRTMP 1
| #define HAVE_IDN2_H 1
| #define HAVE_NGHTTP2_NGHTTP2_H 1
| #define USE_NGHTTP2 1
| #define HAVE_SYS_TYPES_H 1
| #define HAVE_SYS_TIME_H 1
| #define HAVE_SYS_SELECT_H 1
| #define HAVE_SYS_SOCKET_H 1
| #define HAVE_SYS_IOCTL_H 1
| #define HAVE_SYS_UIO_H 1
| #define HAVE_ASSERT_H 1
| #define HAVE_UNISTD_H 1
| #define HAVE_STDLIB_H 1
| #define HAVE_ARPA_INET_H 1
| #define HAVE_NET_IF_H 1
| #define HAVE_NETINET_IN_H 1
| #define HAVE_SYS_UN_H 1
| #define HAVE_NETINET_TCP_H 1
| #define HAVE_NETINET_UDP_H 1
| #define HAVE_NETDB_H 1
| #define HAVE_SYS_SOCKIO_H 1
| #define HAVE_SYS_STAT_H 1
| #define HAVE_SYS_PARAM_H 1
| #define HAVE_TERMIOS_H 1
| #define HAVE_FCNTL_H 1
| #define HAVE_PWD_H 1
| #define HAVE_UTIME_H 1
| #define HAVE_SYS_POLL_H 1
| #define HAVE_POLL_H 1
| #define HAVE_SYS_RESOURCE_H 1
| #define HAVE_LIBGEN_H 1
| #define HAVE_LOCALE_H 1
| #define HAVE_ERRNO_H 1
| #define HAVE_STDBOOL_H 1
| #define HAVE_ARPA_TFTP_H 1
| #define HAVE_SYS_FILIO_H 1
| #define HAVE_SYS_WAIT_H 1
| #define HAVE_SETJMP_H 1
| #define HAVE_VARIADIC_MACROS_C99 1
| #define HAVE_VARIADIC_MACROS_GCC 1
| #define HAVE_SYS_TYPES_H 1
| #define HAVE_SYS_TIME_H 1
| #define HAVE_SYS_SOCKET_H 1
| #define HAVE_STRUCT_TIMEVAL 1
| #define SIZEOF_SIZE_T 4
| #define SIZEOF_LONG 4
| #define SIZEOF_INT 4
| #define SIZEOF_TIME_T 4
| #define SIZEOF_OFF_T 8
| #define SIZEOF_CURL_OFF_T 8
| #define HAVE_LONGLONG 1
| #define HAVE_BOOL_T 1
| #define CURL_SA_FAMILY_T sa_family_t
| #define HAVE_SUSECONDS_T 1
| #define HAVE_SYS_TYPES_H 1
| #define HAVE_POLL_H 1
| #define HAVE_SYS_POLL_H 1
| #define HAVE_STRUCT_SOCKADDR_STORAGE 1
| #define HAVE_SYS_SELECT_H 1
| #define HAVE_SYS_SOCKET_H 1
| #define SELECT_TYPE_ARG1 int
| #define SELECT_TYPE_ARG234 fd_set *
| #define SELECT_TYPE_RETV int
| #define SELECT_QUAL_ARG5 
| #define SELECT_TYPE_ARG5 struct timeval *
| #define HAVE_SELECT 1
| #define HAVE_SYS_TYPES_H 1
| #define HAVE_SYS_SOCKET_H 1
| #define RECV_TYPE_ARG1 int
| #define RECV_TYPE_ARG2 char *
| #define RECV_TYPE_ARG3 size_t
| #define RECV_TYPE_ARG4 int
| #define RECV_TYPE_RETV int
| #define HAVE_RECV 1
| #define HAVE_SYS_TYPES_H 1
| #define HAVE_SYS_SOCKET_H 1
| #define SEND_TYPE_ARG1 int
| #define SEND_TYPE_ARG3 size_t
| #define SEND_TYPE_ARG4 int
| #define SEND_TYPE_RETV int
| #define SEND_QUAL_ARG2 
| #define SEND_TYPE_ARG2 char *
| #define HAVE_SEND 1
| #define HAVE_SYS_TYPES_H 1
| #define HAVE_SYS_SOCKET_H 1
| #define HAVE_MSG_NOSIGNAL 1
| #define HAVE_SYS_TYPES_H 1
| #define HAVE_UNISTD_H 1
| #define HAVE_ALARM 1
| #define HAVE_SYS_TYPES_H 1
| #define HAVE_STRING_H 1
| #define HAVE_STRINGS_H 1
| #define HAVE_SYS_TYPES_H 1
| #define HAVE_LIBGEN_H 1
| #define HAVE_BASENAME 1
| #define HAVE_SYS_TYPES_H 1
| #define HAVE_SYS_TYPES_H 1
| #define HAVE_SYS_SOCKET_H 1
| #define HAVE_CLOSESOCKET_CAMEL 1
| #define HAVE_CONNECT 1
| #define HAVE_SYS_TYPES_H 1
| #define HAVE_UNISTD_H 1
| #define HAVE_FCNTL_H 1
| #define HAVE_FCNTL 1
| #define HAVE_FCNTL_O_NONBLOCK 1
| #define HAVE_SYS_TYPES_H 1
| #define HAVE_NETDB_H 1
| #define HAVE_FREEADDRINFO 1
| #define HAVE_SYS_TYPES_H 1
| /* end confdefs.h.  */
| 
| 
| #define fsetxattr innocuous_fsetxattr
| #ifdef __STDC__
| # include <limits.h>
| #else
| # include <assert.h>
| #endif
| #undef fsetxattr
| #ifdef __cplusplus
| extern "C"
| #endif
| char fsetxattr ();
| #if defined __stub_fsetxattr || defined __stub___fsetxattr
| choke me
| #endif
| 
| int main (void)
| {
| return fsetxattr ();
|  ;
|  return 0;
| }
| 
configure:36891: result: no
configure:37027: checking if fsetxattr might be used
configure:37051: result: no
configure:37063: checking if ftruncate can be linked
configure:37092: ppc-amigaos-gcc -o conftest -mcrt=clib4 -D__USE_INLINE__ -Werror-implicit-function-declaration -O2 -Wno-system-headers -mcrt=clib4 -D__USE_INLINE__      -mcrt=clib4      conftest.c  -lrtmp -lssl -lcrypto -lssl -lcrypto   -lz -lpthread -latomic -lauto >&5
configure:37092: $? = 0
configure:37095: result: yes
configure:37110: checking if ftruncate is prototyped
configure:37122: result: yes
configure:37138: checking if ftruncate is compilable
configure:37157: ppc-amigaos-gcc -c -mcrt=clib4 -D__USE_INLINE__ -Werror-implicit-function-declaration -O2 -Wno-system-headers -mcrt=clib4 -D__USE_INLINE__      conftest.c >&5
configure:37157: $? = 0
configure:37160: result: yes
configure:37175: checking if ftruncate usage allowed
configure:37178: result: yes
configure:37188: checking if ftruncate might be used
configure:37194: result: yes
configure:37216: checking for sys/types.h
configure:37216: result: yes
configure:37223: checking for stdlib.h
configure:37223: result: yes
configure:37241: checking if getaddrinfo can be linked
configure:37262: ppc-amigaos-gcc -o conftest -mcrt=clib4 -D__USE_INLINE__ -Werror-implicit-function-declaration -O2 -Wno-system-headers -mcrt=clib4 -D__USE_INLINE__      -mcrt=clib4      conftest.c  -lrtmp -lssl -lcrypto -lssl -lcrypto   -lz -lpthread -latomic -lauto >&5
configure:37262: $? = 0
configure:37265: result: yes
configure:37280: checking if getaddrinfo is prototyped
configure:37294: result: yes
configure:37310: checking if getaddrinfo is compilable
configure:37331: ppc-amigaos-gcc -c -mcrt=clib4 -D__USE_INLINE__ -Werror-implicit-function-declaration -O2 -Wno-system-headers -mcrt=clib4 -D__USE_INLINE__      conftest.c >&5
configure:37331: $? = 0
configure:37334: result: yes
configure:37490: checking if getaddrinfo usage allowed
configure:37493: result: yes
configure:37503: checking if getaddrinfo might be used
configure:37510: result: yes
configure:37524: checking if getaddrinfo is threadsafe
configure:37592: ppc-amigaos-gcc -c -mcrt=clib4 -D__USE_INLINE__ -Werror-implicit-function-declaration -O2 -Wno-system-headers -mcrt=clib4 -D__USE_INLINE__      conftest.c >&5
conftest.c: In function 'main':
conftest.c:190:3: error: unknown type name 'force'
  190 |   force compilation error
      |   ^~~~~
conftest.c:190:21: error: expected '=', ',', ';', 'asm' or '__attribute__' before 'error'
  190 |   force compilation error
      |                     ^~~~~
conftest.c:192:1: error: expected declaration or statement at end of input
  192 | }
      | ^
configure:37592: $? = 1
configure: failed program was:
| /* confdefs.h */
| #define PACKAGE_NAME "curl"
| #define PACKAGE_TARNAME "curl"
| #define PACKAGE_VERSION "-"
| #define PACKAGE_STRING "curl -"
| #define PACKAGE_BUGREPORT "a suitable curl mailing list: https://curl.se/mail/"
| #define PACKAGE_URL ""
| #define HAVE_STDIO_H 1
| #define HAVE_STDLIB_H 1
| #define HAVE_STRING_H 1
| #define HAVE_INTTYPES_H 1
| #define HAVE_STDINT_H 1
| #define HAVE_STRINGS_H 1
| #define HAVE_SYS_STAT_H 1
| #define HAVE_SYS_TYPES_H 1
| #define HAVE_UNISTD_H 1
| #define STDC_HEADERS 1
| #define HAVE_STDATOMIC_H 1
| #define HAVE_ATOMIC 1
| #define PACKAGE "curl"
| #define VERSION "-"
| #define OS "powerpc-unknown-amigaos"
| #define HAVE_DLFCN_H 1
| #define LT_OBJDIR ".libs/"
| #define HAVE_LDAP_SSL 1
| #define HAVE_PROTO_BSDSOCKET_H 1
| #define HAVE_SYS_TYPES_H 1
| #define HAVE_SYS_TIME_H 1
| #define HAVE_CLOCK_GETTIME_MONOTONIC 1
| #define HAVE_ZLIB_H 1
| #define HAVE_LIBZ 1
| #define HAVE_BROTLI_DECODE_H 1
| #define HAVE_BROTLI 1
| #define CURL_DISABLE_LDAP 1
| #define CURL_DISABLE_LDAPS 1
| #define HAVE_LIBSSL 1
| #define HAVE_OPENSSL_X509_H 1
| #define USE_OPENSSL 1
| #define HAVE_OPENSSL_RSA_H 1
| #define USE_OPENSSL 1
| #define HAVE_OPENSSL_CRYPTO_H 1
| #define USE_OPENSSL 1
| #define HAVE_OPENSSL_PEM_H 1
| #define USE_OPENSSL 1
| #define HAVE_OPENSSL_SSL_H 1
| #define USE_OPENSSL 1
| #define HAVE_OPENSSL_ERR_H 1
| #define USE_OPENSSL 1
| #define HAVE_OPENSSL_SRP 1
| #define CURL_CA_FALLBACK 1
| #define HAVE_LIBRTMP_RTMP_H 1
| #define USE_LIBRTMP 1
| #define HAVE_IDN2_H 1
| #define HAVE_NGHTTP2_NGHTTP2_H 1
| #define USE_NGHTTP2 1
| #define HAVE_SYS_TYPES_H 1
| #define HAVE_SYS_TIME_H 1
| #define HAVE_SYS_SELECT_H 1
| #define HAVE_SYS_SOCKET_H 1
| #define HAVE_SYS_IOCTL_H 1
| #define HAVE_SYS_UIO_H 1
| #define HAVE_ASSERT_H 1
| #define HAVE_UNISTD_H 1
| #define HAVE_STDLIB_H 1
| #define HAVE_ARPA_INET_H 1
| #define HAVE_NET_IF_H 1
| #define HAVE_NETINET_IN_H 1
| #define HAVE_SYS_UN_H 1
| #define HAVE_NETINET_TCP_H 1
| #define HAVE_NETINET_UDP_H 1
| #define HAVE_NETDB_H 1
| #define HAVE_SYS_SOCKIO_H 1
| #define HAVE_SYS_STAT_H 1
| #define HAVE_SYS_PARAM_H 1
| #define HAVE_TERMIOS_H 1
| #define HAVE_FCNTL_H 1
| #define HAVE_PWD_H 1
| #define HAVE_UTIME_H 1
| #define HAVE_SYS_POLL_H 1
| #define HAVE_POLL_H 1
| #define HAVE_SYS_RESOURCE_H 1
| #define HAVE_LIBGEN_H 1
| #define HAVE_LOCALE_H 1
| #define HAVE_ERRNO_H 1
| #define HAVE_STDBOOL_H 1
| #define HAVE_ARPA_TFTP_H 1
| #define HAVE_SYS_FILIO_H 1
| #define HAVE_SYS_WAIT_H 1
| #define HAVE_SETJMP_H 1
| #define HAVE_VARIADIC_MACROS_C99 1
| #define HAVE_VARIADIC_MACROS_GCC 1
| #define HAVE_SYS_TYPES_H 1
| #define HAVE_SYS_TIME_H 1
| #define HAVE_SYS_SOCKET_H 1
| #define HAVE_STRUCT_TIMEVAL 1
| #define SIZEOF_SIZE_T 4
| #define SIZEOF_LONG 4
| #define SIZEOF_INT 4
| #define SIZEOF_TIME_T 4
| #define SIZEOF_OFF_T 8
| #define SIZEOF_CURL_OFF_T 8
| #define HAVE_LONGLONG 1
| #define HAVE_BOOL_T 1
| #define CURL_SA_FAMILY_T sa_family_t
| #define HAVE_SUSECONDS_T 1
| #define HAVE_SYS_TYPES_H 1
| #define HAVE_POLL_H 1
| #define HAVE_SYS_POLL_H 1
| #define HAVE_STRUCT_SOCKADDR_STORAGE 1
| #define HAVE_SYS_SELECT_H 1
| #define HAVE_SYS_SOCKET_H 1
| #define SELECT_TYPE_ARG1 int
| #define SELECT_TYPE_ARG234 fd_set *
| #define SELECT_TYPE_RETV int
| #define SELECT_QUAL_ARG5 
| #define SELECT_TYPE_ARG5 struct timeval *
| #define HAVE_SELECT 1
| #define HAVE_SYS_TYPES_H 1
| #define HAVE_SYS_SOCKET_H 1
| #define RECV_TYPE_ARG1 int
| #define RECV_TYPE_ARG2 char *
| #define RECV_TYPE_ARG3 size_t
| #define RECV_TYPE_ARG4 int
| #define RECV_TYPE_RETV int
| #define HAVE_RECV 1
| #define HAVE_SYS_TYPES_H 1
| #define HAVE_SYS_SOCKET_H 1
| #define SEND_TYPE_ARG1 int
| #define SEND_TYPE_ARG3 size_t
| #define SEND_TYPE_ARG4 int
| #define SEND_TYPE_RETV int
| #define SEND_QUAL_ARG2 
| #define SEND_TYPE_ARG2 char *
| #define HAVE_SEND 1
| #define HAVE_SYS_TYPES_H 1
| #define HAVE_SYS_SOCKET_H 1
| #define HAVE_MSG_NOSIGNAL 1
| #define HAVE_SYS_TYPES_H 1
| #define HAVE_UNISTD_H 1
| #define HAVE_ALARM 1
| #define HAVE_SYS_TYPES_H 1
| #define HAVE_STRING_H 1
| #define HAVE_STRINGS_H 1
| #define HAVE_SYS_TYPES_H 1
| #define HAVE_LIBGEN_H 1
| #define HAVE_BASENAME 1
| #define HAVE_SYS_TYPES_H 1
| #define HAVE_SYS_TYPES_H 1
| #define HAVE_SYS_SOCKET_H 1
| #define HAVE_CLOSESOCKET_CAMEL 1
| #define HAVE_CONNECT 1
| #define HAVE_SYS_TYPES_H 1
| #define HAVE_UNISTD_H 1
| #define HAVE_FCNTL_H 1
| #define HAVE_FCNTL 1
| #define HAVE_FCNTL_O_NONBLOCK 1
| #define HAVE_SYS_TYPES_H 1
| #define HAVE_NETDB_H 1
| #define HAVE_FREEADDRINFO 1
| #define HAVE_SYS_TYPES_H 1
| #define HAVE_FTRUNCATE 1
| #define HAVE_SYS_TYPES_H 1
| #define HAVE_STDLIB_H 1
| #define HAVE_GETADDRINFO 1
| /* end confdefs.h.  */
| 
| 
|         /* includes start */
| #ifdef HAVE_SYS_TYPES_H
| #  include <sys/types.h>
| #endif
| #ifdef HAVE_SYS_SOCKET_H
| #  include <sys/socket.h>
| #endif
| /* includes end */
|         /* includes start */
| #ifdef HAVE_SYS_TYPES_H
| #  include <sys/types.h>
| #endif
| #ifdef HAVE_NETDB_H
| #  include <netdb.h>
| #endif
| /* includes end */
| 
| int main (void)
| {
| #ifdef h_errno
|   return 0;
| #else
|   force compilation error
| #endif
| }
| 
| 
configure:37635: ppc-amigaos-gcc -c -mcrt=clib4 -D__USE_INLINE__ -Werror-implicit-function-declaration -O2 -Wno-system-headers -mcrt=clib4 -D__USE_INLINE__      conftest.c >&5
configure:37635: $? = 0
configure:37667: ppc-amigaos-gcc -c -mcrt=clib4 -D__USE_INLINE__ -Werror-implicit-function-declaration -O2 -Wno-system-headers -mcrt=clib4 -D__USE_INLINE__      conftest.c >&5
conftest.c: In function 'main':
conftest.c:177:11: error: unknown type name 'force'
  177 |           force compilation error
      |           ^~~~~
conftest.c:177:29: error: expected '=', ',', ';', 'asm' or '__attribute__' before 'error'
  177 |           force compilation error
      |                             ^~~~~
configure:37667: $? = 1
configure: failed program was:
| /* confdefs.h */
| #define PACKAGE_NAME "curl"
| #define PACKAGE_TARNAME "curl"
| #define PACKAGE_VERSION "-"
| #define PACKAGE_STRING "curl -"
| #define PACKAGE_BUGREPORT "a suitable curl mailing list: https://curl.se/mail/"
| #define PACKAGE_URL ""
| #define HAVE_STDIO_H 1
| #define HAVE_STDLIB_H 1
| #define HAVE_STRING_H 1
| #define HAVE_INTTYPES_H 1
| #define HAVE_STDINT_H 1
| #define HAVE_STRINGS_H 1
| #define HAVE_SYS_STAT_H 1
| #define HAVE_SYS_TYPES_H 1
| #define HAVE_UNISTD_H 1
| #define STDC_HEADERS 1
| #define HAVE_STDATOMIC_H 1
| #define HAVE_ATOMIC 1
| #define PACKAGE "curl"
| #define VERSION "-"
| #define OS "powerpc-unknown-amigaos"
| #define HAVE_DLFCN_H 1
| #define LT_OBJDIR ".libs/"
| #define HAVE_LDAP_SSL 1
| #define HAVE_PROTO_BSDSOCKET_H 1
| #define HAVE_SYS_TYPES_H 1
| #define HAVE_SYS_TIME_H 1
| #define HAVE_CLOCK_GETTIME_MONOTONIC 1
| #define HAVE_ZLIB_H 1
| #define HAVE_LIBZ 1
| #define HAVE_BROTLI_DECODE_H 1
| #define HAVE_BROTLI 1
| #define CURL_DISABLE_LDAP 1
| #define CURL_DISABLE_LDAPS 1
| #define HAVE_LIBSSL 1
| #define HAVE_OPENSSL_X509_H 1
| #define USE_OPENSSL 1
| #define HAVE_OPENSSL_RSA_H 1
| #define USE_OPENSSL 1
| #define HAVE_OPENSSL_CRYPTO_H 1
| #define USE_OPENSSL 1
| #define HAVE_OPENSSL_PEM_H 1
| #define USE_OPENSSL 1
| #define HAVE_OPENSSL_SSL_H 1
| #define USE_OPENSSL 1
| #define HAVE_OPENSSL_ERR_H 1
| #define USE_OPENSSL 1
| #define HAVE_OPENSSL_SRP 1
| #define CURL_CA_FALLBACK 1
| #define HAVE_LIBRTMP_RTMP_H 1
| #define USE_LIBRTMP 1
| #define HAVE_IDN2_H 1
| #define HAVE_NGHTTP2_NGHTTP2_H 1
| #define USE_NGHTTP2 1
| #define HAVE_SYS_TYPES_H 1
| #define HAVE_SYS_TIME_H 1
| #define HAVE_SYS_SELECT_H 1
| #define HAVE_SYS_SOCKET_H 1
| #define HAVE_SYS_IOCTL_H 1
| #define HAVE_SYS_UIO_H 1
| #define HAVE_ASSERT_H 1
| #define HAVE_UNISTD_H 1
| #define HAVE_STDLIB_H 1
| #define HAVE_ARPA_INET_H 1
| #define HAVE_NET_IF_H 1
| #define HAVE_NETINET_IN_H 1
| #define HAVE_SYS_UN_H 1
| #define HAVE_NETINET_TCP_H 1
| #define HAVE_NETINET_UDP_H 1
| #define HAVE_NETDB_H 1
| #define HAVE_SYS_SOCKIO_H 1
| #define HAVE_SYS_STAT_H 1
| #define HAVE_SYS_PARAM_H 1
| #define HAVE_TERMIOS_H 1
| #define HAVE_FCNTL_H 1
| #define HAVE_PWD_H 1
| #define HAVE_UTIME_H 1
| #define HAVE_SYS_POLL_H 1
| #define HAVE_POLL_H 1
| #define HAVE_SYS_RESOURCE_H 1
| #define HAVE_LIBGEN_H 1
| #define HAVE_LOCALE_H 1
| #define HAVE_ERRNO_H 1
| #define HAVE_STDBOOL_H 1
| #define HAVE_ARPA_TFTP_H 1
| #define HAVE_SYS_FILIO_H 1
| #define HAVE_SYS_WAIT_H 1
| #define HAVE_SETJMP_H 1
| #define HAVE_VARIADIC_MACROS_C99 1
| #define HAVE_VARIADIC_MACROS_GCC 1
| #define HAVE_SYS_TYPES_H 1
| #define HAVE_SYS_TIME_H 1
| #define HAVE_SYS_SOCKET_H 1
| #define HAVE_STRUCT_TIMEVAL 1
| #define SIZEOF_SIZE_T 4
| #define SIZEOF_LONG 4
| #define SIZEOF_INT 4
| #define SIZEOF_TIME_T 4
| #define SIZEOF_OFF_T 8
| #define SIZEOF_CURL_OFF_T 8
| #define HAVE_LONGLONG 1
| #define HAVE_BOOL_T 1
| #define CURL_SA_FAMILY_T sa_family_t
| #define HAVE_SUSECONDS_T 1
| #define HAVE_SYS_TYPES_H 1
| #define HAVE_POLL_H 1
| #define HAVE_SYS_POLL_H 1
| #define HAVE_STRUCT_SOCKADDR_STORAGE 1
| #define HAVE_SYS_SELECT_H 1
| #define HAVE_SYS_SOCKET_H 1
| #define SELECT_TYPE_ARG1 int
| #define SELECT_TYPE_ARG234 fd_set *
| #define SELECT_TYPE_RETV int
| #define SELECT_QUAL_ARG5 
| #define SELECT_TYPE_ARG5 struct timeval *
| #define HAVE_SELECT 1
| #define HAVE_SYS_TYPES_H 1
| #define HAVE_SYS_SOCKET_H 1
| #define RECV_TYPE_ARG1 int
| #define RECV_TYPE_ARG2 char *
| #define RECV_TYPE_ARG3 size_t
| #define RECV_TYPE_ARG4 int
| #define RECV_TYPE_RETV int
| #define HAVE_RECV 1
| #define HAVE_SYS_TYPES_H 1
| #define HAVE_SYS_SOCKET_H 1
| #define SEND_TYPE_ARG1 int
| #define SEND_TYPE_ARG3 size_t
| #define SEND_TYPE_ARG4 int
| #define SEND_TYPE_RETV int
| #define SEND_QUAL_ARG2 
| #define SEND_TYPE_ARG2 char *
| #define HAVE_SEND 1
| #define HAVE_SYS_TYPES_H 1
| #define HAVE_SYS_SOCKET_H 1
| #define HAVE_MSG_NOSIGNAL 1
| #define HAVE_SYS_TYPES_H 1
| #define HAVE_UNISTD_H 1
| #define HAVE_ALARM 1
| #define HAVE_SYS_TYPES_H 1
| #define HAVE_STRING_H 1
| #define HAVE_STRINGS_H 1
| #define HAVE_SYS_TYPES_H 1
| #define HAVE_LIBGEN_H 1
| #define HAVE_BASENAME 1
| #define HAVE_SYS_TYPES_H 1
| #define HAVE_SYS_TYPES_H 1
| #define HAVE_SYS_SOCKET_H 1
| #define HAVE_CLOSESOCKET_CAMEL 1
| #define HAVE_CONNECT 1
| #define HAVE_SYS_TYPES_H 1
| #define HAVE_UNISTD_H 1
| #define HAVE_FCNTL_H 1
| #define HAVE_FCNTL 1
| #define HAVE_FCNTL_O_NONBLOCK 1
| #define HAVE_SYS_TYPES_H 1
| #define HAVE_NETDB_H 1
| #define HAVE_FREEADDRINFO 1
| #define HAVE_SYS_TYPES_H 1
| #define HAVE_FTRUNCATE 1
| #define HAVE_SYS_TYPES_H 1
| #define HAVE_STDLIB_H 1
| #define HAVE_GETADDRINFO 1
| /* end confdefs.h.  */
| 
| 
| 
| int main (void)
| {
| 
| #if defined(_POSIX_C_SOURCE) && (_POSIX_C_SOURCE >= 200809L)
|           return 0;
| #elif defined(_XOPEN_SOURCE) && (_XOPEN_SOURCE >= 700)
|           return 0;
| #else
|           force compilation error
| #endif
| 
|  ;
|  return 0;
| }
| 
configure:37686: result: yes
configure:37705: checking if gethostbyname can be linked
configure:37726: ppc-amigaos-gcc -o conftest -mcrt=clib4 -D__USE_INLINE__ -Werror-implicit-function-declaration -O2 -Wno-system-headers -mcrt=clib4 -D__USE_INLINE__      -mcrt=clib4      conftest.c  -lrtmp -lssl -lcrypto -lssl -lcrypto   -lz -lpthread -latomic -lauto >&5
conftest.c:183: warning: "__USE_INLINE__" redefined
  183 | #  define __USE_INLINE__
      | 
<command-line>: note: this is the location of the previous definition
configure:37726: $? = 0
configure:37729: result: yes
configure:37744: checking if gethostbyname is prototyped
conftest.c:182: warning: "__USE_INLINE__" redefined
  182 | #  define __USE_INLINE__
      | 
<command-line>: note: this is the location of the previous definition
configure:37758: result: yes
configure:37774: checking if gethostbyname is compilable
configure:37795: ppc-amigaos-gcc -c -mcrt=clib4 -D__USE_INLINE__ -Werror-implicit-function-declaration -O2 -Wno-system-headers -mcrt=clib4 -D__USE_INLINE__      conftest.c >&5
conftest.c:183: warning: "__USE_INLINE__" redefined
  183 | #  define __USE_INLINE__
      | 
<command-line>: note: this is the location of the previous definition
configure:37795: $? = 0
configure:37798: result: yes
configure:37813: checking if gethostbyname usage allowed
configure:37816: result: yes
configure:37826: checking if gethostbyname might be used
configure:37832: result: yes
configure:37852: checking if gethostbyname_r can be linked
configure:37881: ppc-amigaos-gcc -o conftest -mcrt=clib4 -D__USE_INLINE__ -Werror-implicit-function-declaration -O2 -Wno-system-headers -mcrt=clib4 -D__USE_INLINE__      -mcrt=clib4      conftest.c  -lrtmp -lssl -lcrypto -lssl -lcrypto   -lz -lpthread -latomic -lauto >&5
configure:37881: $? = 0
configure:37884: result: yes
configure:37899: checking if gethostbyname_r is prototyped
configure:37917: result: no
configure:38066: checking if gethostbyname_r might be used
configure:38094: result: no
configure:38116: checking if gethostname can be linked
configure:38137: ppc-amigaos-gcc -o conftest -mcrt=clib4 -D__USE_INLINE__ -Werror-implicit-function-declaration -O2 -Wno-system-headers -mcrt=clib4 -D__USE_INLINE__      -mcrt=clib4      conftest.c  -lrtmp -lssl -lcrypto -lssl -lcrypto   -lz -lpthread -latomic -lauto >&5
conftest.c:192: warning: "__USE_INLINE__" redefined
  192 | #  define __USE_INLINE__
      | 
<command-line>: note: this is the location of the previous definition
configure:38137: $? = 0
configure:38140: result: yes
configure:38155: checking if gethostname is prototyped
conftest.c:191: warning: "__USE_INLINE__" redefined
  191 | #  define __USE_INLINE__
      | 
<command-line>: note: this is the location of the previous definition
configure:38169: result: yes
configure:38185: checking if gethostname is compilable
configure:38206: ppc-amigaos-gcc -c -mcrt=clib4 -D__USE_INLINE__ -Werror-implicit-function-declaration -O2 -Wno-system-headers -mcrt=clib4 -D__USE_INLINE__      conftest.c >&5
conftest.c:192: warning: "__USE_INLINE__" redefined
  192 | #  define __USE_INLINE__
      | 
<command-line>: note: this is the location of the previous definition
configure:38206: $? = 0
configure:38209: result: yes
configure:38224: checking for gethostname arg 2 data type
configure:38251: ppc-amigaos-gcc -c -mcrt=clib4 -D__USE_INLINE__ -Werror-implicit-function-declaration -O2 -Wno-system-headers -mcrt=clib4 -D__USE_INLINE__      conftest.c >&5
conftest.c:192: warning: "__USE_INLINE__" redefined
  192 | #  define __USE_INLINE__
      | 
<command-line>: note: this is the location of the previous definition
In file included from /usr/ppc-amigaos/SDK/include/netinclude/proto/bsdsocket.h:62,
                 from conftest.c:193:
conftest.c:212:38: error: expected '=', ',', ';', 'asm' or '__attribute__' before '->' token
  212 |               extern int FUNCALLCONV gethostname(char *, int);
      |                                      ^~~~~~~~~~~
configure:38251: $? = 1
configure: failed program was:
| /* confdefs.h */
| #define PACKAGE_NAME "curl"
| #define PACKAGE_TARNAME "curl"
| #define PACKAGE_VERSION "-"
| #define PACKAGE_STRING "curl -"
| #define PACKAGE_BUGREPORT "a suitable curl mailing list: https://curl.se/mail/"
| #define PACKAGE_URL ""
| #define HAVE_STDIO_H 1
| #define HAVE_STDLIB_H 1
| #define HAVE_STRING_H 1
| #define HAVE_INTTYPES_H 1
| #define HAVE_STDINT_H 1
| #define HAVE_STRINGS_H 1
| #define HAVE_SYS_STAT_H 1
| #define HAVE_SYS_TYPES_H 1
| #define HAVE_UNISTD_H 1
| #define STDC_HEADERS 1
| #define HAVE_STDATOMIC_H 1
| #define HAVE_ATOMIC 1
| #define PACKAGE "curl"
| #define VERSION "-"
| #define OS "powerpc-unknown-amigaos"
| #define HAVE_DLFCN_H 1
| #define LT_OBJDIR ".libs/"
| #define HAVE_LDAP_SSL 1
| #define HAVE_PROTO_BSDSOCKET_H 1
| #define HAVE_SYS_TYPES_H 1
| #define HAVE_SYS_TIME_H 1
| #define HAVE_CLOCK_GETTIME_MONOTONIC 1
| #define HAVE_ZLIB_H 1
| #define HAVE_LIBZ 1
| #define HAVE_BROTLI_DECODE_H 1
| #define HAVE_BROTLI 1
| #define CURL_DISABLE_LDAP 1
| #define CURL_DISABLE_LDAPS 1
| #define HAVE_LIBSSL 1
| #define HAVE_OPENSSL_X509_H 1
| #define USE_OPENSSL 1
| #define HAVE_OPENSSL_RSA_H 1
| #define USE_OPENSSL 1
| #define HAVE_OPENSSL_CRYPTO_H 1
| #define USE_OPENSSL 1
| #define HAVE_OPENSSL_PEM_H 1
| #define USE_OPENSSL 1
| #define HAVE_OPENSSL_SSL_H 1
| #define USE_OPENSSL 1
| #define HAVE_OPENSSL_ERR_H 1
| #define USE_OPENSSL 1
| #define HAVE_OPENSSL_SRP 1
| #define CURL_CA_FALLBACK 1
| #define HAVE_LIBRTMP_RTMP_H 1
| #define USE_LIBRTMP 1
| #define HAVE_IDN2_H 1
| #define HAVE_NGHTTP2_NGHTTP2_H 1
| #define USE_NGHTTP2 1
| #define HAVE_SYS_TYPES_H 1
| #define HAVE_SYS_TIME_H 1
| #define HAVE_SYS_SELECT_H 1
| #define HAVE_SYS_SOCKET_H 1
| #define HAVE_SYS_IOCTL_H 1
| #define HAVE_SYS_UIO_H 1
| #define HAVE_ASSERT_H 1
| #define HAVE_UNISTD_H 1
| #define HAVE_STDLIB_H 1
| #define HAVE_ARPA_INET_H 1
| #define HAVE_NET_IF_H 1
| #define HAVE_NETINET_IN_H 1
| #define HAVE_SYS_UN_H 1
| #define HAVE_NETINET_TCP_H 1
| #define HAVE_NETINET_UDP_H 1
| #define HAVE_NETDB_H 1
| #define HAVE_SYS_SOCKIO_H 1
| #define HAVE_SYS_STAT_H 1
| #define HAVE_SYS_PARAM_H 1
| #define HAVE_TERMIOS_H 1
| #define HAVE_FCNTL_H 1
| #define HAVE_PWD_H 1
| #define HAVE_UTIME_H 1
| #define HAVE_SYS_POLL_H 1
| #define HAVE_POLL_H 1
| #define HAVE_SYS_RESOURCE_H 1
| #define HAVE_LIBGEN_H 1
| #define HAVE_LOCALE_H 1
| #define HAVE_ERRNO_H 1
| #define HAVE_STDBOOL_H 1
| #define HAVE_ARPA_TFTP_H 1
| #define HAVE_SYS_FILIO_H 1
| #define HAVE_SYS_WAIT_H 1
| #define HAVE_SETJMP_H 1
| #define HAVE_VARIADIC_MACROS_C99 1
| #define HAVE_VARIADIC_MACROS_GCC 1
| #define HAVE_SYS_TYPES_H 1
| #define HAVE_SYS_TIME_H 1
| #define HAVE_SYS_SOCKET_H 1
| #define HAVE_STRUCT_TIMEVAL 1
| #define SIZEOF_SIZE_T 4
| #define SIZEOF_LONG 4
| #define SIZEOF_INT 4
| #define SIZEOF_TIME_T 4
| #define SIZEOF_OFF_T 8
| #define SIZEOF_CURL_OFF_T 8
| #define HAVE_LONGLONG 1
| #define HAVE_BOOL_T 1
| #define CURL_SA_FAMILY_T sa_family_t
| #define HAVE_SUSECONDS_T 1
| #define HAVE_SYS_TYPES_H 1
| #define HAVE_POLL_H 1
| #define HAVE_SYS_POLL_H 1
| #define HAVE_STRUCT_SOCKADDR_STORAGE 1
| #define HAVE_SYS_SELECT_H 1
| #define HAVE_SYS_SOCKET_H 1
| #define SELECT_TYPE_ARG1 int
| #define SELECT_TYPE_ARG234 fd_set *
| #define SELECT_TYPE_RETV int
| #define SELECT_QUAL_ARG5 
| #define SELECT_TYPE_ARG5 struct timeval *
| #define HAVE_SELECT 1
| #define HAVE_SYS_TYPES_H 1
| #define HAVE_SYS_SOCKET_H 1
| #define RECV_TYPE_ARG1 int
| #define RECV_TYPE_ARG2 char *
| #define RECV_TYPE_ARG3 size_t
| #define RECV_TYPE_ARG4 int
| #define RECV_TYPE_RETV int
| #define HAVE_RECV 1
| #define HAVE_SYS_TYPES_H 1
| #define HAVE_SYS_SOCKET_H 1
| #define SEND_TYPE_ARG1 int
| #define SEND_TYPE_ARG3 size_t
| #define SEND_TYPE_ARG4 int
| #define SEND_TYPE_RETV int
| #define SEND_QUAL_ARG2 
| #define SEND_TYPE_ARG2 char *
| #define HAVE_SEND 1
| #define HAVE_SYS_TYPES_H 1
| #define HAVE_SYS_SOCKET_H 1
| #define HAVE_MSG_NOSIGNAL 1
| #define HAVE_SYS_TYPES_H 1
| #define HAVE_UNISTD_H 1
| #define HAVE_ALARM 1
| #define HAVE_SYS_TYPES_H 1
| #define HAVE_STRING_H 1
| #define HAVE_STRINGS_H 1
| #define HAVE_SYS_TYPES_H 1
| #define HAVE_LIBGEN_H 1
| #define HAVE_BASENAME 1
| #define HAVE_SYS_TYPES_H 1
| #define HAVE_SYS_TYPES_H 1
| #define HAVE_SYS_SOCKET_H 1
| #define HAVE_CLOSESOCKET_CAMEL 1
| #define HAVE_CONNECT 1
| #define HAVE_SYS_TYPES_H 1
| #define HAVE_UNISTD_H 1
| #define HAVE_FCNTL_H 1
| #define HAVE_FCNTL 1
| #define HAVE_FCNTL_O_NONBLOCK 1
| #define HAVE_SYS_TYPES_H 1
| #define HAVE_NETDB_H 1
| #define HAVE_FREEADDRINFO 1
| #define HAVE_SYS_TYPES_H 1
| #define HAVE_FTRUNCATE 1
| #define HAVE_SYS_TYPES_H 1
| #define HAVE_STDLIB_H 1
| #define HAVE_GETADDRINFO 1
| #define HAVE_GETADDRINFO_THREADSAFE 1
| #define HAVE_GETHOSTBYNAME 1
| /* end confdefs.h.  */
| 
| 
|               /* includes start */
| #ifdef HAVE_WINDOWS_H
| #  ifndef WIN32_LEAN_AND_MEAN
| #    define WIN32_LEAN_AND_MEAN
| #  endif
| #  include <windows.h>
| #  ifdef HAVE_WINSOCK2_H
| #    include <winsock2.h>
| #  endif
| #endif
| /* includes end */
|               /* includes start */
| #ifdef HAVE_SYS_TYPES_H
| #  include <sys/types.h>
| #endif
| #ifdef HAVE_UNISTD_H
| #  include <unistd.h>
| #endif
| /* includes end */
|               /* includes start */
| #if defined(HAVE_PROTO_BSDSOCKET_H)
| #  define __NO_NET_API
| #  define __USE_INLINE__
| #  include <proto/bsdsocket.h>
| #  ifdef HAVE_SYS_IOCTL_H
| #    include <sys/ioctl.h>
| #  endif
| #  ifdef __amigaos4__
| struct SocketIFace *ISocket = NULL;
| #  else
| struct Library *SocketBase = NULL;
| #  endif
| #  define select(a,b,c,d,e) WaitSelect(a,b,c,d,e,0)
| #endif
| /* includes end */
|               /* preprocess start */
| #ifdef HAVE_WINDOWS_H
| #  define FUNCALLCONV __stdcall
| #else
| #  define FUNCALLCONV
| #endif
| /* preprocess end */
|               extern int FUNCALLCONV gethostname(char *, int);
| 
| int main (void)
| {
| 
|               if(0 != gethostname(0, 0))
|                 return 1;
| 
|  ;
|  return 0;
| }
| 
configure:38251: ppc-amigaos-gcc -c -mcrt=clib4 -D__USE_INLINE__ -Werror-implicit-function-declaration -O2 -Wno-system-headers -mcrt=clib4 -D__USE_INLINE__      conftest.c >&5
conftest.c:192: warning: "__USE_INLINE__" redefined
  192 | #  define __USE_INLINE__
      | 
<command-line>: note: this is the location of the previous definition
In file included from /usr/ppc-amigaos/SDK/include/netinclude/proto/bsdsocket.h:62,
                 from conftest.c:193:
conftest.c:212:38: error: expected '=', ',', ';', 'asm' or '__attribute__' before '->' token
  212 |               extern int FUNCALLCONV gethostname(char *, unsigned int);
      |                                      ^~~~~~~~~~~
configure:38251: $? = 1
configure: failed program was:
| /* confdefs.h */
| #define PACKAGE_NAME "curl"
| #define PACKAGE_TARNAME "curl"
| #define PACKAGE_VERSION "-"
| #define PACKAGE_STRING "curl -"
| #define PACKAGE_BUGREPORT "a suitable curl mailing list: https://curl.se/mail/"
| #define PACKAGE_URL ""
| #define HAVE_STDIO_H 1
| #define HAVE_STDLIB_H 1
| #define HAVE_STRING_H 1
| #define HAVE_INTTYPES_H 1
| #define HAVE_STDINT_H 1
| #define HAVE_STRINGS_H 1
| #define HAVE_SYS_STAT_H 1
| #define HAVE_SYS_TYPES_H 1
| #define HAVE_UNISTD_H 1
| #define STDC_HEADERS 1
| #define HAVE_STDATOMIC_H 1
| #define HAVE_ATOMIC 1
| #define PACKAGE "curl"
| #define VERSION "-"
| #define OS "powerpc-unknown-amigaos"
| #define HAVE_DLFCN_H 1
| #define LT_OBJDIR ".libs/"
| #define HAVE_LDAP_SSL 1
| #define HAVE_PROTO_BSDSOCKET_H 1
| #define HAVE_SYS_TYPES_H 1
| #define HAVE_SYS_TIME_H 1
| #define HAVE_CLOCK_GETTIME_MONOTONIC 1
| #define HAVE_ZLIB_H 1
| #define HAVE_LIBZ 1
| #define HAVE_BROTLI_DECODE_H 1
| #define HAVE_BROTLI 1
| #define CURL_DISABLE_LDAP 1
| #define CURL_DISABLE_LDAPS 1
| #define HAVE_LIBSSL 1
| #define HAVE_OPENSSL_X509_H 1
| #define USE_OPENSSL 1
| #define HAVE_OPENSSL_RSA_H 1
| #define USE_OPENSSL 1
| #define HAVE_OPENSSL_CRYPTO_H 1
| #define USE_OPENSSL 1
| #define HAVE_OPENSSL_PEM_H 1
| #define USE_OPENSSL 1
| #define HAVE_OPENSSL_SSL_H 1
| #define USE_OPENSSL 1
| #define HAVE_OPENSSL_ERR_H 1
| #define USE_OPENSSL 1
| #define HAVE_OPENSSL_SRP 1
| #define CURL_CA_FALLBACK 1
| #define HAVE_LIBRTMP_RTMP_H 1
| #define USE_LIBRTMP 1
| #define HAVE_IDN2_H 1
| #define HAVE_NGHTTP2_NGHTTP2_H 1
| #define USE_NGHTTP2 1
| #define HAVE_SYS_TYPES_H 1
| #define HAVE_SYS_TIME_H 1
| #define HAVE_SYS_SELECT_H 1
| #define HAVE_SYS_SOCKET_H 1
| #define HAVE_SYS_IOCTL_H 1
| #define HAVE_SYS_UIO_H 1
| #define HAVE_ASSERT_H 1
| #define HAVE_UNISTD_H 1
| #define HAVE_STDLIB_H 1
| #define HAVE_ARPA_INET_H 1
| #define HAVE_NET_IF_H 1
| #define HAVE_NETINET_IN_H 1
| #define HAVE_SYS_UN_H 1
| #define HAVE_NETINET_TCP_H 1
| #define HAVE_NETINET_UDP_H 1
| #define HAVE_NETDB_H 1
| #define HAVE_SYS_SOCKIO_H 1
| #define HAVE_SYS_STAT_H 1
| #define HAVE_SYS_PARAM_H 1
| #define HAVE_TERMIOS_H 1
| #define HAVE_FCNTL_H 1
| #define HAVE_PWD_H 1
| #define HAVE_UTIME_H 1
| #define HAVE_SYS_POLL_H 1
| #define HAVE_POLL_H 1
| #define HAVE_SYS_RESOURCE_H 1
| #define HAVE_LIBGEN_H 1
| #define HAVE_LOCALE_H 1
| #define HAVE_ERRNO_H 1
| #define HAVE_STDBOOL_H 1
| #define HAVE_ARPA_TFTP_H 1
| #define HAVE_SYS_FILIO_H 1
| #define HAVE_SYS_WAIT_H 1
| #define HAVE_SETJMP_H 1
| #define HAVE_VARIADIC_MACROS_C99 1
| #define HAVE_VARIADIC_MACROS_GCC 1
| #define HAVE_SYS_TYPES_H 1
| #define HAVE_SYS_TIME_H 1
| #define HAVE_SYS_SOCKET_H 1
| #define HAVE_STRUCT_TIMEVAL 1
| #define SIZEOF_SIZE_T 4
| #define SIZEOF_LONG 4
| #define SIZEOF_INT 4
| #define SIZEOF_TIME_T 4
| #define SIZEOF_OFF_T 8
| #define SIZEOF_CURL_OFF_T 8
| #define HAVE_LONGLONG 1
| #define HAVE_BOOL_T 1
| #define CURL_SA_FAMILY_T sa_family_t
| #define HAVE_SUSECONDS_T 1
| #define HAVE_SYS_TYPES_H 1
| #define HAVE_POLL_H 1
| #define HAVE_SYS_POLL_H 1
| #define HAVE_STRUCT_SOCKADDR_STORAGE 1
| #define HAVE_SYS_SELECT_H 1
| #define HAVE_SYS_SOCKET_H 1
| #define SELECT_TYPE_ARG1 int
| #define SELECT_TYPE_ARG234 fd_set *
| #define SELECT_TYPE_RETV int
| #define SELECT_QUAL_ARG5 
| #define SELECT_TYPE_ARG5 struct timeval *
| #define HAVE_SELECT 1
| #define HAVE_SYS_TYPES_H 1
| #define HAVE_SYS_SOCKET_H 1
| #define RECV_TYPE_ARG1 int
| #define RECV_TYPE_ARG2 char *
| #define RECV_TYPE_ARG3 size_t
| #define RECV_TYPE_ARG4 int
| #define RECV_TYPE_RETV int
| #define HAVE_RECV 1
| #define HAVE_SYS_TYPES_H 1
| #define HAVE_SYS_SOCKET_H 1
| #define SEND_TYPE_ARG1 int
| #define SEND_TYPE_ARG3 size_t
| #define SEND_TYPE_ARG4 int
| #define SEND_TYPE_RETV int
| #define SEND_QUAL_ARG2 
| #define SEND_TYPE_ARG2 char *
| #define HAVE_SEND 1
| #define HAVE_SYS_TYPES_H 1
| #define HAVE_SYS_SOCKET_H 1
| #define HAVE_MSG_NOSIGNAL 1
| #define HAVE_SYS_TYPES_H 1
| #define HAVE_UNISTD_H 1
| #define HAVE_ALARM 1
| #define HAVE_SYS_TYPES_H 1
| #define HAVE_STRING_H 1
| #define HAVE_STRINGS_H 1
| #define HAVE_SYS_TYPES_H 1
| #define HAVE_LIBGEN_H 1
| #define HAVE_BASENAME 1
| #define HAVE_SYS_TYPES_H 1
| #define HAVE_SYS_TYPES_H 1
| #define HAVE_SYS_SOCKET_H 1
| #define HAVE_CLOSESOCKET_CAMEL 1
| #define HAVE_CONNECT 1
| #define HAVE_SYS_TYPES_H 1
| #define HAVE_UNISTD_H 1
| #define HAVE_FCNTL_H 1
| #define HAVE_FCNTL 1
| #define HAVE_FCNTL_O_NONBLOCK 1
| #define HAVE_SYS_TYPES_H 1
| #define HAVE_NETDB_H 1
| #define HAVE_FREEADDRINFO 1
| #define HAVE_SYS_TYPES_H 1
| #define HAVE_FTRUNCATE 1
| #define HAVE_SYS_TYPES_H 1
| #define HAVE_STDLIB_H 1
| #define HAVE_GETADDRINFO 1
| #define HAVE_GETADDRINFO_THREADSAFE 1
| #define HAVE_GETHOSTBYNAME 1
| /* end confdefs.h.  */
| 
| 
|               /* includes start */
| #ifdef HAVE_WINDOWS_H
| #  ifndef WIN32_LEAN_AND_MEAN
| #    define WIN32_LEAN_AND_MEAN
| #  endif
| #  include <windows.h>
| #  ifdef HAVE_WINSOCK2_H
| #    include <winsock2.h>
| #  endif
| #endif
| /* includes end */
|               /* includes start */
| #ifdef HAVE_SYS_TYPES_H
| #  include <sys/types.h>
| #endif
| #ifdef HAVE_UNISTD_H
| #  include <unistd.h>
| #endif
| /* includes end */
|               /* includes start */
| #if defined(HAVE_PROTO_BSDSOCKET_H)
| #  define __NO_NET_API
| #  define __USE_INLINE__
| #  include <proto/bsdsocket.h>
| #  ifdef HAVE_SYS_IOCTL_H
| #    include <sys/ioctl.h>
| #  endif
| #  ifdef __amigaos4__
| struct SocketIFace *ISocket = NULL;
| #  else
| struct Library *SocketBase = NULL;
| #  endif
| #  define select(a,b,c,d,e) WaitSelect(a,b,c,d,e,0)
| #endif
| /* includes end */
|               /* preprocess start */
| #ifdef HAVE_WINDOWS_H
| #  define FUNCALLCONV __stdcall
| #else
| #  define FUNCALLCONV
| #endif
| /* preprocess end */
|               extern int FUNCALLCONV gethostname(char *, unsigned int);
| 
| int main (void)
| {
| 
|               if(0 != gethostname(0, 0))
|                 return 1;
| 
|  ;
|  return 0;
| }
| 
configure:38251: ppc-amigaos-gcc -c -mcrt=clib4 -D__USE_INLINE__ -Werror-implicit-function-declaration -O2 -Wno-system-headers -mcrt=clib4 -D__USE_INLINE__      conftest.c >&5
conftest.c:192: warning: "__USE_INLINE__" redefined
  192 | #  define __USE_INLINE__
      | 
<command-line>: note: this is the location of the previous definition
In file included from /usr/ppc-amigaos/SDK/include/netinclude/proto/bsdsocket.h:62,
                 from conftest.c:193:
conftest.c:212:38: error: expected '=', ',', ';', 'asm' or '__attribute__' before '->' token
  212 |               extern int FUNCALLCONV gethostname(char *, size_t);
      |                                      ^~~~~~~~~~~
configure:38251: $? = 1
configure: failed program was:
| /* confdefs.h */
| #define PACKAGE_NAME "curl"
| #define PACKAGE_TARNAME "curl"
| #define PACKAGE_VERSION "-"
| #define PACKAGE_STRING "curl -"
| #define PACKAGE_BUGREPORT "a suitable curl mailing list: https://curl.se/mail/"
| #define PACKAGE_URL ""
| #define HAVE_STDIO_H 1
| #define HAVE_STDLIB_H 1
| #define HAVE_STRING_H 1
| #define HAVE_INTTYPES_H 1
| #define HAVE_STDINT_H 1
| #define HAVE_STRINGS_H 1
| #define HAVE_SYS_STAT_H 1
| #define HAVE_SYS_TYPES_H 1
| #define HAVE_UNISTD_H 1
| #define STDC_HEADERS 1
| #define HAVE_STDATOMIC_H 1
| #define HAVE_ATOMIC 1
| #define PACKAGE "curl"
| #define VERSION "-"
| #define OS "powerpc-unknown-amigaos"
| #define HAVE_DLFCN_H 1
| #define LT_OBJDIR ".libs/"
| #define HAVE_LDAP_SSL 1
| #define HAVE_PROTO_BSDSOCKET_H 1
| #define HAVE_SYS_TYPES_H 1
| #define HAVE_SYS_TIME_H 1
| #define HAVE_CLOCK_GETTIME_MONOTONIC 1
| #define HAVE_ZLIB_H 1
| #define HAVE_LIBZ 1
| #define HAVE_BROTLI_DECODE_H 1
| #define HAVE_BROTLI 1
| #define CURL_DISABLE_LDAP 1
| #define CURL_DISABLE_LDAPS 1
| #define HAVE_LIBSSL 1
| #define HAVE_OPENSSL_X509_H 1
| #define USE_OPENSSL 1
| #define HAVE_OPENSSL_RSA_H 1
| #define USE_OPENSSL 1
| #define HAVE_OPENSSL_CRYPTO_H 1
| #define USE_OPENSSL 1
| #define HAVE_OPENSSL_PEM_H 1
| #define USE_OPENSSL 1
| #define HAVE_OPENSSL_SSL_H 1
| #define USE_OPENSSL 1
| #define HAVE_OPENSSL_ERR_H 1
| #define USE_OPENSSL 1
| #define HAVE_OPENSSL_SRP 1
| #define CURL_CA_FALLBACK 1
| #define HAVE_LIBRTMP_RTMP_H 1
| #define USE_LIBRTMP 1
| #define HAVE_IDN2_H 1
| #define HAVE_NGHTTP2_NGHTTP2_H 1
| #define USE_NGHTTP2 1
| #define HAVE_SYS_TYPES_H 1
| #define HAVE_SYS_TIME_H 1
| #define HAVE_SYS_SELECT_H 1
| #define HAVE_SYS_SOCKET_H 1
| #define HAVE_SYS_IOCTL_H 1
| #define HAVE_SYS_UIO_H 1
| #define HAVE_ASSERT_H 1
| #define HAVE_UNISTD_H 1
| #define HAVE_STDLIB_H 1
| #define HAVE_ARPA_INET_H 1
| #define HAVE_NET_IF_H 1
| #define HAVE_NETINET_IN_H 1
| #define HAVE_SYS_UN_H 1
| #define HAVE_NETINET_TCP_H 1
| #define HAVE_NETINET_UDP_H 1
| #define HAVE_NETDB_H 1
| #define HAVE_SYS_SOCKIO_H 1
| #define HAVE_SYS_STAT_H 1
| #define HAVE_SYS_PARAM_H 1
| #define HAVE_TERMIOS_H 1
| #define HAVE_FCNTL_H 1
| #define HAVE_PWD_H 1
| #define HAVE_UTIME_H 1
| #define HAVE_SYS_POLL_H 1
| #define HAVE_POLL_H 1
| #define HAVE_SYS_RESOURCE_H 1
| #define HAVE_LIBGEN_H 1
| #define HAVE_LOCALE_H 1
| #define HAVE_ERRNO_H 1
| #define HAVE_STDBOOL_H 1
| #define HAVE_ARPA_TFTP_H 1
| #define HAVE_SYS_FILIO_H 1
| #define HAVE_SYS_WAIT_H 1
| #define HAVE_SETJMP_H 1
| #define HAVE_VARIADIC_MACROS_C99 1
| #define HAVE_VARIADIC_MACROS_GCC 1
| #define HAVE_SYS_TYPES_H 1
| #define HAVE_SYS_TIME_H 1
| #define HAVE_SYS_SOCKET_H 1
| #define HAVE_STRUCT_TIMEVAL 1
| #define SIZEOF_SIZE_T 4
| #define SIZEOF_LONG 4
| #define SIZEOF_INT 4
| #define SIZEOF_TIME_T 4
| #define SIZEOF_OFF_T 8
| #define SIZEOF_CURL_OFF_T 8
| #define HAVE_LONGLONG 1
| #define HAVE_BOOL_T 1
| #define CURL_SA_FAMILY_T sa_family_t
| #define HAVE_SUSECONDS_T 1
| #define HAVE_SYS_TYPES_H 1
| #define HAVE_POLL_H 1
| #define HAVE_SYS_POLL_H 1
| #define HAVE_STRUCT_SOCKADDR_STORAGE 1
| #define HAVE_SYS_SELECT_H 1
| #define HAVE_SYS_SOCKET_H 1
| #define SELECT_TYPE_ARG1 int
| #define SELECT_TYPE_ARG234 fd_set *
| #define SELECT_TYPE_RETV int
| #define SELECT_QUAL_ARG5 
| #define SELECT_TYPE_ARG5 struct timeval *
| #define HAVE_SELECT 1
| #define HAVE_SYS_TYPES_H 1
| #define HAVE_SYS_SOCKET_H 1
| #define RECV_TYPE_ARG1 int
| #define RECV_TYPE_ARG2 char *
| #define RECV_TYPE_ARG3 size_t
| #define RECV_TYPE_ARG4 int
| #define RECV_TYPE_RETV int
| #define HAVE_RECV 1
| #define HAVE_SYS_TYPES_H 1
| #define HAVE_SYS_SOCKET_H 1
| #define SEND_TYPE_ARG1 int
| #define SEND_TYPE_ARG3 size_t
| #define SEND_TYPE_ARG4 int
| #define SEND_TYPE_RETV int
| #define SEND_QUAL_ARG2 
| #define SEND_TYPE_ARG2 char *
| #define HAVE_SEND 1
| #define HAVE_SYS_TYPES_H 1
| #define HAVE_SYS_SOCKET_H 1
| #define HAVE_MSG_NOSIGNAL 1
| #define HAVE_SYS_TYPES_H 1
| #define HAVE_UNISTD_H 1
| #define HAVE_ALARM 1
| #define HAVE_SYS_TYPES_H 1
| #define HAVE_STRING_H 1
| #define HAVE_STRINGS_H 1
| #define HAVE_SYS_TYPES_H 1
| #define HAVE_LIBGEN_H 1
| #define HAVE_BASENAME 1
| #define HAVE_SYS_TYPES_H 1
| #define HAVE_SYS_TYPES_H 1
| #define HAVE_SYS_SOCKET_H 1
| #define HAVE_CLOSESOCKET_CAMEL 1
| #define HAVE_CONNECT 1
| #define HAVE_SYS_TYPES_H 1
| #define HAVE_UNISTD_H 1
| #define HAVE_FCNTL_H 1
| #define HAVE_FCNTL 1
| #define HAVE_FCNTL_O_NONBLOCK 1
| #define HAVE_SYS_TYPES_H 1
| #define HAVE_NETDB_H 1
| #define HAVE_FREEADDRINFO 1
| #define HAVE_SYS_TYPES_H 1
| #define HAVE_FTRUNCATE 1
| #define HAVE_SYS_TYPES_H 1
| #define HAVE_STDLIB_H 1
| #define HAVE_GETADDRINFO 1
| #define HAVE_GETADDRINFO_THREADSAFE 1
| #define HAVE_GETHOSTBYNAME 1
| /* end confdefs.h.  */
| 
| 
|               /* includes start */
| #ifdef HAVE_WINDOWS_H
| #  ifndef WIN32_LEAN_AND_MEAN
| #    define WIN32_LEAN_AND_MEAN
| #  endif
| #  include <windows.h>
| #  ifdef HAVE_WINSOCK2_H
| #    include <winsock2.h>
| #  endif
| #endif
| /* includes end */
|               /* includes start */
| #ifdef HAVE_SYS_TYPES_H
| #  include <sys/types.h>
| #endif
| #ifdef HAVE_UNISTD_H
| #  include <unistd.h>
| #endif
| /* includes end */
|               /* includes start */
| #if defined(HAVE_PROTO_BSDSOCKET_H)
| #  define __NO_NET_API
| #  define __USE_INLINE__
| #  include <proto/bsdsocket.h>
| #  ifdef HAVE_SYS_IOCTL_H
| #    include <sys/ioctl.h>
| #  endif
| #  ifdef __amigaos4__
| struct SocketIFace *ISocket = NULL;
| #  else
| struct Library *SocketBase = NULL;
| #  endif
| #  define select(a,b,c,d,e) WaitSelect(a,b,c,d,e,0)
| #endif
| /* includes end */
|               /* preprocess start */
| #ifdef HAVE_WINDOWS_H
| #  define FUNCALLCONV __stdcall
| #else
| #  define FUNCALLCONV
| #endif
| /* preprocess end */
|               extern int FUNCALLCONV gethostname(char *, size_t);
| 
| int main (void)
| {
| 
|               if(0 != gethostname(0, 0))
|                 return 1;
| 
|  ;
|  return 0;
| }
| 
configure:38251: ppc-amigaos-gcc -c -mcrt=clib4 -D__USE_INLINE__ -Werror-implicit-function-declaration -O2 -Wno-system-headers -mcrt=clib4 -D__USE_INLINE__      conftest.c >&5
conftest.c:192: warning: "__USE_INLINE__" redefined
  192 | #  define __USE_INLINE__
      | 
<command-line>: note: this is the location of the previous definition
In file included from /usr/ppc-amigaos/SDK/include/netinclude/proto/bsdsocket.h:62,
                 from conftest.c:193:
conftest.c:212:38: error: expected '=', ',', ';', 'asm' or '__attribute__' before '->' token
  212 |               extern int FUNCALLCONV gethostname(unsigned char *, int);
      |                                      ^~~~~~~~~~~
configure:38251: $? = 1
configure: failed program was:
| /* confdefs.h */
| #define PACKAGE_NAME "curl"
| #define PACKAGE_TARNAME "curl"
| #define PACKAGE_VERSION "-"
| #define PACKAGE_STRING "curl -"
| #define PACKAGE_BUGREPORT "a suitable curl mailing list: https://curl.se/mail/"
| #define PACKAGE_URL ""
| #define HAVE_STDIO_H 1
| #define HAVE_STDLIB_H 1
| #define HAVE_STRING_H 1
| #define HAVE_INTTYPES_H 1
| #define HAVE_STDINT_H 1
| #define HAVE_STRINGS_H 1
| #define HAVE_SYS_STAT_H 1
| #define HAVE_SYS_TYPES_H 1
| #define HAVE_UNISTD_H 1
| #define STDC_HEADERS 1
| #define HAVE_STDATOMIC_H 1
| #define HAVE_ATOMIC 1
| #define PACKAGE "curl"
| #define VERSION "-"
| #define OS "powerpc-unknown-amigaos"
| #define HAVE_DLFCN_H 1
| #define LT_OBJDIR ".libs/"
| #define HAVE_LDAP_SSL 1
| #define HAVE_PROTO_BSDSOCKET_H 1
| #define HAVE_SYS_TYPES_H 1
| #define HAVE_SYS_TIME_H 1
| #define HAVE_CLOCK_GETTIME_MONOTONIC 1
| #define HAVE_ZLIB_H 1
| #define HAVE_LIBZ 1
| #define HAVE_BROTLI_DECODE_H 1
| #define HAVE_BROTLI 1
| #define CURL_DISABLE_LDAP 1
| #define CURL_DISABLE_LDAPS 1
| #define HAVE_LIBSSL 1
| #define HAVE_OPENSSL_X509_H 1
| #define USE_OPENSSL 1
| #define HAVE_OPENSSL_RSA_H 1
| #define USE_OPENSSL 1
| #define HAVE_OPENSSL_CRYPTO_H 1
| #define USE_OPENSSL 1
| #define HAVE_OPENSSL_PEM_H 1
| #define USE_OPENSSL 1
| #define HAVE_OPENSSL_SSL_H 1
| #define USE_OPENSSL 1
| #define HAVE_OPENSSL_ERR_H 1
| #define USE_OPENSSL 1
| #define HAVE_OPENSSL_SRP 1
| #define CURL_CA_FALLBACK 1
| #define HAVE_LIBRTMP_RTMP_H 1
| #define USE_LIBRTMP 1
| #define HAVE_IDN2_H 1
| #define HAVE_NGHTTP2_NGHTTP2_H 1
| #define USE_NGHTTP2 1
| #define HAVE_SYS_TYPES_H 1
| #define HAVE_SYS_TIME_H 1
| #define HAVE_SYS_SELECT_H 1
| #define HAVE_SYS_SOCKET_H 1
| #define HAVE_SYS_IOCTL_H 1
| #define HAVE_SYS_UIO_H 1
| #define HAVE_ASSERT_H 1
| #define HAVE_UNISTD_H 1
| #define HAVE_STDLIB_H 1
| #define HAVE_ARPA_INET_H 1
| #define HAVE_NET_IF_H 1
| #define HAVE_NETINET_IN_H 1
| #define HAVE_SYS_UN_H 1
| #define HAVE_NETINET_TCP_H 1
| #define HAVE_NETINET_UDP_H 1
| #define HAVE_NETDB_H 1
| #define HAVE_SYS_SOCKIO_H 1
| #define HAVE_SYS_STAT_H 1
| #define HAVE_SYS_PARAM_H 1
| #define HAVE_TERMIOS_H 1
| #define HAVE_FCNTL_H 1
| #define HAVE_PWD_H 1
| #define HAVE_UTIME_H 1
| #define HAVE_SYS_POLL_H 1
| #define HAVE_POLL_H 1
| #define HAVE_SYS_RESOURCE_H 1
| #define HAVE_LIBGEN_H 1
| #define HAVE_LOCALE_H 1
| #define HAVE_ERRNO_H 1
| #define HAVE_STDBOOL_H 1
| #define HAVE_ARPA_TFTP_H 1
| #define HAVE_SYS_FILIO_H 1
| #define HAVE_SYS_WAIT_H 1
| #define HAVE_SETJMP_H 1
| #define HAVE_VARIADIC_MACROS_C99 1
| #define HAVE_VARIADIC_MACROS_GCC 1
| #define HAVE_SYS_TYPES_H 1
| #define HAVE_SYS_TIME_H 1
| #define HAVE_SYS_SOCKET_H 1
| #define HAVE_STRUCT_TIMEVAL 1
| #define SIZEOF_SIZE_T 4
| #define SIZEOF_LONG 4
| #define SIZEOF_INT 4
| #define SIZEOF_TIME_T 4
| #define SIZEOF_OFF_T 8
| #define SIZEOF_CURL_OFF_T 8
| #define HAVE_LONGLONG 1
| #define HAVE_BOOL_T 1
| #define CURL_SA_FAMILY_T sa_family_t
| #define HAVE_SUSECONDS_T 1
| #define HAVE_SYS_TYPES_H 1
| #define HAVE_POLL_H 1
| #define HAVE_SYS_POLL_H 1
| #define HAVE_STRUCT_SOCKADDR_STORAGE 1
| #define HAVE_SYS_SELECT_H 1
| #define HAVE_SYS_SOCKET_H 1
| #define SELECT_TYPE_ARG1 int
| #define SELECT_TYPE_ARG234 fd_set *
| #define SELECT_TYPE_RETV int
| #define SELECT_QUAL_ARG5 
| #define SELECT_TYPE_ARG5 struct timeval *
| #define HAVE_SELECT 1
| #define HAVE_SYS_TYPES_H 1
| #define HAVE_SYS_SOCKET_H 1
| #define RECV_TYPE_ARG1 int
| #define RECV_TYPE_ARG2 char *
| #define RECV_TYPE_ARG3 size_t
| #define RECV_TYPE_ARG4 int
| #define RECV_TYPE_RETV int
| #define HAVE_RECV 1
| #define HAVE_SYS_TYPES_H 1
| #define HAVE_SYS_SOCKET_H 1
| #define SEND_TYPE_ARG1 int
| #define SEND_TYPE_ARG3 size_t
| #define SEND_TYPE_ARG4 int
| #define SEND_TYPE_RETV int
| #define SEND_QUAL_ARG2 
| #define SEND_TYPE_ARG2 char *
| #define HAVE_SEND 1
| #define HAVE_SYS_TYPES_H 1
| #define HAVE_SYS_SOCKET_H 1
| #define HAVE_MSG_NOSIGNAL 1
| #define HAVE_SYS_TYPES_H 1
| #define HAVE_UNISTD_H 1
| #define HAVE_ALARM 1
| #define HAVE_SYS_TYPES_H 1
| #define HAVE_STRING_H 1
| #define HAVE_STRINGS_H 1
| #define HAVE_SYS_TYPES_H 1
| #define HAVE_LIBGEN_H 1
| #define HAVE_BASENAME 1
| #define HAVE_SYS_TYPES_H 1
| #define HAVE_SYS_TYPES_H 1
| #define HAVE_SYS_SOCKET_H 1
| #define HAVE_CLOSESOCKET_CAMEL 1
| #define HAVE_CONNECT 1
| #define HAVE_SYS_TYPES_H 1
| #define HAVE_UNISTD_H 1
| #define HAVE_FCNTL_H 1
| #define HAVE_FCNTL 1
| #define HAVE_FCNTL_O_NONBLOCK 1
| #define HAVE_SYS_TYPES_H 1
| #define HAVE_NETDB_H 1
| #define HAVE_FREEADDRINFO 1
| #define HAVE_SYS_TYPES_H 1
| #define HAVE_FTRUNCATE 1
| #define HAVE_SYS_TYPES_H 1
| #define HAVE_STDLIB_H 1
| #define HAVE_GETADDRINFO 1
| #define HAVE_GETADDRINFO_THREADSAFE 1
| #define HAVE_GETHOSTBYNAME 1
| /* end confdefs.h.  */
| 
| 
|               /* includes start */
| #ifdef HAVE_WINDOWS_H
| #  ifndef WIN32_LEAN_AND_MEAN
| #    define WIN32_LEAN_AND_MEAN
| #  endif
| #  include <windows.h>
| #  ifdef HAVE_WINSOCK2_H
| #    include <winsock2.h>
| #  endif
| #endif
| /* includes end */
|               /* includes start */
| #ifdef HAVE_SYS_TYPES_H
| #  include <sys/types.h>
| #endif
| #ifdef HAVE_UNISTD_H
| #  include <unistd.h>
| #endif
| /* includes end */
|               /* includes start */
| #if defined(HAVE_PROTO_BSDSOCKET_H)
| #  define __NO_NET_API
| #  define __USE_INLINE__
| #  include <proto/bsdsocket.h>
| #  ifdef HAVE_SYS_IOCTL_H
| #    include <sys/ioctl.h>
| #  endif
| #  ifdef __amigaos4__
| struct SocketIFace *ISocket = NULL;
| #  else
| struct Library *SocketBase = NULL;
| #  endif
| #  define select(a,b,c,d,e) WaitSelect(a,b,c,d,e,0)
| #endif
| /* includes end */
|               /* preprocess start */
| #ifdef HAVE_WINDOWS_H
| #  define FUNCALLCONV __stdcall
| #else
| #  define FUNCALLCONV
| #endif
| /* preprocess end */
|               extern int FUNCALLCONV gethostname(unsigned char *, int);
| 
| int main (void)
| {
| 
|               if(0 != gethostname(0, 0))
|                 return 1;
| 
|  ;
|  return 0;
| }
| 
configure:38251: ppc-amigaos-gcc -c -mcrt=clib4 -D__USE_INLINE__ -Werror-implicit-function-declaration -O2 -Wno-system-headers -mcrt=clib4 -D__USE_INLINE__      conftest.c >&5
conftest.c:192: warning: "__USE_INLINE__" redefined
  192 | #  define __USE_INLINE__
      | 
<command-line>: note: this is the location of the previous definition
In file included from /usr/ppc-amigaos/SDK/include/netinclude/proto/bsdsocket.h:62,
                 from conftest.c:193:
conftest.c:212:38: error: expected '=', ',', ';', 'asm' or '__attribute__' before '->' token
  212 |               extern int FUNCALLCONV gethostname(unsigned char *, unsigned int);
      |                                      ^~~~~~~~~~~
configure:38251: $? = 1
configure: failed program was:
| /* confdefs.h */
| #define PACKAGE_NAME "curl"
| #define PACKAGE_TARNAME "curl"
| #define PACKAGE_VERSION "-"
| #define PACKAGE_STRING "curl -"
| #define PACKAGE_BUGREPORT "a suitable curl mailing list: https://curl.se/mail/"
| #define PACKAGE_URL ""
| #define HAVE_STDIO_H 1
| #define HAVE_STDLIB_H 1
| #define HAVE_STRING_H 1
| #define HAVE_INTTYPES_H 1
| #define HAVE_STDINT_H 1
| #define HAVE_STRINGS_H 1
| #define HAVE_SYS_STAT_H 1
| #define HAVE_SYS_TYPES_H 1
| #define HAVE_UNISTD_H 1
| #define STDC_HEADERS 1
| #define HAVE_STDATOMIC_H 1
| #define HAVE_ATOMIC 1
| #define PACKAGE "curl"
| #define VERSION "-"
| #define OS "powerpc-unknown-amigaos"
| #define HAVE_DLFCN_H 1
| #define LT_OBJDIR ".libs/"
| #define HAVE_LDAP_SSL 1
| #define HAVE_PROTO_BSDSOCKET_H 1
| #define HAVE_SYS_TYPES_H 1
| #define HAVE_SYS_TIME_H 1
| #define HAVE_CLOCK_GETTIME_MONOTONIC 1
| #define HAVE_ZLIB_H 1
| #define HAVE_LIBZ 1
| #define HAVE_BROTLI_DECODE_H 1
| #define HAVE_BROTLI 1
| #define CURL_DISABLE_LDAP 1
| #define CURL_DISABLE_LDAPS 1
| #define HAVE_LIBSSL 1
| #define HAVE_OPENSSL_X509_H 1
| #define USE_OPENSSL 1
| #define HAVE_OPENSSL_RSA_H 1
| #define USE_OPENSSL 1
| #define HAVE_OPENSSL_CRYPTO_H 1
| #define USE_OPENSSL 1
| #define HAVE_OPENSSL_PEM_H 1
| #define USE_OPENSSL 1
| #define HAVE_OPENSSL_SSL_H 1
| #define USE_OPENSSL 1
| #define HAVE_OPENSSL_ERR_H 1
| #define USE_OPENSSL 1
| #define HAVE_OPENSSL_SRP 1
| #define CURL_CA_FALLBACK 1
| #define HAVE_LIBRTMP_RTMP_H 1
| #define USE_LIBRTMP 1
| #define HAVE_IDN2_H 1
| #define HAVE_NGHTTP2_NGHTTP2_H 1
| #define USE_NGHTTP2 1
| #define HAVE_SYS_TYPES_H 1
| #define HAVE_SYS_TIME_H 1
| #define HAVE_SYS_SELECT_H 1
| #define HAVE_SYS_SOCKET_H 1
| #define HAVE_SYS_IOCTL_H 1
| #define HAVE_SYS_UIO_H 1
| #define HAVE_ASSERT_H 1
| #define HAVE_UNISTD_H 1
| #define HAVE_STDLIB_H 1
| #define HAVE_ARPA_INET_H 1
| #define HAVE_NET_IF_H 1
| #define HAVE_NETINET_IN_H 1
| #define HAVE_SYS_UN_H 1
| #define HAVE_NETINET_TCP_H 1
| #define HAVE_NETINET_UDP_H 1
| #define HAVE_NETDB_H 1
| #define HAVE_SYS_SOCKIO_H 1
| #define HAVE_SYS_STAT_H 1
| #define HAVE_SYS_PARAM_H 1
| #define HAVE_TERMIOS_H 1
| #define HAVE_FCNTL_H 1
| #define HAVE_PWD_H 1
| #define HAVE_UTIME_H 1
| #define HAVE_SYS_POLL_H 1
| #define HAVE_POLL_H 1
| #define HAVE_SYS_RESOURCE_H 1
| #define HAVE_LIBGEN_H 1
| #define HAVE_LOCALE_H 1
| #define HAVE_ERRNO_H 1
| #define HAVE_STDBOOL_H 1
| #define HAVE_ARPA_TFTP_H 1
| #define HAVE_SYS_FILIO_H 1
| #define HAVE_SYS_WAIT_H 1
| #define HAVE_SETJMP_H 1
| #define HAVE_VARIADIC_MACROS_C99 1
| #define HAVE_VARIADIC_MACROS_GCC 1
| #define HAVE_SYS_TYPES_H 1
| #define HAVE_SYS_TIME_H 1
| #define HAVE_SYS_SOCKET_H 1
| #define HAVE_STRUCT_TIMEVAL 1
| #define SIZEOF_SIZE_T 4
| #define SIZEOF_LONG 4
| #define SIZEOF_INT 4
| #define SIZEOF_TIME_T 4
| #define SIZEOF_OFF_T 8
| #define SIZEOF_CURL_OFF_T 8
| #define HAVE_LONGLONG 1
| #define HAVE_BOOL_T 1
| #define CURL_SA_FAMILY_T sa_family_t
| #define HAVE_SUSECONDS_T 1
| #define HAVE_SYS_TYPES_H 1
| #define HAVE_POLL_H 1
| #define HAVE_SYS_POLL_H 1
| #define HAVE_STRUCT_SOCKADDR_STORAGE 1
| #define HAVE_SYS_SELECT_H 1
| #define HAVE_SYS_SOCKET_H 1
| #define SELECT_TYPE_ARG1 int
| #define SELECT_TYPE_ARG234 fd_set *
| #define SELECT_TYPE_RETV int
| #define SELECT_QUAL_ARG5 
| #define SELECT_TYPE_ARG5 struct timeval *
| #define HAVE_SELECT 1
| #define HAVE_SYS_TYPES_H 1
| #define HAVE_SYS_SOCKET_H 1
| #define RECV_TYPE_ARG1 int
| #define RECV_TYPE_ARG2 char *
| #define RECV_TYPE_ARG3 size_t
| #define RECV_TYPE_ARG4 int
| #define RECV_TYPE_RETV int
| #define HAVE_RECV 1
| #define HAVE_SYS_TYPES_H 1
| #define HAVE_SYS_SOCKET_H 1
| #define SEND_TYPE_ARG1 int
| #define SEND_TYPE_ARG3 size_t
| #define SEND_TYPE_ARG4 int
| #define SEND_TYPE_RETV int
| #define SEND_QUAL_ARG2 
| #define SEND_TYPE_ARG2 char *
| #define HAVE_SEND 1
| #define HAVE_SYS_TYPES_H 1
| #define HAVE_SYS_SOCKET_H 1
| #define HAVE_MSG_NOSIGNAL 1
| #define HAVE_SYS_TYPES_H 1
| #define HAVE_UNISTD_H 1
| #define HAVE_ALARM 1
| #define HAVE_SYS_TYPES_H 1
| #define HAVE_STRING_H 1
| #define HAVE_STRINGS_H 1
| #define HAVE_SYS_TYPES_H 1
| #define HAVE_LIBGEN_H 1
| #define HAVE_BASENAME 1
| #define HAVE_SYS_TYPES_H 1
| #define HAVE_SYS_TYPES_H 1
| #define HAVE_SYS_SOCKET_H 1
| #define HAVE_CLOSESOCKET_CAMEL 1
| #define HAVE_CONNECT 1
| #define HAVE_SYS_TYPES_H 1
| #define HAVE_UNISTD_H 1
| #define HAVE_FCNTL_H 1
| #define HAVE_FCNTL 1
| #define HAVE_FCNTL_O_NONBLOCK 1
| #define HAVE_SYS_TYPES_H 1
| #define HAVE_NETDB_H 1
| #define HAVE_FREEADDRINFO 1
| #define HAVE_SYS_TYPES_H 1
| #define HAVE_FTRUNCATE 1
| #define HAVE_SYS_TYPES_H 1
| #define HAVE_STDLIB_H 1
| #define HAVE_GETADDRINFO 1
| #define HAVE_GETADDRINFO_THREADSAFE 1
| #define HAVE_GETHOSTBYNAME 1
| /* end confdefs.h.  */
| 
| 
|               /* includes start */
| #ifdef HAVE_WINDOWS_H
| #  ifndef WIN32_LEAN_AND_MEAN
| #    define WIN32_LEAN_AND_MEAN
| #  endif
| #  include <windows.h>
| #  ifdef HAVE_WINSOCK2_H
| #    include <winsock2.h>
| #  endif
| #endif
| /* includes end */
|               /* includes start */
| #ifdef HAVE_SYS_TYPES_H
| #  include <sys/types.h>
| #endif
| #ifdef HAVE_UNISTD_H
| #  include <unistd.h>
| #endif
| /* includes end */
|               /* includes start */
| #if defined(HAVE_PROTO_BSDSOCKET_H)
| #  define __NO_NET_API
| #  define __USE_INLINE__
| #  include <proto/bsdsocket.h>
| #  ifdef HAVE_SYS_IOCTL_H
| #    include <sys/ioctl.h>
| #  endif
| #  ifdef __amigaos4__
| struct SocketIFace *ISocket = NULL;
| #  else
| struct Library *SocketBase = NULL;
| #  endif
| #  define select(a,b,c,d,e) WaitSelect(a,b,c,d,e,0)
| #endif
| /* includes end */
|               /* preprocess start */
| #ifdef HAVE_WINDOWS_H
| #  define FUNCALLCONV __stdcall
| #else
| #  define FUNCALLCONV
| #endif
| /* preprocess end */
|               extern int FUNCALLCONV gethostname(unsigned char *, unsigned int);
| 
| int main (void)
| {
| 
|               if(0 != gethostname(0, 0))
|                 return 1;
| 
|  ;
|  return 0;
| }
| 
configure:38251: ppc-amigaos-gcc -c -mcrt=clib4 -D__USE_INLINE__ -Werror-implicit-function-declaration -O2 -Wno-system-headers -mcrt=clib4 -D__USE_INLINE__      conftest.c >&5
conftest.c:192: warning: "__USE_INLINE__" redefined
  192 | #  define __USE_INLINE__
      | 
<command-line>: note: this is the location of the previous definition
In file included from /usr/ppc-amigaos/SDK/include/netinclude/proto/bsdsocket.h:62,
                 from conftest.c:193:
conftest.c:212:38: error: expected '=', ',', ';', 'asm' or '__attribute__' before '->' token
  212 |               extern int FUNCALLCONV gethostname(unsigned char *, size_t);
      |                                      ^~~~~~~~~~~
configure:38251: $? = 1
configure: failed program was:
| /* confdefs.h */
| #define PACKAGE_NAME "curl"
| #define PACKAGE_TARNAME "curl"
| #define PACKAGE_VERSION "-"
| #define PACKAGE_STRING "curl -"
| #define PACKAGE_BUGREPORT "a suitable curl mailing list: https://curl.se/mail/"
| #define PACKAGE_URL ""
| #define HAVE_STDIO_H 1
| #define HAVE_STDLIB_H 1
| #define HAVE_STRING_H 1
| #define HAVE_INTTYPES_H 1
| #define HAVE_STDINT_H 1
| #define HAVE_STRINGS_H 1
| #define HAVE_SYS_STAT_H 1
| #define HAVE_SYS_TYPES_H 1
| #define HAVE_UNISTD_H 1
| #define STDC_HEADERS 1
| #define HAVE_STDATOMIC_H 1
| #define HAVE_ATOMIC 1
| #define PACKAGE "curl"
| #define VERSION "-"
| #define OS "powerpc-unknown-amigaos"
| #define HAVE_DLFCN_H 1
| #define LT_OBJDIR ".libs/"
| #define HAVE_LDAP_SSL 1
| #define HAVE_PROTO_BSDSOCKET_H 1
| #define HAVE_SYS_TYPES_H 1
| #define HAVE_SYS_TIME_H 1
| #define HAVE_CLOCK_GETTIME_MONOTONIC 1
| #define HAVE_ZLIB_H 1
| #define HAVE_LIBZ 1
| #define HAVE_BROTLI_DECODE_H 1
| #define HAVE_BROTLI 1
| #define CURL_DISABLE_LDAP 1
| #define CURL_DISABLE_LDAPS 1
| #define HAVE_LIBSSL 1
| #define HAVE_OPENSSL_X509_H 1
| #define USE_OPENSSL 1
| #define HAVE_OPENSSL_RSA_H 1
| #define USE_OPENSSL 1
| #define HAVE_OPENSSL_CRYPTO_H 1
| #define USE_OPENSSL 1
| #define HAVE_OPENSSL_PEM_H 1
| #define USE_OPENSSL 1
| #define HAVE_OPENSSL_SSL_H 1
| #define USE_OPENSSL 1
| #define HAVE_OPENSSL_ERR_H 1
| #define USE_OPENSSL 1
| #define HAVE_OPENSSL_SRP 1
| #define CURL_CA_FALLBACK 1
| #define HAVE_LIBRTMP_RTMP_H 1
| #define USE_LIBRTMP 1
| #define HAVE_IDN2_H 1
| #define HAVE_NGHTTP2_NGHTTP2_H 1
| #define USE_NGHTTP2 1
| #define HAVE_SYS_TYPES_H 1
| #define HAVE_SYS_TIME_H 1
| #define HAVE_SYS_SELECT_H 1
| #define HAVE_SYS_SOCKET_H 1
| #define HAVE_SYS_IOCTL_H 1
| #define HAVE_SYS_UIO_H 1
| #define HAVE_ASSERT_H 1
| #define HAVE_UNISTD_H 1
| #define HAVE_STDLIB_H 1
| #define HAVE_ARPA_INET_H 1
| #define HAVE_NET_IF_H 1
| #define HAVE_NETINET_IN_H 1
| #define HAVE_SYS_UN_H 1
| #define HAVE_NETINET_TCP_H 1
| #define HAVE_NETINET_UDP_H 1
| #define HAVE_NETDB_H 1
| #define HAVE_SYS_SOCKIO_H 1
| #define HAVE_SYS_STAT_H 1
| #define HAVE_SYS_PARAM_H 1
| #define HAVE_TERMIOS_H 1
| #define HAVE_FCNTL_H 1
| #define HAVE_PWD_H 1
| #define HAVE_UTIME_H 1
| #define HAVE_SYS_POLL_H 1
| #define HAVE_POLL_H 1
| #define HAVE_SYS_RESOURCE_H 1
| #define HAVE_LIBGEN_H 1
| #define HAVE_LOCALE_H 1
| #define HAVE_ERRNO_H 1
| #define HAVE_STDBOOL_H 1
| #define HAVE_ARPA_TFTP_H 1
| #define HAVE_SYS_FILIO_H 1
| #define HAVE_SYS_WAIT_H 1
| #define HAVE_SETJMP_H 1
| #define HAVE_VARIADIC_MACROS_C99 1
| #define HAVE_VARIADIC_MACROS_GCC 1
| #define HAVE_SYS_TYPES_H 1
| #define HAVE_SYS_TIME_H 1
| #define HAVE_SYS_SOCKET_H 1
| #define HAVE_STRUCT_TIMEVAL 1
| #define SIZEOF_SIZE_T 4
| #define SIZEOF_LONG 4
| #define SIZEOF_INT 4
| #define SIZEOF_TIME_T 4
| #define SIZEOF_OFF_T 8
| #define SIZEOF_CURL_OFF_T 8
| #define HAVE_LONGLONG 1
| #define HAVE_BOOL_T 1
| #define CURL_SA_FAMILY_T sa_family_t
| #define HAVE_SUSECONDS_T 1
| #define HAVE_SYS_TYPES_H 1
| #define HAVE_POLL_H 1
| #define HAVE_SYS_POLL_H 1
| #define HAVE_STRUCT_SOCKADDR_STORAGE 1
| #define HAVE_SYS_SELECT_H 1
| #define HAVE_SYS_SOCKET_H 1
| #define SELECT_TYPE_ARG1 int
| #define SELECT_TYPE_ARG234 fd_set *
| #define SELECT_TYPE_RETV int
| #define SELECT_QUAL_ARG5 
| #define SELECT_TYPE_ARG5 struct timeval *
| #define HAVE_SELECT 1
| #define HAVE_SYS_TYPES_H 1
| #define HAVE_SYS_SOCKET_H 1
| #define RECV_TYPE_ARG1 int
| #define RECV_TYPE_ARG2 char *
| #define RECV_TYPE_ARG3 size_t
| #define RECV_TYPE_ARG4 int
| #define RECV_TYPE_RETV int
| #define HAVE_RECV 1
| #define HAVE_SYS_TYPES_H 1
| #define HAVE_SYS_SOCKET_H 1
| #define SEND_TYPE_ARG1 int
| #define SEND_TYPE_ARG3 size_t
| #define SEND_TYPE_ARG4 int
| #define SEND_TYPE_RETV int
| #define SEND_QUAL_ARG2 
| #define SEND_TYPE_ARG2 char *
| #define HAVE_SEND 1
| #define HAVE_SYS_TYPES_H 1
| #define HAVE_SYS_SOCKET_H 1
| #define HAVE_MSG_NOSIGNAL 1
| #define HAVE_SYS_TYPES_H 1
| #define HAVE_UNISTD_H 1
| #define HAVE_ALARM 1
| #define HAVE_SYS_TYPES_H 1
| #define HAVE_STRING_H 1
| #define HAVE_STRINGS_H 1
| #define HAVE_SYS_TYPES_H 1
| #define HAVE_LIBGEN_H 1
| #define HAVE_BASENAME 1
| #define HAVE_SYS_TYPES_H 1
| #define HAVE_SYS_TYPES_H 1
| #define HAVE_SYS_SOCKET_H 1
| #define HAVE_CLOSESOCKET_CAMEL 1
| #define HAVE_CONNECT 1
| #define HAVE_SYS_TYPES_H 1
| #define HAVE_UNISTD_H 1
| #define HAVE_FCNTL_H 1
| #define HAVE_FCNTL 1
| #define HAVE_FCNTL_O_NONBLOCK 1
| #define HAVE_SYS_TYPES_H 1
| #define HAVE_NETDB_H 1
| #define HAVE_FREEADDRINFO 1
| #define HAVE_SYS_TYPES_H 1
| #define HAVE_FTRUNCATE 1
| #define HAVE_SYS_TYPES_H 1
| #define HAVE_STDLIB_H 1
| #define HAVE_GETADDRINFO 1
| #define HAVE_GETADDRINFO_THREADSAFE 1
| #define HAVE_GETHOSTBYNAME 1
| /* end confdefs.h.  */
| 
| 
|               /* includes start */
| #ifdef HAVE_WINDOWS_H
| #  ifndef WIN32_LEAN_AND_MEAN
| #    define WIN32_LEAN_AND_MEAN
| #  endif
| #  include <windows.h>
| #  ifdef HAVE_WINSOCK2_H
| #    include <winsock2.h>
| #  endif
| #endif
| /* includes end */
|               /* includes start */
| #ifdef HAVE_SYS_TYPES_H
| #  include <sys/types.h>
| #endif
| #ifdef HAVE_UNISTD_H
| #  include <unistd.h>
| #endif
| /* includes end */
|               /* includes start */
| #if defined(HAVE_PROTO_BSDSOCKET_H)
| #  define __NO_NET_API
| #  define __USE_INLINE__
| #  include <proto/bsdsocket.h>
| #  ifdef HAVE_SYS_IOCTL_H
| #    include <sys/ioctl.h>
| #  endif
| #  ifdef __amigaos4__
| struct SocketIFace *ISocket = NULL;
| #  else
| struct Library *SocketBase = NULL;
| #  endif
| #  define select(a,b,c,d,e) WaitSelect(a,b,c,d,e,0)
| #endif
| /* includes end */
|               /* preprocess start */
| #ifdef HAVE_WINDOWS_H
| #  define FUNCALLCONV __stdcall
| #else
| #  define FUNCALLCONV
| #endif
| /* preprocess end */
|               extern int FUNCALLCONV gethostname(unsigned char *, size_t);
| 
| int main (void)
| {
| 
|               if(0 != gethostname(0, 0))
|                 return 1;
| 
|  ;
|  return 0;
| }
| 
configure:38251: ppc-amigaos-gcc -c -mcrt=clib4 -D__USE_INLINE__ -Werror-implicit-function-declaration -O2 -Wno-system-headers -mcrt=clib4 -D__USE_INLINE__      conftest.c >&5
conftest.c:192: warning: "__USE_INLINE__" redefined
  192 | #  define __USE_INLINE__
      | 
<command-line>: note: this is the location of the previous definition
In file included from /usr/ppc-amigaos/SDK/include/netinclude/proto/bsdsocket.h:62,
                 from conftest.c:193:
conftest.c:212:38: error: expected '=', ',', ';', 'asm' or '__attribute__' before '->' token
  212 |               extern int FUNCALLCONV gethostname(void *, int);
      |                                      ^~~~~~~~~~~
configure:38251: $? = 1
configure: failed program was:
| /* confdefs.h */
| #define PACKAGE_NAME "curl"
| #define PACKAGE_TARNAME "curl"
| #define PACKAGE_VERSION "-"
| #define PACKAGE_STRING "curl -"
| #define PACKAGE_BUGREPORT "a suitable curl mailing list: https://curl.se/mail/"
| #define PACKAGE_URL ""
| #define HAVE_STDIO_H 1
| #define HAVE_STDLIB_H 1
| #define HAVE_STRING_H 1
| #define HAVE_INTTYPES_H 1
| #define HAVE_STDINT_H 1
| #define HAVE_STRINGS_H 1
| #define HAVE_SYS_STAT_H 1
| #define HAVE_SYS_TYPES_H 1
| #define HAVE_UNISTD_H 1
| #define STDC_HEADERS 1
| #define HAVE_STDATOMIC_H 1
| #define HAVE_ATOMIC 1
| #define PACKAGE "curl"
| #define VERSION "-"
| #define OS "powerpc-unknown-amigaos"
| #define HAVE_DLFCN_H 1
| #define LT_OBJDIR ".libs/"
| #define HAVE_LDAP_SSL 1
| #define HAVE_PROTO_BSDSOCKET_H 1
| #define HAVE_SYS_TYPES_H 1
| #define HAVE_SYS_TIME_H 1
| #define HAVE_CLOCK_GETTIME_MONOTONIC 1
| #define HAVE_ZLIB_H 1
| #define HAVE_LIBZ 1
| #define HAVE_BROTLI_DECODE_H 1
| #define HAVE_BROTLI 1
| #define CURL_DISABLE_LDAP 1
| #define CURL_DISABLE_LDAPS 1
| #define HAVE_LIBSSL 1
| #define HAVE_OPENSSL_X509_H 1
| #define USE_OPENSSL 1
| #define HAVE_OPENSSL_RSA_H 1
| #define USE_OPENSSL 1
| #define HAVE_OPENSSL_CRYPTO_H 1
| #define USE_OPENSSL 1
| #define HAVE_OPENSSL_PEM_H 1
| #define USE_OPENSSL 1
| #define HAVE_OPENSSL_SSL_H 1
| #define USE_OPENSSL 1
| #define HAVE_OPENSSL_ERR_H 1
| #define USE_OPENSSL 1
| #define HAVE_OPENSSL_SRP 1
| #define CURL_CA_FALLBACK 1
| #define HAVE_LIBRTMP_RTMP_H 1
| #define USE_LIBRTMP 1
| #define HAVE_IDN2_H 1
| #define HAVE_NGHTTP2_NGHTTP2_H 1
| #define USE_NGHTTP2 1
| #define HAVE_SYS_TYPES_H 1
| #define HAVE_SYS_TIME_H 1
| #define HAVE_SYS_SELECT_H 1
| #define HAVE_SYS_SOCKET_H 1
| #define HAVE_SYS_IOCTL_H 1
| #define HAVE_SYS_UIO_H 1
| #define HAVE_ASSERT_H 1
| #define HAVE_UNISTD_H 1
| #define HAVE_STDLIB_H 1
| #define HAVE_ARPA_INET_H 1
| #define HAVE_NET_IF_H 1
| #define HAVE_NETINET_IN_H 1
| #define HAVE_SYS_UN_H 1
| #define HAVE_NETINET_TCP_H 1
| #define HAVE_NETINET_UDP_H 1
| #define HAVE_NETDB_H 1
| #define HAVE_SYS_SOCKIO_H 1
| #define HAVE_SYS_STAT_H 1
| #define HAVE_SYS_PARAM_H 1
| #define HAVE_TERMIOS_H 1
| #define HAVE_FCNTL_H 1
| #define HAVE_PWD_H 1
| #define HAVE_UTIME_H 1
| #define HAVE_SYS_POLL_H 1
| #define HAVE_POLL_H 1
| #define HAVE_SYS_RESOURCE_H 1
| #define HAVE_LIBGEN_H 1
| #define HAVE_LOCALE_H 1
| #define HAVE_ERRNO_H 1
| #define HAVE_STDBOOL_H 1
| #define HAVE_ARPA_TFTP_H 1
| #define HAVE_SYS_FILIO_H 1
| #define HAVE_SYS_WAIT_H 1
| #define HAVE_SETJMP_H 1
| #define HAVE_VARIADIC_MACROS_C99 1
| #define HAVE_VARIADIC_MACROS_GCC 1
| #define HAVE_SYS_TYPES_H 1
| #define HAVE_SYS_TIME_H 1
| #define HAVE_SYS_SOCKET_H 1
| #define HAVE_STRUCT_TIMEVAL 1
| #define SIZEOF_SIZE_T 4
| #define SIZEOF_LONG 4
| #define SIZEOF_INT 4
| #define SIZEOF_TIME_T 4
| #define SIZEOF_OFF_T 8
| #define SIZEOF_CURL_OFF_T 8
| #define HAVE_LONGLONG 1
| #define HAVE_BOOL_T 1
| #define CURL_SA_FAMILY_T sa_family_t
| #define HAVE_SUSECONDS_T 1
| #define HAVE_SYS_TYPES_H 1
| #define HAVE_POLL_H 1
| #define HAVE_SYS_POLL_H 1
| #define HAVE_STRUCT_SOCKADDR_STORAGE 1
| #define HAVE_SYS_SELECT_H 1
| #define HAVE_SYS_SOCKET_H 1
| #define SELECT_TYPE_ARG1 int
| #define SELECT_TYPE_ARG234 fd_set *
| #define SELECT_TYPE_RETV int
| #define SELECT_QUAL_ARG5 
| #define SELECT_TYPE_ARG5 struct timeval *
| #define HAVE_SELECT 1
| #define HAVE_SYS_TYPES_H 1
| #define HAVE_SYS_SOCKET_H 1
| #define RECV_TYPE_ARG1 int
| #define RECV_TYPE_ARG2 char *
| #define RECV_TYPE_ARG3 size_t
| #define RECV_TYPE_ARG4 int
| #define RECV_TYPE_RETV int
| #define HAVE_RECV 1
| #define HAVE_SYS_TYPES_H 1
| #define HAVE_SYS_SOCKET_H 1
| #define SEND_TYPE_ARG1 int
| #define SEND_TYPE_ARG3 size_t
| #define SEND_TYPE_ARG4 int
| #define SEND_TYPE_RETV int
| #define SEND_QUAL_ARG2 
| #define SEND_TYPE_ARG2 char *
| #define HAVE_SEND 1
| #define HAVE_SYS_TYPES_H 1
| #define HAVE_SYS_SOCKET_H 1
| #define HAVE_MSG_NOSIGNAL 1
| #define HAVE_SYS_TYPES_H 1
| #define HAVE_UNISTD_H 1
| #define HAVE_ALARM 1
| #define HAVE_SYS_TYPES_H 1
| #define HAVE_STRING_H 1
| #define HAVE_STRINGS_H 1
| #define HAVE_SYS_TYPES_H 1
| #define HAVE_LIBGEN_H 1
| #define HAVE_BASENAME 1
| #define HAVE_SYS_TYPES_H 1
| #define HAVE_SYS_TYPES_H 1
| #define HAVE_SYS_SOCKET_H 1
| #define HAVE_CLOSESOCKET_CAMEL 1
| #define HAVE_CONNECT 1
| #define HAVE_SYS_TYPES_H 1
| #define HAVE_UNISTD_H 1
| #define HAVE_FCNTL_H 1
| #define HAVE_FCNTL 1
| #define HAVE_FCNTL_O_NONBLOCK 1
| #define HAVE_SYS_TYPES_H 1
| #define HAVE_NETDB_H 1
| #define HAVE_FREEADDRINFO 1
| #define HAVE_SYS_TYPES_H 1
| #define HAVE_FTRUNCATE 1
| #define HAVE_SYS_TYPES_H 1
| #define HAVE_STDLIB_H 1
| #define HAVE_GETADDRINFO 1
| #define HAVE_GETADDRINFO_THREADSAFE 1
| #define HAVE_GETHOSTBYNAME 1
| /* end confdefs.h.  */
| 
| 
|               /* includes start */
| #ifdef HAVE_WINDOWS_H
| #  ifndef WIN32_LEAN_AND_MEAN
| #    define WIN32_LEAN_AND_MEAN
| #  endif
| #  include <windows.h>
| #  ifdef HAVE_WINSOCK2_H
| #    include <winsock2.h>
| #  endif
| #endif
| /* includes end */
|               /* includes start */
| #ifdef HAVE_SYS_TYPES_H
| #  include <sys/types.h>
| #endif
| #ifdef HAVE_UNISTD_H
| #  include <unistd.h>
| #endif
| /* includes end */
|               /* includes start */
| #if defined(HAVE_PROTO_BSDSOCKET_H)
| #  define __NO_NET_API
| #  define __USE_INLINE__
| #  include <proto/bsdsocket.h>
| #  ifdef HAVE_SYS_IOCTL_H
| #    include <sys/ioctl.h>
| #  endif
| #  ifdef __amigaos4__
| struct SocketIFace *ISocket = NULL;
| #  else
| struct Library *SocketBase = NULL;
| #  endif
| #  define select(a,b,c,d,e) WaitSelect(a,b,c,d,e,0)
| #endif
| /* includes end */
|               /* preprocess start */
| #ifdef HAVE_WINDOWS_H
| #  define FUNCALLCONV __stdcall
| #else
| #  define FUNCALLCONV
| #endif
| /* preprocess end */
|               extern int FUNCALLCONV gethostname(void *, int);
| 
| int main (void)
| {
| 
|               if(0 != gethostname(0, 0))
|                 return 1;
| 
|  ;
|  return 0;
| }
| 
configure:38251: ppc-amigaos-gcc -c -mcrt=clib4 -D__USE_INLINE__ -Werror-implicit-function-declaration -O2 -Wno-system-headers -mcrt=clib4 -D__USE_INLINE__      conftest.c >&5
conftest.c:192: warning: "__USE_INLINE__" redefined
  192 | #  define __USE_INLINE__
      | 
<command-line>: note: this is the location of the previous definition
In file included from /usr/ppc-amigaos/SDK/include/netinclude/proto/bsdsocket.h:62,
                 from conftest.c:193:
conftest.c:212:38: error: expected '=', ',', ';', 'asm' or '__attribute__' before '->' token
  212 |               extern int FUNCALLCONV gethostname(void *, unsigned int);
      |                                      ^~~~~~~~~~~
configure:38251: $? = 1
configure: failed program was:
| /* confdefs.h */
| #define PACKAGE_NAME "curl"
| #define PACKAGE_TARNAME "curl"
| #define PACKAGE_VERSION "-"
| #define PACKAGE_STRING "curl -"
| #define PACKAGE_BUGREPORT "a suitable curl mailing list: https://curl.se/mail/"
| #define PACKAGE_URL ""
| #define HAVE_STDIO_H 1
| #define HAVE_STDLIB_H 1
| #define HAVE_STRING_H 1
| #define HAVE_INTTYPES_H 1
| #define HAVE_STDINT_H 1
| #define HAVE_STRINGS_H 1
| #define HAVE_SYS_STAT_H 1
| #define HAVE_SYS_TYPES_H 1
| #define HAVE_UNISTD_H 1
| #define STDC_HEADERS 1
| #define HAVE_STDATOMIC_H 1
| #define HAVE_ATOMIC 1
| #define PACKAGE "curl"
| #define VERSION "-"
| #define OS "powerpc-unknown-amigaos"
| #define HAVE_DLFCN_H 1
| #define LT_OBJDIR ".libs/"
| #define HAVE_LDAP_SSL 1
| #define HAVE_PROTO_BSDSOCKET_H 1
| #define HAVE_SYS_TYPES_H 1
| #define HAVE_SYS_TIME_H 1
| #define HAVE_CLOCK_GETTIME_MONOTONIC 1
| #define HAVE_ZLIB_H 1
| #define HAVE_LIBZ 1
| #define HAVE_BROTLI_DECODE_H 1
| #define HAVE_BROTLI 1
| #define CURL_DISABLE_LDAP 1
| #define CURL_DISABLE_LDAPS 1
| #define HAVE_LIBSSL 1
| #define HAVE_OPENSSL_X509_H 1
| #define USE_OPENSSL 1
| #define HAVE_OPENSSL_RSA_H 1
| #define USE_OPENSSL 1
| #define HAVE_OPENSSL_CRYPTO_H 1
| #define USE_OPENSSL 1
| #define HAVE_OPENSSL_PEM_H 1
| #define USE_OPENSSL 1
| #define HAVE_OPENSSL_SSL_H 1
| #define USE_OPENSSL 1
| #define HAVE_OPENSSL_ERR_H 1
| #define USE_OPENSSL 1
| #define HAVE_OPENSSL_SRP 1
| #define CURL_CA_FALLBACK 1
| #define HAVE_LIBRTMP_RTMP_H 1
| #define USE_LIBRTMP 1
| #define HAVE_IDN2_H 1
| #define HAVE_NGHTTP2_NGHTTP2_H 1
| #define USE_NGHTTP2 1
| #define HAVE_SYS_TYPES_H 1
| #define HAVE_SYS_TIME_H 1
| #define HAVE_SYS_SELECT_H 1
| #define HAVE_SYS_SOCKET_H 1
| #define HAVE_SYS_IOCTL_H 1
| #define HAVE_SYS_UIO_H 1
| #define HAVE_ASSERT_H 1
| #define HAVE_UNISTD_H 1
| #define HAVE_STDLIB_H 1
| #define HAVE_ARPA_INET_H 1
| #define HAVE_NET_IF_H 1
| #define HAVE_NETINET_IN_H 1
| #define HAVE_SYS_UN_H 1
| #define HAVE_NETINET_TCP_H 1
| #define HAVE_NETINET_UDP_H 1
| #define HAVE_NETDB_H 1
| #define HAVE_SYS_SOCKIO_H 1
| #define HAVE_SYS_STAT_H 1
| #define HAVE_SYS_PARAM_H 1
| #define HAVE_TERMIOS_H 1
| #define HAVE_FCNTL_H 1
| #define HAVE_PWD_H 1
| #define HAVE_UTIME_H 1
| #define HAVE_SYS_POLL_H 1
| #define HAVE_POLL_H 1
| #define HAVE_SYS_RESOURCE_H 1
| #define HAVE_LIBGEN_H 1
| #define HAVE_LOCALE_H 1
| #define HAVE_ERRNO_H 1
| #define HAVE_STDBOOL_H 1
| #define HAVE_ARPA_TFTP_H 1
| #define HAVE_SYS_FILIO_H 1
| #define HAVE_SYS_WAIT_H 1
| #define HAVE_SETJMP_H 1
| #define HAVE_VARIADIC_MACROS_C99 1
| #define HAVE_VARIADIC_MACROS_GCC 1
| #define HAVE_SYS_TYPES_H 1
| #define HAVE_SYS_TIME_H 1
| #define HAVE_SYS_SOCKET_H 1
| #define HAVE_STRUCT_TIMEVAL 1
| #define SIZEOF_SIZE_T 4
| #define SIZEOF_LONG 4
| #define SIZEOF_INT 4
| #define SIZEOF_TIME_T 4
| #define SIZEOF_OFF_T 8
| #define SIZEOF_CURL_OFF_T 8
| #define HAVE_LONGLONG 1
| #define HAVE_BOOL_T 1
| #define CURL_SA_FAMILY_T sa_family_t
| #define HAVE_SUSECONDS_T 1
| #define HAVE_SYS_TYPES_H 1
| #define HAVE_POLL_H 1
| #define HAVE_SYS_POLL_H 1
| #define HAVE_STRUCT_SOCKADDR_STORAGE 1
| #define HAVE_SYS_SELECT_H 1
| #define HAVE_SYS_SOCKET_H 1
| #define SELECT_TYPE_ARG1 int
| #define SELECT_TYPE_ARG234 fd_set *
| #define SELECT_TYPE_RETV int
| #define SELECT_QUAL_ARG5 
| #define SELECT_TYPE_ARG5 struct timeval *
| #define HAVE_SELECT 1
| #define HAVE_SYS_TYPES_H 1
| #define HAVE_SYS_SOCKET_H 1
| #define RECV_TYPE_ARG1 int
| #define RECV_TYPE_ARG2 char *
| #define RECV_TYPE_ARG3 size_t
| #define RECV_TYPE_ARG4 int
| #define RECV_TYPE_RETV int
| #define HAVE_RECV 1
| #define HAVE_SYS_TYPES_H 1
| #define HAVE_SYS_SOCKET_H 1
| #define SEND_TYPE_ARG1 int
| #define SEND_TYPE_ARG3 size_t
| #define SEND_TYPE_ARG4 int
| #define SEND_TYPE_RETV int
| #define SEND_QUAL_ARG2 
| #define SEND_TYPE_ARG2 char *
| #define HAVE_SEND 1
| #define HAVE_SYS_TYPES_H 1
| #define HAVE_SYS_SOCKET_H 1
| #define HAVE_MSG_NOSIGNAL 1
| #define HAVE_SYS_TYPES_H 1
| #define HAVE_UNISTD_H 1
| #define HAVE_ALARM 1
| #define HAVE_SYS_TYPES_H 1
| #define HAVE_STRING_H 1
| #define HAVE_STRINGS_H 1
| #define HAVE_SYS_TYPES_H 1
| #define HAVE_LIBGEN_H 1
| #define HAVE_BASENAME 1
| #define HAVE_SYS_TYPES_H 1
| #define HAVE_SYS_TYPES_H 1
| #define HAVE_SYS_SOCKET_H 1
| #define HAVE_CLOSESOCKET_CAMEL 1
| #define HAVE_CONNECT 1
| #define HAVE_SYS_TYPES_H 1
| #define HAVE_UNISTD_H 1
| #define HAVE_FCNTL_H 1
| #define HAVE_FCNTL 1
| #define HAVE_FCNTL_O_NONBLOCK 1
| #define HAVE_SYS_TYPES_H 1
| #define HAVE_NETDB_H 1
| #define HAVE_FREEADDRINFO 1
| #define HAVE_SYS_TYPES_H 1
| #define HAVE_FTRUNCATE 1
| #define HAVE_SYS_TYPES_H 1
| #define HAVE_STDLIB_H 1
| #define HAVE_GETADDRINFO 1
| #define HAVE_GETADDRINFO_THREADSAFE 1
| #define HAVE_GETHOSTBYNAME 1
| /* end confdefs.h.  */
| 
| 
|               /* includes start */
| #ifdef HAVE_WINDOWS_H
| #  ifndef WIN32_LEAN_AND_MEAN
| #    define WIN32_LEAN_AND_MEAN
| #  endif
| #  include <windows.h>
| #  ifdef HAVE_WINSOCK2_H
| #    include <winsock2.h>
| #  endif
| #endif
| /* includes end */
|               /* includes start */
| #ifdef HAVE_SYS_TYPES_H
| #  include <sys/types.h>
| #endif
| #ifdef HAVE_UNISTD_H
| #  include <unistd.h>
| #endif
| /* includes end */
|               /* includes start */
| #if defined(HAVE_PROTO_BSDSOCKET_H)
| #  define __NO_NET_API
| #  define __USE_INLINE__
| #  include <proto/bsdsocket.h>
| #  ifdef HAVE_SYS_IOCTL_H
| #    include <sys/ioctl.h>
| #  endif
| #  ifdef __amigaos4__
| struct SocketIFace *ISocket = NULL;
| #  else
| struct Library *SocketBase = NULL;
| #  endif
| #  define select(a,b,c,d,e) WaitSelect(a,b,c,d,e,0)
| #endif
| /* includes end */
|               /* preprocess start */
| #ifdef HAVE_WINDOWS_H
| #  define FUNCALLCONV __stdcall
| #else
| #  define FUNCALLCONV
| #endif
| /* preprocess end */
|               extern int FUNCALLCONV gethostname(void *, unsigned int);
| 
| int main (void)
| {
| 
|               if(0 != gethostname(0, 0))
|                 return 1;
| 
|  ;
|  return 0;
| }
| 
configure:38251: ppc-amigaos-gcc -c -mcrt=clib4 -D__USE_INLINE__ -Werror-implicit-function-declaration -O2 -Wno-system-headers -mcrt=clib4 -D__USE_INLINE__      conftest.c >&5
conftest.c:192: warning: "__USE_INLINE__" redefined
  192 | #  define __USE_INLINE__
      | 
<command-line>: note: this is the location of the previous definition
In file included from /usr/ppc-amigaos/SDK/include/netinclude/proto/bsdsocket.h:62,
                 from conftest.c:193:
conftest.c:212:38: error: expected '=', ',', ';', 'asm' or '__attribute__' before '->' token
  212 |               extern int FUNCALLCONV gethostname(void *, size_t);
      |                                      ^~~~~~~~~~~
configure:38251: $? = 1
configure: failed program was:
| /* confdefs.h */
| #define PACKAGE_NAME "curl"
| #define PACKAGE_TARNAME "curl"
| #define PACKAGE_VERSION "-"
| #define PACKAGE_STRING "curl -"
| #define PACKAGE_BUGREPORT "a suitable curl mailing list: https://curl.se/mail/"
| #define PACKAGE_URL ""
| #define HAVE_STDIO_H 1
| #define HAVE_STDLIB_H 1
| #define HAVE_STRING_H 1
| #define HAVE_INTTYPES_H 1
| #define HAVE_STDINT_H 1
| #define HAVE_STRINGS_H 1
| #define HAVE_SYS_STAT_H 1
| #define HAVE_SYS_TYPES_H 1
| #define HAVE_UNISTD_H 1
| #define STDC_HEADERS 1
| #define HAVE_STDATOMIC_H 1
| #define HAVE_ATOMIC 1
| #define PACKAGE "curl"
| #define VERSION "-"
| #define OS "powerpc-unknown-amigaos"
| #define HAVE_DLFCN_H 1
| #define LT_OBJDIR ".libs/"
| #define HAVE_LDAP_SSL 1
| #define HAVE_PROTO_BSDSOCKET_H 1
| #define HAVE_SYS_TYPES_H 1
| #define HAVE_SYS_TIME_H 1
| #define HAVE_CLOCK_GETTIME_MONOTONIC 1
| #define HAVE_ZLIB_H 1
| #define HAVE_LIBZ 1
| #define HAVE_BROTLI_DECODE_H 1
| #define HAVE_BROTLI 1
| #define CURL_DISABLE_LDAP 1
| #define CURL_DISABLE_LDAPS 1
| #define HAVE_LIBSSL 1
| #define HAVE_OPENSSL_X509_H 1
| #define USE_OPENSSL 1
| #define HAVE_OPENSSL_RSA_H 1
| #define USE_OPENSSL 1
| #define HAVE_OPENSSL_CRYPTO_H 1
| #define USE_OPENSSL 1
| #define HAVE_OPENSSL_PEM_H 1
| #define USE_OPENSSL 1
| #define HAVE_OPENSSL_SSL_H 1
| #define USE_OPENSSL 1
| #define HAVE_OPENSSL_ERR_H 1
| #define USE_OPENSSL 1
| #define HAVE_OPENSSL_SRP 1
| #define CURL_CA_FALLBACK 1
| #define HAVE_LIBRTMP_RTMP_H 1
| #define USE_LIBRTMP 1
| #define HAVE_IDN2_H 1
| #define HAVE_NGHTTP2_NGHTTP2_H 1
| #define USE_NGHTTP2 1
| #define HAVE_SYS_TYPES_H 1
| #define HAVE_SYS_TIME_H 1
| #define HAVE_SYS_SELECT_H 1
| #define HAVE_SYS_SOCKET_H 1
| #define HAVE_SYS_IOCTL_H 1
| #define HAVE_SYS_UIO_H 1
| #define HAVE_ASSERT_H 1
| #define HAVE_UNISTD_H 1
| #define HAVE_STDLIB_H 1
| #define HAVE_ARPA_INET_H 1
| #define HAVE_NET_IF_H 1
| #define HAVE_NETINET_IN_H 1
| #define HAVE_SYS_UN_H 1
| #define HAVE_NETINET_TCP_H 1
| #define HAVE_NETINET_UDP_H 1
| #define HAVE_NETDB_H 1
| #define HAVE_SYS_SOCKIO_H 1
| #define HAVE_SYS_STAT_H 1
| #define HAVE_SYS_PARAM_H 1
| #define HAVE_TERMIOS_H 1
| #define HAVE_FCNTL_H 1
| #define HAVE_PWD_H 1
| #define HAVE_UTIME_H 1
| #define HAVE_SYS_POLL_H 1
| #define HAVE_POLL_H 1
| #define HAVE_SYS_RESOURCE_H 1
| #define HAVE_LIBGEN_H 1
| #define HAVE_LOCALE_H 1
| #define HAVE_ERRNO_H 1
| #define HAVE_STDBOOL_H 1
| #define HAVE_ARPA_TFTP_H 1
| #define HAVE_SYS_FILIO_H 1
| #define HAVE_SYS_WAIT_H 1
| #define HAVE_SETJMP_H 1
| #define HAVE_VARIADIC_MACROS_C99 1
| #define HAVE_VARIADIC_MACROS_GCC 1
| #define HAVE_SYS_TYPES_H 1
| #define HAVE_SYS_TIME_H 1
| #define HAVE_SYS_SOCKET_H 1
| #define HAVE_STRUCT_TIMEVAL 1
| #define SIZEOF_SIZE_T 4
| #define SIZEOF_LONG 4
| #define SIZEOF_INT 4
| #define SIZEOF_TIME_T 4
| #define SIZEOF_OFF_T 8
| #define SIZEOF_CURL_OFF_T 8
| #define HAVE_LONGLONG 1
| #define HAVE_BOOL_T 1
| #define CURL_SA_FAMILY_T sa_family_t
| #define HAVE_SUSECONDS_T 1
| #define HAVE_SYS_TYPES_H 1
| #define HAVE_POLL_H 1
| #define HAVE_SYS_POLL_H 1
| #define HAVE_STRUCT_SOCKADDR_STORAGE 1
| #define HAVE_SYS_SELECT_H 1
| #define HAVE_SYS_SOCKET_H 1
| #define SELECT_TYPE_ARG1 int
| #define SELECT_TYPE_ARG234 fd_set *
| #define SELECT_TYPE_RETV int
| #define SELECT_QUAL_ARG5 
| #define SELECT_TYPE_ARG5 struct timeval *
| #define HAVE_SELECT 1
| #define HAVE_SYS_TYPES_H 1
| #define HAVE_SYS_SOCKET_H 1
| #define RECV_TYPE_ARG1 int
| #define RECV_TYPE_ARG2 char *
| #define RECV_TYPE_ARG3 size_t
| #define RECV_TYPE_ARG4 int
| #define RECV_TYPE_RETV int
| #define HAVE_RECV 1
| #define HAVE_SYS_TYPES_H 1
| #define HAVE_SYS_SOCKET_H 1
| #define SEND_TYPE_ARG1 int
| #define SEND_TYPE_ARG3 size_t
| #define SEND_TYPE_ARG4 int
| #define SEND_TYPE_RETV int
| #define SEND_QUAL_ARG2 
| #define SEND_TYPE_ARG2 char *
| #define HAVE_SEND 1
| #define HAVE_SYS_TYPES_H 1
| #define HAVE_SYS_SOCKET_H 1
| #define HAVE_MSG_NOSIGNAL 1
| #define HAVE_SYS_TYPES_H 1
| #define HAVE_UNISTD_H 1
| #define HAVE_ALARM 1
| #define HAVE_SYS_TYPES_H 1
| #define HAVE_STRING_H 1
| #define HAVE_STRINGS_H 1
| #define HAVE_SYS_TYPES_H 1
| #define HAVE_LIBGEN_H 1
| #define HAVE_BASENAME 1
| #define HAVE_SYS_TYPES_H 1
| #define HAVE_SYS_TYPES_H 1
| #define HAVE_SYS_SOCKET_H 1
| #define HAVE_CLOSESOCKET_CAMEL 1
| #define HAVE_CONNECT 1
| #define HAVE_SYS_TYPES_H 1
| #define HAVE_UNISTD_H 1
| #define HAVE_FCNTL_H 1
| #define HAVE_FCNTL 1
| #define HAVE_FCNTL_O_NONBLOCK 1
| #define HAVE_SYS_TYPES_H 1
| #define HAVE_NETDB_H 1
| #define HAVE_FREEADDRINFO 1
| #define HAVE_SYS_TYPES_H 1
| #define HAVE_FTRUNCATE 1
| #define HAVE_SYS_TYPES_H 1
| #define HAVE_STDLIB_H 1
| #define HAVE_GETADDRINFO 1
| #define HAVE_GETADDRINFO_THREADSAFE 1
| #define HAVE_GETHOSTBYNAME 1
| /* end confdefs.h.  */
| 
| 
|               /* includes start */
| #ifdef HAVE_WINDOWS_H
| #  ifndef WIN32_LEAN_AND_MEAN
| #    define WIN32_LEAN_AND_MEAN
| #  endif
| #  include <windows.h>
| #  ifdef HAVE_WINSOCK2_H
| #    include <winsock2.h>
| #  endif
| #endif
| /* includes end */
|               /* includes start */
| #ifdef HAVE_SYS_TYPES_H
| #  include <sys/types.h>
| #endif
| #ifdef HAVE_UNISTD_H
| #  include <unistd.h>
| #endif
| /* includes end */
|               /* includes start */
| #if defined(HAVE_PROTO_BSDSOCKET_H)
| #  define __NO_NET_API
| #  define __USE_INLINE__
| #  include <proto/bsdsocket.h>
| #  ifdef HAVE_SYS_IOCTL_H
| #    include <sys/ioctl.h>
| #  endif
| #  ifdef __amigaos4__
| struct SocketIFace *ISocket = NULL;
| #  else
| struct Library *SocketBase = NULL;
| #  endif
| #  define select(a,b,c,d,e) WaitSelect(a,b,c,d,e,0)
| #endif
| /* includes end */
|               /* preprocess start */
| #ifdef HAVE_WINDOWS_H
| #  define FUNCALLCONV __stdcall
| #else
| #  define FUNCALLCONV
| #endif
| /* preprocess end */
|               extern int FUNCALLCONV gethostname(void *, size_t);
| 
| int main (void)
| {
| 
|               if(0 != gethostname(0, 0))
|                 return 1;
| 
|  ;
|  return 0;
| }
| 
configure:38261: result: unknown
configure:38271: checking if gethostname usage allowed
configure:38274: result: yes
configure:38284: checking if gethostname might be used
configure:38290: result: yes
configure:38309: checking if getpeername can be linked
configure:38330: ppc-amigaos-gcc -o conftest -mcrt=clib4 -D__USE_INLINE__ -Werror-implicit-function-declaration -O2 -Wno-system-headers -mcrt=clib4 -D__USE_INLINE__      -mcrt=clib4      conftest.c  -lrtmp -lssl -lcrypto -lssl -lcrypto   -lz -lpthread -latomic -lauto >&5
conftest.c:185: warning: "__USE_INLINE__" redefined
  185 | #  define __USE_INLINE__
      | 
<command-line>: note: this is the location of the previous definition
configure:38330: $? = 0
configure:38333: result: yes
configure:38348: checking if getpeername is prototyped
conftest.c:184: warning: "__USE_INLINE__" redefined
  184 | #  define __USE_INLINE__
      | 
<command-line>: note: this is the location of the previous definition
configure:38362: result: yes
configure:38378: checking if getpeername is compilable
configure:38399: ppc-amigaos-gcc -c -mcrt=clib4 -D__USE_INLINE__ -Werror-implicit-function-declaration -O2 -Wno-system-headers -mcrt=clib4 -D__USE_INLINE__      conftest.c >&5
conftest.c:185: warning: "__USE_INLINE__" redefined
  185 | #  define __USE_INLINE__
      | 
<command-line>: note: this is the location of the previous definition
configure:38399: $? = 0
configure:38402: result: yes
configure:38417: checking if getpeername usage allowed
configure:38420: result: yes
configure:38430: checking if getpeername might be used
configure:38436: result: yes
configure:38455: checking if getsockname can be linked
configure:38476: ppc-amigaos-gcc -o conftest -mcrt=clib4 -D__USE_INLINE__ -Werror-implicit-function-declaration -O2 -Wno-system-headers -mcrt=clib4 -D__USE_INLINE__      -mcrt=clib4      conftest.c  -lrtmp -lssl -lcrypto -lssl -lcrypto   -lz -lpthread -latomic -lauto >&5
conftest.c:186: warning: "__USE_INLINE__" redefined
  186 | #  define __USE_INLINE__
      | 
<command-line>: note: this is the location of the previous definition
configure:38476: $? = 0
configure:38479: result: yes
configure:38494: checking if getsockname is prototyped
conftest.c:185: warning: "__USE_INLINE__" redefined
  185 | #  define __USE_INLINE__
      | 
<command-line>: note: this is the location of the previous definition
configure:38508: result: yes
configure:38524: checking if getsockname is compilable
configure:38545: ppc-amigaos-gcc -c -mcrt=clib4 -D__USE_INLINE__ -Werror-implicit-function-declaration -O2 -Wno-system-headers -mcrt=clib4 -D__USE_INLINE__      conftest.c >&5
conftest.c:186: warning: "__USE_INLINE__" redefined
  186 | #  define __USE_INLINE__
      | 
<command-line>: note: this is the location of the previous definition
configure:38545: $? = 0
configure:38548: result: yes
configure:38563: checking if getsockname usage allowed
configure:38566: result: yes
configure:38576: checking if getsockname might be used
configure:38582: result: yes
configure:38601: checking for net/if.h
configure:38601: result: yes
configure:38617: checking if if_nametoindex can be linked
configure:38638: ppc-amigaos-gcc -o conftest -mcrt=clib4 -D__USE_INLINE__ -Werror-implicit-function-declaration -O2 -Wno-system-headers -mcrt=clib4 -D__USE_INLINE__      -mcrt=clib4      conftest.c  -lrtmp -lssl -lcrypto -lssl -lcrypto   -lz -lpthread -latomic -lauto >&5
conftest.c:188: warning: "__USE_INLINE__" redefined
  188 | #  define __USE_INLINE__
      | 
<command-line>: note: this is the location of the previous definition
configure:38638: $? = 0
configure:38641: result: yes
configure:38656: checking if if_nametoindex is prototyped
configure:38669: result: yes
configure:38685: checking if if_nametoindex is compilable
configure:38705: ppc-amigaos-gcc -c -mcrt=clib4 -D__USE_INLINE__ -Werror-implicit-function-declaration -O2 -Wno-system-headers -mcrt=clib4 -D__USE_INLINE__      conftest.c >&5
configure:38705: $? = 0
configure:38708: result: yes
configure:38723: checking if if_nametoindex usage allowed
configure:38726: result: yes
configure:38736: checking if if_nametoindex might be used
configure:38742: result: yes
configure:38770: checking for sys/types.h
configure:38770: result: yes
configure:38777: checking for sys/socket.h
configure:38777: result: yes
configure:38784: checking for netinet/in.h
configure:38784: result: yes
configure:38791: checking for ifaddrs.h
configure:38791: ppc-amigaos-gcc -c -mcrt=clib4 -D__USE_INLINE__ -Werror-implicit-function-declaration -O2 -Wno-system-headers -mcrt=clib4 -D__USE_INLINE__      conftest.c >&5
configure:38791: $? = 0
configure:38791: result: yes
configure:38808: checking if getifaddrs can be linked
configure:38837: ppc-amigaos-gcc -o conftest -mcrt=clib4 -D__USE_INLINE__ -Werror-implicit-function-declaration -O2 -Wno-system-headers -mcrt=clib4 -D__USE_INLINE__      -mcrt=clib4      conftest.c  -lrtmp -lssl -lcrypto -lssl -lcrypto   -lz -lpthread -latomic -lauto >&5
configure:38837: $? = 0
configure:38840: result: yes
configure:38855: checking if getifaddrs is prototyped
configure:38867: result: yes
configure:38883: checking if getifaddrs is compilable
configure:38902: ppc-amigaos-gcc -c -mcrt=clib4 -D__USE_INLINE__ -Werror-implicit-function-declaration -O2 -Wno-system-headers -mcrt=clib4 -D__USE_INLINE__      conftest.c >&5
configure:38902: $? = 0
configure:38905: result: yes
configure:39033: checking if getifaddrs usage allowed
configure:39036: result: yes
configure:39046: checking if getifaddrs might be used
configure:39053: result: yes
configure:39076: checking for sys/types.h
configure:39076: result: yes
configure:39083: checking for sys/time.h
configure:39083: result: yes
configure:39100: checking if gmtime_r can be linked
configure:39129: ppc-amigaos-gcc -o conftest -mcrt=clib4 -D__USE_INLINE__ -Werror-implicit-function-declaration -O2 -Wno-system-headers -mcrt=clib4 -D__USE_INLINE__      -mcrt=clib4      conftest.c  -lrtmp -lssl -lcrypto -lssl -lcrypto   -lz -lpthread -latomic -lauto >&5
configure:39129: $? = 0
configure:39132: result: yes
configure:39147: checking if gmtime_r is prototyped
configure:39159: result: yes
configure:39175: checking if gmtime_r is compilable
configure:39194: ppc-amigaos-gcc -c -mcrt=clib4 -D__USE_INLINE__ -Werror-implicit-function-declaration -O2 -Wno-system-headers -mcrt=clib4 -D__USE_INLINE__      conftest.c >&5
configure:39194: $? = 0
configure:39197: result: yes
configure:39325: checking if gmtime_r usage allowed
configure:39328: result: yes
configure:39338: checking if gmtime_r might be used
configure:39345: result: yes
configure:39377: checking for sys/types.h
configure:39377: result: yes
configure:39384: checking for sys/socket.h
configure:39384: result: yes
configure:39391: checking for netinet/in.h
configure:39391: result: yes
configure:39398: checking for arpa/inet.h
configure:39398: result: yes
configure:39415: checking if inet_ntop can be linked
configure:39444: ppc-amigaos-gcc -o conftest -mcrt=clib4 -D__USE_INLINE__ -Werror-implicit-function-declaration -O2 -Wno-system-headers -mcrt=clib4 -D__USE_INLINE__      -mcrt=clib4      conftest.c  -lrtmp -lssl -lcrypto -lssl -lcrypto   -lz -lpthread -latomic -lauto >&5
configure:39444: $? = 0
configure:39447: result: yes
configure:39462: checking if inet_ntop is prototyped
configure:39474: result: yes
configure:39490: checking if inet_ntop is compilable
configure:39509: ppc-amigaos-gcc -c -mcrt=clib4 -D__USE_INLINE__ -Werror-implicit-function-declaration -O2 -Wno-system-headers -mcrt=clib4 -D__USE_INLINE__      conftest.c >&5
configure:39509: $? = 0
configure:39512: result: yes
configure:39724: checking if inet_ntop usage allowed
configure:39727: result: yes
configure:39737: checking if inet_ntop might be used
configure:39744: result: yes
configure:39764: checking if inet_pton can be linked
configure:39793: ppc-amigaos-gcc -o conftest -mcrt=clib4 -D__USE_INLINE__ -Werror-implicit-function-declaration -O2 -Wno-system-headers -mcrt=clib4 -D__USE_INLINE__      -mcrt=clib4      conftest.c  -lrtmp -lssl -lcrypto -lssl -lcrypto   -lz -lpthread -latomic -lauto >&5
configure:39793: $? = 0
configure:39796: result: yes
configure:39811: checking if inet_pton is prototyped
configure:39823: result: yes
configure:39839: checking if inet_pton is compilable
configure:39858: ppc-amigaos-gcc -c -mcrt=clib4 -D__USE_INLINE__ -Werror-implicit-function-declaration -O2 -Wno-system-headers -mcrt=clib4 -D__USE_INLINE__      conftest.c >&5
configure:39858: $? = 0
configure:39861: result: yes
configure:40059: checking if inet_pton usage allowed
configure:40062: result: yes
configure:40072: checking if inet_pton might be used
configure:40079: result: yes
configure:40098: checking if ioctlsocket can be linked
configure:40117: ppc-amigaos-gcc -o conftest -mcrt=clib4 -D__USE_INLINE__ -Werror-implicit-function-declaration -O2 -Wno-system-headers -mcrt=clib4 -D__USE_INLINE__      -mcrt=clib4      conftest.c  -lrtmp -lssl -lcrypto -lssl -lcrypto   -lz -lpthread -latomic -lauto >&5
conftest.c: In function 'main':
conftest.c:204:15: error: implicit declaration of function 'ioctlsocket' [-Werror=implicit-function-declaration]
  204 |       if(0 != ioctlsocket(0, 0, 0))
      |               ^~~~~~~~~~~
cc1: some warnings being treated as errors
configure:40117: $? = 1
configure: failed program was:
| /* confdefs.h */
| #define PACKAGE_NAME "curl"
| #define PACKAGE_TARNAME "curl"
| #define PACKAGE_VERSION "-"
| #define PACKAGE_STRING "curl -"
| #define PACKAGE_BUGREPORT "a suitable curl mailing list: https://curl.se/mail/"
| #define PACKAGE_URL ""
| #define HAVE_STDIO_H 1
| #define HAVE_STDLIB_H 1
| #define HAVE_STRING_H 1
| #define HAVE_INTTYPES_H 1
| #define HAVE_STDINT_H 1
| #define HAVE_STRINGS_H 1
| #define HAVE_SYS_STAT_H 1
| #define HAVE_SYS_TYPES_H 1
| #define HAVE_UNISTD_H 1
| #define STDC_HEADERS 1
| #define HAVE_STDATOMIC_H 1
| #define HAVE_ATOMIC 1
| #define PACKAGE "curl"
| #define VERSION "-"
| #define OS "powerpc-unknown-amigaos"
| #define HAVE_DLFCN_H 1
| #define LT_OBJDIR ".libs/"
| #define HAVE_LDAP_SSL 1
| #define HAVE_PROTO_BSDSOCKET_H 1
| #define HAVE_SYS_TYPES_H 1
| #define HAVE_SYS_TIME_H 1
| #define HAVE_CLOCK_GETTIME_MONOTONIC 1
| #define HAVE_ZLIB_H 1
| #define HAVE_LIBZ 1
| #define HAVE_BROTLI_DECODE_H 1
| #define HAVE_BROTLI 1
| #define CURL_DISABLE_LDAP 1
| #define CURL_DISABLE_LDAPS 1
| #define HAVE_LIBSSL 1
| #define HAVE_OPENSSL_X509_H 1
| #define USE_OPENSSL 1
| #define HAVE_OPENSSL_RSA_H 1
| #define USE_OPENSSL 1
| #define HAVE_OPENSSL_CRYPTO_H 1
| #define USE_OPENSSL 1
| #define HAVE_OPENSSL_PEM_H 1
| #define USE_OPENSSL 1
| #define HAVE_OPENSSL_SSL_H 1
| #define USE_OPENSSL 1
| #define HAVE_OPENSSL_ERR_H 1
| #define USE_OPENSSL 1
| #define HAVE_OPENSSL_SRP 1
| #define CURL_CA_FALLBACK 1
| #define HAVE_LIBRTMP_RTMP_H 1
| #define USE_LIBRTMP 1
| #define HAVE_IDN2_H 1
| #define HAVE_NGHTTP2_NGHTTP2_H 1
| #define USE_NGHTTP2 1
| #define HAVE_SYS_TYPES_H 1
| #define HAVE_SYS_TIME_H 1
| #define HAVE_SYS_SELECT_H 1
| #define HAVE_SYS_SOCKET_H 1
| #define HAVE_SYS_IOCTL_H 1
| #define HAVE_SYS_UIO_H 1
| #define HAVE_ASSERT_H 1
| #define HAVE_UNISTD_H 1
| #define HAVE_STDLIB_H 1
| #define HAVE_ARPA_INET_H 1
| #define HAVE_NET_IF_H 1
| #define HAVE_NETINET_IN_H 1
| #define HAVE_SYS_UN_H 1
| #define HAVE_NETINET_TCP_H 1
| #define HAVE_NETINET_UDP_H 1
| #define HAVE_NETDB_H 1
| #define HAVE_SYS_SOCKIO_H 1
| #define HAVE_SYS_STAT_H 1
| #define HAVE_SYS_PARAM_H 1
| #define HAVE_TERMIOS_H 1
| #define HAVE_FCNTL_H 1
| #define HAVE_PWD_H 1
| #define HAVE_UTIME_H 1
| #define HAVE_SYS_POLL_H 1
| #define HAVE_POLL_H 1
| #define HAVE_SYS_RESOURCE_H 1
| #define HAVE_LIBGEN_H 1
| #define HAVE_LOCALE_H 1
| #define HAVE_ERRNO_H 1
| #define HAVE_STDBOOL_H 1
| #define HAVE_ARPA_TFTP_H 1
| #define HAVE_SYS_FILIO_H 1
| #define HAVE_SYS_WAIT_H 1
| #define HAVE_SETJMP_H 1
| #define HAVE_VARIADIC_MACROS_C99 1
| #define HAVE_VARIADIC_MACROS_GCC 1
| #define HAVE_SYS_TYPES_H 1
| #define HAVE_SYS_TIME_H 1
| #define HAVE_SYS_SOCKET_H 1
| #define HAVE_STRUCT_TIMEVAL 1
| #define SIZEOF_SIZE_T 4
| #define SIZEOF_LONG 4
| #define SIZEOF_INT 4
| #define SIZEOF_TIME_T 4
| #define SIZEOF_OFF_T 8
| #define SIZEOF_CURL_OFF_T 8
| #define HAVE_LONGLONG 1
| #define HAVE_BOOL_T 1
| #define CURL_SA_FAMILY_T sa_family_t
| #define HAVE_SUSECONDS_T 1
| #define HAVE_SYS_TYPES_H 1
| #define HAVE_POLL_H 1
| #define HAVE_SYS_POLL_H 1
| #define HAVE_STRUCT_SOCKADDR_STORAGE 1
| #define HAVE_SYS_SELECT_H 1
| #define HAVE_SYS_SOCKET_H 1
| #define SELECT_TYPE_ARG1 int
| #define SELECT_TYPE_ARG234 fd_set *
| #define SELECT_TYPE_RETV int
| #define SELECT_QUAL_ARG5 
| #define SELECT_TYPE_ARG5 struct timeval *
| #define HAVE_SELECT 1
| #define HAVE_SYS_TYPES_H 1
| #define HAVE_SYS_SOCKET_H 1
| #define RECV_TYPE_ARG1 int
| #define RECV_TYPE_ARG2 char *
| #define RECV_TYPE_ARG3 size_t
| #define RECV_TYPE_ARG4 int
| #define RECV_TYPE_RETV int
| #define HAVE_RECV 1
| #define HAVE_SYS_TYPES_H 1
| #define HAVE_SYS_SOCKET_H 1
| #define SEND_TYPE_ARG1 int
| #define SEND_TYPE_ARG3 size_t
| #define SEND_TYPE_ARG4 int
| #define SEND_TYPE_RETV int
| #define SEND_QUAL_ARG2 
| #define SEND_TYPE_ARG2 char *
| #define HAVE_SEND 1
| #define HAVE_SYS_TYPES_H 1
| #define HAVE_SYS_SOCKET_H 1
| #define HAVE_MSG_NOSIGNAL 1
| #define HAVE_SYS_TYPES_H 1
| #define HAVE_UNISTD_H 1
| #define HAVE_ALARM 1
| #define HAVE_SYS_TYPES_H 1
| #define HAVE_STRING_H 1
| #define HAVE_STRINGS_H 1
| #define HAVE_SYS_TYPES_H 1
| #define HAVE_LIBGEN_H 1
| #define HAVE_BASENAME 1
| #define HAVE_SYS_TYPES_H 1
| #define HAVE_SYS_TYPES_H 1
| #define HAVE_SYS_SOCKET_H 1
| #define HAVE_CLOSESOCKET_CAMEL 1
| #define HAVE_CONNECT 1
| #define HAVE_SYS_TYPES_H 1
| #define HAVE_UNISTD_H 1
| #define HAVE_FCNTL_H 1
| #define HAVE_FCNTL 1
| #define HAVE_FCNTL_O_NONBLOCK 1
| #define HAVE_SYS_TYPES_H 1
| #define HAVE_NETDB_H 1
| #define HAVE_FREEADDRINFO 1
| #define HAVE_SYS_TYPES_H 1
| #define HAVE_FTRUNCATE 1
| #define HAVE_SYS_TYPES_H 1
| #define HAVE_STDLIB_H 1
| #define HAVE_GETADDRINFO 1
| #define HAVE_GETADDRINFO_THREADSAFE 1
| #define HAVE_GETHOSTBYNAME 1
| #define HAVE_GETHOSTNAME 1
| #define HAVE_GETPEERNAME 1
| #define HAVE_GETSOCKNAME 1
| #define HAVE_NET_IF_H 1
| #define HAVE_IF_NAMETOINDEX 1
| #define HAVE_SYS_TYPES_H 1
| #define HAVE_SYS_SOCKET_H 1
| #define HAVE_NETINET_IN_H 1
| #define HAVE_IFADDRS_H 1
| #define HAVE_GETIFADDRS 1
| #define HAVE_SYS_TYPES_H 1
| #define HAVE_SYS_TIME_H 1
| #define HAVE_GMTIME_R 1
| #define HAVE_SYS_TYPES_H 1
| #define HAVE_SYS_SOCKET_H 1
| #define HAVE_NETINET_IN_H 1
| #define HAVE_ARPA_INET_H 1
| #define HAVE_INET_NTOP 1
| #define HAVE_INET_PTON 1
| /* end confdefs.h.  */
| 
| 
|       /* includes start */
| #ifdef HAVE_WINDOWS_H
| #  ifndef WIN32_LEAN_AND_MEAN
| #    define WIN32_LEAN_AND_MEAN
| #  endif
| #  include <windows.h>
| #  ifdef HAVE_WINSOCK2_H
| #    include <winsock2.h>
| #  endif
| #endif
| /* includes end */
| 
| int main (void)
| {
| 
|       if(0 != ioctlsocket(0, 0, 0))
|         return 1;
| 
|  ;
|  return 0;
| }
| 
configure:40126: result: no
configure:40213: checking if ioctlsocket might be used
configure:40299: result: no
configure:40311: checking if IoctlSocket can be linked
configure:40329: ppc-amigaos-gcc -o conftest -mcrt=clib4 -D__USE_INLINE__ -Werror-implicit-function-declaration -O2 -Wno-system-headers -mcrt=clib4 -D__USE_INLINE__      -mcrt=clib4      conftest.c  -lrtmp -lssl -lcrypto -lssl -lcrypto   -lz -lpthread -latomic -lauto >&5
conftest.c:192: warning: "__USE_INLINE__" redefined
  192 | #  define __USE_INLINE__
      | 
<command-line>: note: this is the location of the previous definition
configure:40329: $? = 0
configure:40332: result: yes
configure:40347: checking if IoctlSocket is prototyped
conftest.c:191: warning: "__USE_INLINE__" redefined
  191 | #  define __USE_INLINE__
      | 
<command-line>: note: this is the location of the previous definition
configure:40359: result: yes
configure:40375: checking if IoctlSocket is compilable
configure:40394: ppc-amigaos-gcc -c -mcrt=clib4 -D__USE_INLINE__ -Werror-implicit-function-declaration -O2 -Wno-system-headers -mcrt=clib4 -D__USE_INLINE__      conftest.c >&5
conftest.c:192: warning: "__USE_INLINE__" redefined
  192 | #  define __USE_INLINE__
      | 
<command-line>: note: this is the location of the previous definition
configure:40394: $? = 0
configure:40397: result: yes
configure:40412: checking if IoctlSocket usage allowed
configure:40415: result: yes
configure:40425: checking if IoctlSocket might be used
configure:40431: result: yes
configure:40443: checking if IoctlSocket FIONBIO is compilable
configure:40463: ppc-amigaos-gcc -c -mcrt=clib4 -D__USE_INLINE__ -Werror-implicit-function-declaration -O2 -Wno-system-headers -mcrt=clib4 -D__USE_INLINE__      conftest.c >&5
conftest.c:193: warning: "__USE_INLINE__" redefined
  193 | #  define __USE_INLINE__
      | 
<command-line>: note: this is the location of the previous definition
configure:40463: $? = 0
configure:40466: result: yes
configure:40481: checking if IoctlSocket FIONBIO usage allowed
configure:40484: result: yes
configure:40494: checking if IoctlSocket FIONBIO might be used
configure:40498: result: yes
configure:40524: checking if memrchr can be linked
configure:40553: ppc-amigaos-gcc -o conftest -mcrt=clib4 -D__USE_INLINE__ -Werror-implicit-function-declaration -O2 -Wno-system-headers -mcrt=clib4 -D__USE_INLINE__      -mcrt=clib4      conftest.c  -lrtmp -lssl -lcrypto -lssl -lcrypto   -lz -lpthread -latomic -lauto >&5
configure:40553: $? = 0
configure:40556: result: yes
configure:40609: checking if memrchr is prototyped
configure:40627: result: no
configure:40688: checking if memrchr might be used
configure:40701: result: no
configure:40721: checking if poll can be linked
configure:40740: ppc-amigaos-gcc -o conftest -mcrt=clib4 -D__USE_INLINE__ -Werror-implicit-function-declaration -O2 -Wno-system-headers -mcrt=clib4 -D__USE_INLINE__      -mcrt=clib4      conftest.c  -lrtmp -lssl -lcrypto -lssl -lcrypto   -lz -lpthread -latomic -lauto >&5
configure:40740: $? = 0
configure:40743: result: yes
configure:40758: checking if poll is prototyped
configure:40770: result: yes
configure:40786: checking if poll is compilable
configure:40805: ppc-amigaos-gcc -c -mcrt=clib4 -D__USE_INLINE__ -Werror-implicit-function-declaration -O2 -Wno-system-headers -mcrt=clib4 -D__USE_INLINE__      conftest.c >&5
configure:40805: $? = 0
configure:40808: result: yes
configure:40960: checking if poll usage allowed
configure:40963: result: yes
configure:40973: checking if poll might be used
configure:40980: result: yes
configure:41002: checking for sys/types.h
configure:41002: result: yes
configure:41009: checking for signal.h
configure:41009: ppc-amigaos-gcc -c -mcrt=clib4 -D__USE_INLINE__ -Werror-implicit-function-declaration -O2 -Wno-system-headers -mcrt=clib4 -D__USE_INLINE__      conftest.c >&5
configure:41009: $? = 0
configure:41009: result: yes
configure:41025: checking if sigaction can be linked
configure:41054: ppc-amigaos-gcc -o conftest -mcrt=clib4 -D__USE_INLINE__ -Werror-implicit-function-declaration -O2 -Wno-system-headers -mcrt=clib4 -D__USE_INLINE__      -mcrt=clib4      conftest.c  -lrtmp -lssl -lcrypto -lssl -lcrypto   -lz -lpthread -latomic -lauto >&5
configure:41054: $? = 0
configure:41057: result: yes
configure:41072: checking if sigaction is prototyped
configure:41084: result: yes
configure:41100: checking if sigaction is compilable
configure:41119: ppc-amigaos-gcc -c -mcrt=clib4 -D__USE_INLINE__ -Werror-implicit-function-declaration -O2 -Wno-system-headers -mcrt=clib4 -D__USE_INLINE__      conftest.c >&5
configure:41119: $? = 0
configure:41122: result: yes
configure:41137: checking if sigaction usage allowed
configure:41140: result: yes
configure:41150: checking if sigaction might be used
configure:41156: result: yes
configure:41175: checking if siginterrupt can be linked
configure:41204: ppc-amigaos-gcc -o conftest -mcrt=clib4 -D__USE_INLINE__ -Werror-implicit-function-declaration -O2 -Wno-system-headers -mcrt=clib4 -D__USE_INLINE__      -mcrt=clib4      conftest.c  -lrtmp -lssl -lcrypto -lssl -lcrypto   -lz -lpthread -latomic -lauto >&5
/tmp/cc5QB51E.o: In function `main':
conftest.c:(.text.startup+0xc): undefined reference to `siginterrupt'
collect2: error: ld returned 1 exit status
configure:41204: $? = 1
configure: failed program was:
| /* confdefs.h */
| #define PACKAGE_NAME "curl"
| #define PACKAGE_TARNAME "curl"
| #define PACKAGE_VERSION "-"
| #define PACKAGE_STRING "curl -"
| #define PACKAGE_BUGREPORT "a suitable curl mailing list: https://curl.se/mail/"
| #define PACKAGE_URL ""
| #define HAVE_STDIO_H 1
| #define HAVE_STDLIB_H 1
| #define HAVE_STRING_H 1
| #define HAVE_INTTYPES_H 1
| #define HAVE_STDINT_H 1
| #define HAVE_STRINGS_H 1
| #define HAVE_SYS_STAT_H 1
| #define HAVE_SYS_TYPES_H 1
| #define HAVE_UNISTD_H 1
| #define STDC_HEADERS 1
| #define HAVE_STDATOMIC_H 1
| #define HAVE_ATOMIC 1
| #define PACKAGE "curl"
| #define VERSION "-"
| #define OS "powerpc-unknown-amigaos"
| #define HAVE_DLFCN_H 1
| #define LT_OBJDIR ".libs/"
| #define HAVE_LDAP_SSL 1
| #define HAVE_PROTO_BSDSOCKET_H 1
| #define HAVE_SYS_TYPES_H 1
| #define HAVE_SYS_TIME_H 1
| #define HAVE_CLOCK_GETTIME_MONOTONIC 1
| #define HAVE_ZLIB_H 1
| #define HAVE_LIBZ 1
| #define HAVE_BROTLI_DECODE_H 1
| #define HAVE_BROTLI 1
| #define CURL_DISABLE_LDAP 1
| #define CURL_DISABLE_LDAPS 1
| #define HAVE_LIBSSL 1
| #define HAVE_OPENSSL_X509_H 1
| #define USE_OPENSSL 1
| #define HAVE_OPENSSL_RSA_H 1
| #define USE_OPENSSL 1
| #define HAVE_OPENSSL_CRYPTO_H 1
| #define USE_OPENSSL 1
| #define HAVE_OPENSSL_PEM_H 1
| #define USE_OPENSSL 1
| #define HAVE_OPENSSL_SSL_H 1
| #define USE_OPENSSL 1
| #define HAVE_OPENSSL_ERR_H 1
| #define USE_OPENSSL 1
| #define HAVE_OPENSSL_SRP 1
| #define CURL_CA_FALLBACK 1
| #define HAVE_LIBRTMP_RTMP_H 1
| #define USE_LIBRTMP 1
| #define HAVE_IDN2_H 1
| #define HAVE_NGHTTP2_NGHTTP2_H 1
| #define USE_NGHTTP2 1
| #define HAVE_SYS_TYPES_H 1
| #define HAVE_SYS_TIME_H 1
| #define HAVE_SYS_SELECT_H 1
| #define HAVE_SYS_SOCKET_H 1
| #define HAVE_SYS_IOCTL_H 1
| #define HAVE_SYS_UIO_H 1
| #define HAVE_ASSERT_H 1
| #define HAVE_UNISTD_H 1
| #define HAVE_STDLIB_H 1
| #define HAVE_ARPA_INET_H 1
| #define HAVE_NET_IF_H 1
| #define HAVE_NETINET_IN_H 1
| #define HAVE_SYS_UN_H 1
| #define HAVE_NETINET_TCP_H 1
| #define HAVE_NETINET_UDP_H 1
| #define HAVE_NETDB_H 1
| #define HAVE_SYS_SOCKIO_H 1
| #define HAVE_SYS_STAT_H 1
| #define HAVE_SYS_PARAM_H 1
| #define HAVE_TERMIOS_H 1
| #define HAVE_FCNTL_H 1
| #define HAVE_PWD_H 1
| #define HAVE_UTIME_H 1
| #define HAVE_SYS_POLL_H 1
| #define HAVE_POLL_H 1
| #define HAVE_SYS_RESOURCE_H 1
| #define HAVE_LIBGEN_H 1
| #define HAVE_LOCALE_H 1
| #define HAVE_ERRNO_H 1
| #define HAVE_STDBOOL_H 1
| #define HAVE_ARPA_TFTP_H 1
| #define HAVE_SYS_FILIO_H 1
| #define HAVE_SYS_WAIT_H 1
| #define HAVE_SETJMP_H 1
| #define HAVE_VARIADIC_MACROS_C99 1
| #define HAVE_VARIADIC_MACROS_GCC 1
| #define HAVE_SYS_TYPES_H 1
| #define HAVE_SYS_TIME_H 1
| #define HAVE_SYS_SOCKET_H 1
| #define HAVE_STRUCT_TIMEVAL 1
| #define SIZEOF_SIZE_T 4
| #define SIZEOF_LONG 4
| #define SIZEOF_INT 4
| #define SIZEOF_TIME_T 4
| #define SIZEOF_OFF_T 8
| #define SIZEOF_CURL_OFF_T 8
| #define HAVE_LONGLONG 1
| #define HAVE_BOOL_T 1
| #define CURL_SA_FAMILY_T sa_family_t
| #define HAVE_SUSECONDS_T 1
| #define HAVE_SYS_TYPES_H 1
| #define HAVE_POLL_H 1
| #define HAVE_SYS_POLL_H 1
| #define HAVE_STRUCT_SOCKADDR_STORAGE 1
| #define HAVE_SYS_SELECT_H 1
| #define HAVE_SYS_SOCKET_H 1
| #define SELECT_TYPE_ARG1 int
| #define SELECT_TYPE_ARG234 fd_set *
| #define SELECT_TYPE_RETV int
| #define SELECT_QUAL_ARG5 
| #define SELECT_TYPE_ARG5 struct timeval *
| #define HAVE_SELECT 1
| #define HAVE_SYS_TYPES_H 1
| #define HAVE_SYS_SOCKET_H 1
| #define RECV_TYPE_ARG1 int
| #define RECV_TYPE_ARG2 char *
| #define RECV_TYPE_ARG3 size_t
| #define RECV_TYPE_ARG4 int
| #define RECV_TYPE_RETV int
| #define HAVE_RECV 1
| #define HAVE_SYS_TYPES_H 1
| #define HAVE_SYS_SOCKET_H 1
| #define SEND_TYPE_ARG1 int
| #define SEND_TYPE_ARG3 size_t
| #define SEND_TYPE_ARG4 int
| #define SEND_TYPE_RETV int
| #define SEND_QUAL_ARG2 
| #define SEND_TYPE_ARG2 char *
| #define HAVE_SEND 1
| #define HAVE_SYS_TYPES_H 1
| #define HAVE_SYS_SOCKET_H 1
| #define HAVE_MSG_NOSIGNAL 1
| #define HAVE_SYS_TYPES_H 1
| #define HAVE_UNISTD_H 1
| #define HAVE_ALARM 1
| #define HAVE_SYS_TYPES_H 1
| #define HAVE_STRING_H 1
| #define HAVE_STRINGS_H 1
| #define HAVE_SYS_TYPES_H 1
| #define HAVE_LIBGEN_H 1
| #define HAVE_BASENAME 1
| #define HAVE_SYS_TYPES_H 1
| #define HAVE_SYS_TYPES_H 1
| #define HAVE_SYS_SOCKET_H 1
| #define HAVE_CLOSESOCKET_CAMEL 1
| #define HAVE_CONNECT 1
| #define HAVE_SYS_TYPES_H 1
| #define HAVE_UNISTD_H 1
| #define HAVE_FCNTL_H 1
| #define HAVE_FCNTL 1
| #define HAVE_FCNTL_O_NONBLOCK 1
| #define HAVE_SYS_TYPES_H 1
| #define HAVE_NETDB_H 1
| #define HAVE_FREEADDRINFO 1
| #define HAVE_SYS_TYPES_H 1
| #define HAVE_FTRUNCATE 1
| #define HAVE_SYS_TYPES_H 1
| #define HAVE_STDLIB_H 1
| #define HAVE_GETADDRINFO 1
| #define HAVE_GETADDRINFO_THREADSAFE 1
| #define HAVE_GETHOSTBYNAME 1
| #define HAVE_GETHOSTNAME 1
| #define HAVE_GETPEERNAME 1
| #define HAVE_GETSOCKNAME 1
| #define HAVE_NET_IF_H 1
| #define HAVE_IF_NAMETOINDEX 1
| #define HAVE_SYS_TYPES_H 1
| #define HAVE_SYS_SOCKET_H 1
| #define HAVE_NETINET_IN_H 1
| #define HAVE_IFADDRS_H 1
| #define HAVE_GETIFADDRS 1
| #define HAVE_SYS_TYPES_H 1
| #define HAVE_SYS_TIME_H 1
| #define HAVE_GMTIME_R 1
| #define HAVE_SYS_TYPES_H 1
| #define HAVE_SYS_SOCKET_H 1
| #define HAVE_NETINET_IN_H 1
| #define HAVE_ARPA_INET_H 1
| #define HAVE_INET_NTOP 1
| #define HAVE_INET_PTON 1
| #define HAVE_IOCTLSOCKET_CAMEL 1
| #define HAVE_IOCTLSOCKET_CAMEL_FIONBIO 1
| #define HAVE_POLL_FINE 1
| #define HAVE_SYS_TYPES_H 1
| #define HAVE_SIGNAL_H 1
| #define HAVE_SIGACTION 1
| /* end confdefs.h.  */
| 
| 
| #define siginterrupt innocuous_siginterrupt
| #ifdef __STDC__
| # include <limits.h>
| #else
| # include <assert.h>
| #endif
| #undef siginterrupt
| #ifdef __cplusplus
| extern "C"
| #endif
| char siginterrupt ();
| #if defined __stub_siginterrupt || defined __stub___siginterrupt
| choke me
| #endif
| 
| int main (void)
| {
| return siginterrupt ();
|  ;
|  return 0;
| }
| 
configure:41213: result: no
configure:41300: checking if siginterrupt might be used
configure:41313: result: no
configure:41325: checking if signal can be linked
configure:41354: ppc-amigaos-gcc -o conftest -mcrt=clib4 -D__USE_INLINE__ -Werror-implicit-function-declaration -O2 -Wno-system-headers -mcrt=clib4 -D__USE_INLINE__      -mcrt=clib4      conftest.c  -lrtmp -lssl -lcrypto -lssl -lcrypto   -lz -lpthread -latomic -lauto >&5
configure:41354: $? = 0
configure:41357: result: yes
configure:41372: checking if signal is prototyped
configure:41384: result: yes
configure:41400: checking if signal is compilable
configure:41419: ppc-amigaos-gcc -c -mcrt=clib4 -D__USE_INLINE__ -Werror-implicit-function-declaration -O2 -Wno-system-headers -mcrt=clib4 -D__USE_INLINE__      conftest.c >&5
configure:41419: $? = 0
configure:41422: result: yes
configure:41437: checking if signal usage allowed
configure:41440: result: yes
configure:41450: checking if signal might be used
configure:41456: result: yes
configure:41478: checking for sys/types.h
configure:41478: result: yes
configure:41485: checking for setjmp.h
configure:41485: result: yes
configure:41502: checking if sigsetjmp can be linked
configure:41531: ppc-amigaos-gcc -o conftest -mcrt=clib4 -D__USE_INLINE__ -Werror-implicit-function-declaration -O2 -Wno-system-headers -mcrt=clib4 -D__USE_INLINE__      -mcrt=clib4      conftest.c  -lrtmp -lssl -lcrypto -lssl -lcrypto   -lz -lpthread -latomic -lauto >&5
/tmp/ccGK2LCh.o: In function `main':
conftest.c:(.text.startup+0xc): undefined reference to `sigsetjmp'
collect2: error: ld returned 1 exit status
configure:41531: $? = 1
configure: failed program was:
| /* confdefs.h */
| #define PACKAGE_NAME "curl"
| #define PACKAGE_TARNAME "curl"
| #define PACKAGE_VERSION "-"
| #define PACKAGE_STRING "curl -"
| #define PACKAGE_BUGREPORT "a suitable curl mailing list: https://curl.se/mail/"
| #define PACKAGE_URL ""
| #define HAVE_STDIO_H 1
| #define HAVE_STDLIB_H 1
| #define HAVE_STRING_H 1
| #define HAVE_INTTYPES_H 1
| #define HAVE_STDINT_H 1
| #define HAVE_STRINGS_H 1
| #define HAVE_SYS_STAT_H 1
| #define HAVE_SYS_TYPES_H 1
| #define HAVE_UNISTD_H 1
| #define STDC_HEADERS 1
| #define HAVE_STDATOMIC_H 1
| #define HAVE_ATOMIC 1
| #define PACKAGE "curl"
| #define VERSION "-"
| #define OS "powerpc-unknown-amigaos"
| #define HAVE_DLFCN_H 1
| #define LT_OBJDIR ".libs/"
| #define HAVE_LDAP_SSL 1
| #define HAVE_PROTO_BSDSOCKET_H 1
| #define HAVE_SYS_TYPES_H 1
| #define HAVE_SYS_TIME_H 1
| #define HAVE_CLOCK_GETTIME_MONOTONIC 1
| #define HAVE_ZLIB_H 1
| #define HAVE_LIBZ 1
| #define HAVE_BROTLI_DECODE_H 1
| #define HAVE_BROTLI 1
| #define CURL_DISABLE_LDAP 1
| #define CURL_DISABLE_LDAPS 1
| #define HAVE_LIBSSL 1
| #define HAVE_OPENSSL_X509_H 1
| #define USE_OPENSSL 1
| #define HAVE_OPENSSL_RSA_H 1
| #define USE_OPENSSL 1
| #define HAVE_OPENSSL_CRYPTO_H 1
| #define USE_OPENSSL 1
| #define HAVE_OPENSSL_PEM_H 1
| #define USE_OPENSSL 1
| #define HAVE_OPENSSL_SSL_H 1
| #define USE_OPENSSL 1
| #define HAVE_OPENSSL_ERR_H 1
| #define USE_OPENSSL 1
| #define HAVE_OPENSSL_SRP 1
| #define CURL_CA_FALLBACK 1
| #define HAVE_LIBRTMP_RTMP_H 1
| #define USE_LIBRTMP 1
| #define HAVE_IDN2_H 1
| #define HAVE_NGHTTP2_NGHTTP2_H 1
| #define USE_NGHTTP2 1
| #define HAVE_SYS_TYPES_H 1
| #define HAVE_SYS_TIME_H 1
| #define HAVE_SYS_SELECT_H 1
| #define HAVE_SYS_SOCKET_H 1
| #define HAVE_SYS_IOCTL_H 1
| #define HAVE_SYS_UIO_H 1
| #define HAVE_ASSERT_H 1
| #define HAVE_UNISTD_H 1
| #define HAVE_STDLIB_H 1
| #define HAVE_ARPA_INET_H 1
| #define HAVE_NET_IF_H 1
| #define HAVE_NETINET_IN_H 1
| #define HAVE_SYS_UN_H 1
| #define HAVE_NETINET_TCP_H 1
| #define HAVE_NETINET_UDP_H 1
| #define HAVE_NETDB_H 1
| #define HAVE_SYS_SOCKIO_H 1
| #define HAVE_SYS_STAT_H 1
| #define HAVE_SYS_PARAM_H 1
| #define HAVE_TERMIOS_H 1
| #define HAVE_FCNTL_H 1
| #define HAVE_PWD_H 1
| #define HAVE_UTIME_H 1
| #define HAVE_SYS_POLL_H 1
| #define HAVE_POLL_H 1
| #define HAVE_SYS_RESOURCE_H 1
| #define HAVE_LIBGEN_H 1
| #define HAVE_LOCALE_H 1
| #define HAVE_ERRNO_H 1
| #define HAVE_STDBOOL_H 1
| #define HAVE_ARPA_TFTP_H 1
| #define HAVE_SYS_FILIO_H 1
| #define HAVE_SYS_WAIT_H 1
| #define HAVE_SETJMP_H 1
| #define HAVE_VARIADIC_MACROS_C99 1
| #define HAVE_VARIADIC_MACROS_GCC 1
| #define HAVE_SYS_TYPES_H 1
| #define HAVE_SYS_TIME_H 1
| #define HAVE_SYS_SOCKET_H 1
| #define HAVE_STRUCT_TIMEVAL 1
| #define SIZEOF_SIZE_T 4
| #define SIZEOF_LONG 4
| #define SIZEOF_INT 4
| #define SIZEOF_TIME_T 4
| #define SIZEOF_OFF_T 8
| #define SIZEOF_CURL_OFF_T 8
| #define HAVE_LONGLONG 1
| #define HAVE_BOOL_T 1
| #define CURL_SA_FAMILY_T sa_family_t
| #define HAVE_SUSECONDS_T 1
| #define HAVE_SYS_TYPES_H 1
| #define HAVE_POLL_H 1
| #define HAVE_SYS_POLL_H 1
| #define HAVE_STRUCT_SOCKADDR_STORAGE 1
| #define HAVE_SYS_SELECT_H 1
| #define HAVE_SYS_SOCKET_H 1
| #define SELECT_TYPE_ARG1 int
| #define SELECT_TYPE_ARG234 fd_set *
| #define SELECT_TYPE_RETV int
| #define SELECT_QUAL_ARG5 
| #define SELECT_TYPE_ARG5 struct timeval *
| #define HAVE_SELECT 1
| #define HAVE_SYS_TYPES_H 1
| #define HAVE_SYS_SOCKET_H 1
| #define RECV_TYPE_ARG1 int
| #define RECV_TYPE_ARG2 char *
| #define RECV_TYPE_ARG3 size_t
| #define RECV_TYPE_ARG4 int
| #define RECV_TYPE_RETV int
| #define HAVE_RECV 1
| #define HAVE_SYS_TYPES_H 1
| #define HAVE_SYS_SOCKET_H 1
| #define SEND_TYPE_ARG1 int
| #define SEND_TYPE_ARG3 size_t
| #define SEND_TYPE_ARG4 int
| #define SEND_TYPE_RETV int
| #define SEND_QUAL_ARG2 
| #define SEND_TYPE_ARG2 char *
| #define HAVE_SEND 1
| #define HAVE_SYS_TYPES_H 1
| #define HAVE_SYS_SOCKET_H 1
| #define HAVE_MSG_NOSIGNAL 1
| #define HAVE_SYS_TYPES_H 1
| #define HAVE_UNISTD_H 1
| #define HAVE_ALARM 1
| #define HAVE_SYS_TYPES_H 1
| #define HAVE_STRING_H 1
| #define HAVE_STRINGS_H 1
| #define HAVE_SYS_TYPES_H 1
| #define HAVE_LIBGEN_H 1
| #define HAVE_BASENAME 1
| #define HAVE_SYS_TYPES_H 1
| #define HAVE_SYS_TYPES_H 1
| #define HAVE_SYS_SOCKET_H 1
| #define HAVE_CLOSESOCKET_CAMEL 1
| #define HAVE_CONNECT 1
| #define HAVE_SYS_TYPES_H 1
| #define HAVE_UNISTD_H 1
| #define HAVE_FCNTL_H 1
| #define HAVE_FCNTL 1
| #define HAVE_FCNTL_O_NONBLOCK 1
| #define HAVE_SYS_TYPES_H 1
| #define HAVE_NETDB_H 1
| #define HAVE_FREEADDRINFO 1
| #define HAVE_SYS_TYPES_H 1
| #define HAVE_FTRUNCATE 1
| #define HAVE_SYS_TYPES_H 1
| #define HAVE_STDLIB_H 1
| #define HAVE_GETADDRINFO 1
| #define HAVE_GETADDRINFO_THREADSAFE 1
| #define HAVE_GETHOSTBYNAME 1
| #define HAVE_GETHOSTNAME 1
| #define HAVE_GETPEERNAME 1
| #define HAVE_GETSOCKNAME 1
| #define HAVE_NET_IF_H 1
| #define HAVE_IF_NAMETOINDEX 1
| #define HAVE_SYS_TYPES_H 1
| #define HAVE_SYS_SOCKET_H 1
| #define HAVE_NETINET_IN_H 1
| #define HAVE_IFADDRS_H 1
| #define HAVE_GETIFADDRS 1
| #define HAVE_SYS_TYPES_H 1
| #define HAVE_SYS_TIME_H 1
| #define HAVE_GMTIME_R 1
| #define HAVE_SYS_TYPES_H 1
| #define HAVE_SYS_SOCKET_H 1
| #define HAVE_NETINET_IN_H 1
| #define HAVE_ARPA_INET_H 1
| #define HAVE_INET_NTOP 1
| #define HAVE_INET_PTON 1
| #define HAVE_IOCTLSOCKET_CAMEL 1
| #define HAVE_IOCTLSOCKET_CAMEL_FIONBIO 1
| #define HAVE_POLL_FINE 1
| #define HAVE_SYS_TYPES_H 1
| #define HAVE_SIGNAL_H 1
| #define HAVE_SIGACTION 1
| #define HAVE_SIGNAL 1
| #define HAVE_SYS_TYPES_H 1
| #define HAVE_SETJMP_H 1
| /* end confdefs.h.  */
| 
| 
| #define sigsetjmp innocuous_sigsetjmp
| #ifdef __STDC__
| # include <limits.h>
| #else
| # include <assert.h>
| #endif
| #undef sigsetjmp
| #ifdef __cplusplus
| extern "C"
| #endif
| char sigsetjmp ();
| #if defined __stub_sigsetjmp || defined __stub___sigsetjmp
| choke me
| #endif
| 
| int main (void)
| {
| return sigsetjmp ();
|  ;
|  return 0;
| }
| 
configure:41540: result: no
configure:41549: checking if sigsetjmp seems a macro
configure:41569: ppc-amigaos-gcc -o conftest -mcrt=clib4 -D__USE_INLINE__ -Werror-implicit-function-declaration -O2 -Wno-system-headers -mcrt=clib4 -D__USE_INLINE__      -mcrt=clib4      conftest.c  -lrtmp -lssl -lcrypto -lssl -lcrypto   -lz -lpthread -latomic -lauto >&5
configure:41569: $? = 0
configure:41572: result: yes
configure:41617: checking if sigsetjmp is compilable
configure:41637: ppc-amigaos-gcc -c -mcrt=clib4 -D__USE_INLINE__ -Werror-implicit-function-declaration -O2 -Wno-system-headers -mcrt=clib4 -D__USE_INLINE__      conftest.c >&5
configure:41637: $? = 0
configure:41640: result: yes
configure:41655: checking if sigsetjmp usage allowed
configure:41658: result: yes
configure:41668: checking if sigsetjmp might be used
configure:41674: result: yes
configure:41693: checking if socket can be linked
configure:41715: ppc-amigaos-gcc -o conftest -mcrt=clib4 -D__USE_INLINE__ -Werror-implicit-function-declaration -O2 -Wno-system-headers -mcrt=clib4 -D__USE_INLINE__      -mcrt=clib4      conftest.c  -lrtmp -lssl -lcrypto -lssl -lcrypto   -lz -lpthread -latomic -lauto >&5
conftest.c:213: warning: "__USE_INLINE__" redefined
  213 | #  define __USE_INLINE__
      | 
<command-line>: note: this is the location of the previous definition
configure:41715: $? = 0
configure:41718: result: yes
configure:41733: checking if socket is prototyped
conftest.c:212: warning: "__USE_INLINE__" redefined
  212 | #  define __USE_INLINE__
      | 
<command-line>: note: this is the location of the previous definition
configure:41748: result: yes
configure:41764: checking if socket is compilable
configure:41786: ppc-amigaos-gcc -c -mcrt=clib4 -D__USE_INLINE__ -Werror-implicit-function-declaration -O2 -Wno-system-headers -mcrt=clib4 -D__USE_INLINE__      conftest.c >&5
conftest.c:213: warning: "__USE_INLINE__" redefined
  213 | #  define __USE_INLINE__
      | 
<command-line>: note: this is the location of the previous definition
configure:41786: $? = 0
configure:41789: result: yes
configure:41804: checking if socket usage allowed
configure:41807: result: yes
configure:41817: checking if socket might be used
configure:41823: result: yes
configure:41842: checking if socketpair can be linked
configure:41871: ppc-amigaos-gcc -o conftest -mcrt=clib4 -D__USE_INLINE__ -Werror-implicit-function-declaration -O2 -Wno-system-headers -mcrt=clib4 -D__USE_INLINE__      -mcrt=clib4      conftest.c  -lrtmp -lssl -lcrypto -lssl -lcrypto   -lz -lpthread -latomic -lauto >&5
configure:41871: $? = 0
configure:41874: result: yes
configure:41889: checking if socketpair is prototyped
configure:41902: result: yes
configure:41918: checking if socketpair is compilable
configure:41939: ppc-amigaos-gcc -c -mcrt=clib4 -D__USE_INLINE__ -Werror-implicit-function-declaration -O2 -Wno-system-headers -mcrt=clib4 -D__USE_INLINE__      conftest.c >&5
configure:41939: $? = 0
configure:41942: result: yes
configure:41957: checking if socketpair usage allowed
configure:41960: result: yes
configure:41970: checking if socketpair might be used
configure:41976: result: yes
configure:41995: checking if strcasecmp can be linked
configure:42024: ppc-amigaos-gcc -o conftest -mcrt=clib4 -D__USE_INLINE__ -Werror-implicit-function-declaration -O2 -Wno-system-headers -mcrt=clib4 -D__USE_INLINE__      -mcrt=clib4      conftest.c  -lrtmp -lssl -lcrypto -lssl -lcrypto   -lz -lpthread -latomic -lauto >&5
conftest.c:211:6: warning: conflicting types for built-in function 'strcasecmp'; expected 'int(const char *, const char *)' [-Wbuiltin-declaration-mismatch]
  211 | char strcasecmp ();
      |      ^~~~~~~~~~
configure:42024: $? = 0
configure:42027: result: yes
configure:42042: checking if strcasecmp is prototyped
configure:42054: result: yes
configure:42070: checking if strcasecmp is compilable
configure:42089: ppc-amigaos-gcc -c -mcrt=clib4 -D__USE_INLINE__ -Werror-implicit-function-declaration -O2 -Wno-system-headers -mcrt=clib4 -D__USE_INLINE__      conftest.c >&5
configure:42089: $? = 0
configure:42092: result: yes
configure:42107: checking if strcasecmp usage allowed
configure:42110: result: yes
configure:42120: checking if strcasecmp might be used
configure:42126: result: yes
configure:42145: checking if strcmpi can be linked
configure:42174: ppc-amigaos-gcc -o conftest -mcrt=clib4 -D__USE_INLINE__ -Werror-implicit-function-declaration -O2 -Wno-system-headers -mcrt=clib4 -D__USE_INLINE__      -mcrt=clib4      conftest.c  -lrtmp -lssl -lcrypto -lssl -lcrypto   -lz -lpthread -latomic -lauto >&5
/tmp/ccmfcqd2.o: In function `main':
conftest.c:(.text.startup+0xc): undefined reference to `strcmpi'
collect2: error: ld returned 1 exit status
configure:42174: $? = 1
configure: failed program was:
| /* confdefs.h */
| #define PACKAGE_NAME "curl"
| #define PACKAGE_TARNAME "curl"
| #define PACKAGE_VERSION "-"
| #define PACKAGE_STRING "curl -"
| #define PACKAGE_BUGREPORT "a suitable curl mailing list: https://curl.se/mail/"
| #define PACKAGE_URL ""
| #define HAVE_STDIO_H 1
| #define HAVE_STDLIB_H 1
| #define HAVE_STRING_H 1
| #define HAVE_INTTYPES_H 1
| #define HAVE_STDINT_H 1
| #define HAVE_STRINGS_H 1
| #define HAVE_SYS_STAT_H 1
| #define HAVE_SYS_TYPES_H 1
| #define HAVE_UNISTD_H 1
| #define STDC_HEADERS 1
| #define HAVE_STDATOMIC_H 1
| #define HAVE_ATOMIC 1
| #define PACKAGE "curl"
| #define VERSION "-"
| #define OS "powerpc-unknown-amigaos"
| #define HAVE_DLFCN_H 1
| #define LT_OBJDIR ".libs/"
| #define HAVE_LDAP_SSL 1
| #define HAVE_PROTO_BSDSOCKET_H 1
| #define HAVE_SYS_TYPES_H 1
| #define HAVE_SYS_TIME_H 1
| #define HAVE_CLOCK_GETTIME_MONOTONIC 1
| #define HAVE_ZLIB_H 1
| #define HAVE_LIBZ 1
| #define HAVE_BROTLI_DECODE_H 1
| #define HAVE_BROTLI 1
| #define CURL_DISABLE_LDAP 1
| #define CURL_DISABLE_LDAPS 1
| #define HAVE_LIBSSL 1
| #define HAVE_OPENSSL_X509_H 1
| #define USE_OPENSSL 1
| #define HAVE_OPENSSL_RSA_H 1
| #define USE_OPENSSL 1
| #define HAVE_OPENSSL_CRYPTO_H 1
| #define USE_OPENSSL 1
| #define HAVE_OPENSSL_PEM_H 1
| #define USE_OPENSSL 1
| #define HAVE_OPENSSL_SSL_H 1
| #define USE_OPENSSL 1
| #define HAVE_OPENSSL_ERR_H 1
| #define USE_OPENSSL 1
| #define HAVE_OPENSSL_SRP 1
| #define CURL_CA_FALLBACK 1
| #define HAVE_LIBRTMP_RTMP_H 1
| #define USE_LIBRTMP 1
| #define HAVE_IDN2_H 1
| #define HAVE_NGHTTP2_NGHTTP2_H 1
| #define USE_NGHTTP2 1
| #define HAVE_SYS_TYPES_H 1
| #define HAVE_SYS_TIME_H 1
| #define HAVE_SYS_SELECT_H 1
| #define HAVE_SYS_SOCKET_H 1
| #define HAVE_SYS_IOCTL_H 1
| #define HAVE_SYS_UIO_H 1
| #define HAVE_ASSERT_H 1
| #define HAVE_UNISTD_H 1
| #define HAVE_STDLIB_H 1
| #define HAVE_ARPA_INET_H 1
| #define HAVE_NET_IF_H 1
| #define HAVE_NETINET_IN_H 1
| #define HAVE_SYS_UN_H 1
| #define HAVE_NETINET_TCP_H 1
| #define HAVE_NETINET_UDP_H 1
| #define HAVE_NETDB_H 1
| #define HAVE_SYS_SOCKIO_H 1
| #define HAVE_SYS_STAT_H 1
| #define HAVE_SYS_PARAM_H 1
| #define HAVE_TERMIOS_H 1
| #define HAVE_FCNTL_H 1
| #define HAVE_PWD_H 1
| #define HAVE_UTIME_H 1
| #define HAVE_SYS_POLL_H 1
| #define HAVE_POLL_H 1
| #define HAVE_SYS_RESOURCE_H 1
| #define HAVE_LIBGEN_H 1
| #define HAVE_LOCALE_H 1
| #define HAVE_ERRNO_H 1
| #define HAVE_STDBOOL_H 1
| #define HAVE_ARPA_TFTP_H 1
| #define HAVE_SYS_FILIO_H 1
| #define HAVE_SYS_WAIT_H 1
| #define HAVE_SETJMP_H 1
| #define HAVE_VARIADIC_MACROS_C99 1
| #define HAVE_VARIADIC_MACROS_GCC 1
| #define HAVE_SYS_TYPES_H 1
| #define HAVE_SYS_TIME_H 1
| #define HAVE_SYS_SOCKET_H 1
| #define HAVE_STRUCT_TIMEVAL 1
| #define SIZEOF_SIZE_T 4
| #define SIZEOF_LONG 4
| #define SIZEOF_INT 4
| #define SIZEOF_TIME_T 4
| #define SIZEOF_OFF_T 8
| #define SIZEOF_CURL_OFF_T 8
| #define HAVE_LONGLONG 1
| #define HAVE_BOOL_T 1
| #define CURL_SA_FAMILY_T sa_family_t
| #define HAVE_SUSECONDS_T 1
| #define HAVE_SYS_TYPES_H 1
| #define HAVE_POLL_H 1
| #define HAVE_SYS_POLL_H 1
| #define HAVE_STRUCT_SOCKADDR_STORAGE 1
| #define HAVE_SYS_SELECT_H 1
| #define HAVE_SYS_SOCKET_H 1
| #define SELECT_TYPE_ARG1 int
| #define SELECT_TYPE_ARG234 fd_set *
| #define SELECT_TYPE_RETV int
| #define SELECT_QUAL_ARG5 
| #define SELECT_TYPE_ARG5 struct timeval *
| #define HAVE_SELECT 1
| #define HAVE_SYS_TYPES_H 1
| #define HAVE_SYS_SOCKET_H 1
| #define RECV_TYPE_ARG1 int
| #define RECV_TYPE_ARG2 char *
| #define RECV_TYPE_ARG3 size_t
| #define RECV_TYPE_ARG4 int
| #define RECV_TYPE_RETV int
| #define HAVE_RECV 1
| #define HAVE_SYS_TYPES_H 1
| #define HAVE_SYS_SOCKET_H 1
| #define SEND_TYPE_ARG1 int
| #define SEND_TYPE_ARG3 size_t
| #define SEND_TYPE_ARG4 int
| #define SEND_TYPE_RETV int
| #define SEND_QUAL_ARG2 
| #define SEND_TYPE_ARG2 char *
| #define HAVE_SEND 1
| #define HAVE_SYS_TYPES_H 1
| #define HAVE_SYS_SOCKET_H 1
| #define HAVE_MSG_NOSIGNAL 1
| #define HAVE_SYS_TYPES_H 1
| #define HAVE_UNISTD_H 1
| #define HAVE_ALARM 1
| #define HAVE_SYS_TYPES_H 1
| #define HAVE_STRING_H 1
| #define HAVE_STRINGS_H 1
| #define HAVE_SYS_TYPES_H 1
| #define HAVE_LIBGEN_H 1
| #define HAVE_BASENAME 1
| #define HAVE_SYS_TYPES_H 1
| #define HAVE_SYS_TYPES_H 1
| #define HAVE_SYS_SOCKET_H 1
| #define HAVE_CLOSESOCKET_CAMEL 1
| #define HAVE_CONNECT 1
| #define HAVE_SYS_TYPES_H 1
| #define HAVE_UNISTD_H 1
| #define HAVE_FCNTL_H 1
| #define HAVE_FCNTL 1
| #define HAVE_FCNTL_O_NONBLOCK 1
| #define HAVE_SYS_TYPES_H 1
| #define HAVE_NETDB_H 1
| #define HAVE_FREEADDRINFO 1
| #define HAVE_SYS_TYPES_H 1
| #define HAVE_FTRUNCATE 1
| #define HAVE_SYS_TYPES_H 1
| #define HAVE_STDLIB_H 1
| #define HAVE_GETADDRINFO 1
| #define HAVE_GETADDRINFO_THREADSAFE 1
| #define HAVE_GETHOSTBYNAME 1
| #define HAVE_GETHOSTNAME 1
| #define HAVE_GETPEERNAME 1
| #define HAVE_GETSOCKNAME 1
| #define HAVE_NET_IF_H 1
| #define HAVE_IF_NAMETOINDEX 1
| #define HAVE_SYS_TYPES_H 1
| #define HAVE_SYS_SOCKET_H 1
| #define HAVE_NETINET_IN_H 1
| #define HAVE_IFADDRS_H 1
| #define HAVE_GETIFADDRS 1
| #define HAVE_SYS_TYPES_H 1
| #define HAVE_SYS_TIME_H 1
| #define HAVE_GMTIME_R 1
| #define HAVE_SYS_TYPES_H 1
| #define HAVE_SYS_SOCKET_H 1
| #define HAVE_NETINET_IN_H 1
| #define HAVE_ARPA_INET_H 1
| #define HAVE_INET_NTOP 1
| #define HAVE_INET_PTON 1
| #define HAVE_IOCTLSOCKET_CAMEL 1
| #define HAVE_IOCTLSOCKET_CAMEL_FIONBIO 1
| #define HAVE_POLL_FINE 1
| #define HAVE_SYS_TYPES_H 1
| #define HAVE_SIGNAL_H 1
| #define HAVE_SIGACTION 1
| #define HAVE_SIGNAL 1
| #define HAVE_SYS_TYPES_H 1
| #define HAVE_SETJMP_H 1
| #define HAVE_SIGSETJMP 1
| #define HAVE_SOCKET 1
| #define HAVE_SOCKETPAIR 1
| #define HAVE_STRCASECMP 1
| /* end confdefs.h.  */
| 
| 
| #define strcmpi innocuous_strcmpi
| #ifdef __STDC__
| # include <limits.h>
| #else
| # include <assert.h>
| #endif
| #undef strcmpi
| #ifdef __cplusplus
| extern "C"
| #endif
| char strcmpi ();
| #if defined __stub_strcmpi || defined __stub___strcmpi
| choke me
| #endif
| 
| int main (void)
| {
| return strcmpi ();
|  ;
|  return 0;
| }
| 
configure:42183: result: no
configure:42270: checking if strcmpi might be used
configure:42283: result: no
configure:42295: checking if strdup can be linked
configure:42324: ppc-amigaos-gcc -o conftest -mcrt=clib4 -D__USE_INLINE__ -Werror-implicit-function-declaration -O2 -Wno-system-headers -mcrt=clib4 -D__USE_INLINE__      -mcrt=clib4      conftest.c  -lrtmp -lssl -lcrypto -lssl -lcrypto   -lz -lpthread -latomic -lauto >&5
conftest.c:212:6: warning: conflicting types for built-in function 'strdup'; expected 'char *(const char *)' [-Wbuiltin-declaration-mismatch]
  212 | char strdup ();
      |      ^~~~~~
configure:42324: $? = 0
configure:42327: result: yes
configure:42342: checking if strdup is prototyped
configure:42354: result: yes
configure:42370: checking if strdup is compilable
configure:42389: ppc-amigaos-gcc -c -mcrt=clib4 -D__USE_INLINE__ -Werror-implicit-function-declaration -O2 -Wno-system-headers -mcrt=clib4 -D__USE_INLINE__      conftest.c >&5
configure:42389: $? = 0
configure:42392: result: yes
configure:42407: checking if strdup usage allowed
configure:42410: result: yes
configure:42420: checking if strdup might be used
configure:42426: result: yes
configure:42451: checking if strerror_r can be linked
configure:42480: ppc-amigaos-gcc -o conftest -mcrt=clib4 -D__USE_INLINE__ -Werror-implicit-function-declaration -O2 -Wno-system-headers -mcrt=clib4 -D__USE_INLINE__      -mcrt=clib4      conftest.c  -lrtmp -lssl -lcrypto -lssl -lcrypto   -lz -lpthread -latomic -lauto >&5
configure:42480: $? = 0
configure:42483: result: yes
configure:42498: checking if strerror_r is prototyped
configure:42510: result: yes
configure:42526: checking if strerror_r is compilable
configure:42545: ppc-amigaos-gcc -c -mcrt=clib4 -D__USE_INLINE__ -Werror-implicit-function-declaration -O2 -Wno-system-headers -mcrt=clib4 -D__USE_INLINE__      conftest.c >&5
configure:42545: $? = 0
configure:42548: result: yes
configure:42563: checking if strerror_r is glibc like
configure:42586: ppc-amigaos-gcc -c -mcrt=clib4 -D__USE_INLINE__ -Werror-implicit-function-declaration -O2 -Wno-system-headers -mcrt=clib4 -D__USE_INLINE__      conftest.c >&5
conftest.c:214:19: error: conflicting types for 'strerror_r'; have 'char *(int,  char *, size_t)' {aka 'char *(int,  char *, unsigned int)'}
  214 |             char *strerror_r(int errnum, char *workbuf, size_t bufsize);
      |                   ^~~~~~~~~~
In file included from conftest.c:208:
/usr/ppc-amigaos/SDK/clib4/include/string.h:55:12: note: previous declaration of 'strerror_r' with type 'int(int,  char *, size_t)' {aka 'int(int,  char *, unsigned int)'}
   55 | extern int strerror_r(int error,char * buffer,size_t buffer_size);
      |            ^~~~~~~~~~
configure:42586: $? = 1
configure: failed program was:
| /* confdefs.h */
| #define PACKAGE_NAME "curl"
| #define PACKAGE_TARNAME "curl"
| #define PACKAGE_VERSION "-"
| #define PACKAGE_STRING "curl -"
| #define PACKAGE_BUGREPORT "a suitable curl mailing list: https://curl.se/mail/"
| #define PACKAGE_URL ""
| #define HAVE_STDIO_H 1
| #define HAVE_STDLIB_H 1
| #define HAVE_STRING_H 1
| #define HAVE_INTTYPES_H 1
| #define HAVE_STDINT_H 1
| #define HAVE_STRINGS_H 1
| #define HAVE_SYS_STAT_H 1
| #define HAVE_SYS_TYPES_H 1
| #define HAVE_UNISTD_H 1
| #define STDC_HEADERS 1
| #define HAVE_STDATOMIC_H 1
| #define HAVE_ATOMIC 1
| #define PACKAGE "curl"
| #define VERSION "-"
| #define OS "powerpc-unknown-amigaos"
| #define HAVE_DLFCN_H 1
| #define LT_OBJDIR ".libs/"
| #define HAVE_LDAP_SSL 1
| #define HAVE_PROTO_BSDSOCKET_H 1
| #define HAVE_SYS_TYPES_H 1
| #define HAVE_SYS_TIME_H 1
| #define HAVE_CLOCK_GETTIME_MONOTONIC 1
| #define HAVE_ZLIB_H 1
| #define HAVE_LIBZ 1
| #define HAVE_BROTLI_DECODE_H 1
| #define HAVE_BROTLI 1
| #define CURL_DISABLE_LDAP 1
| #define CURL_DISABLE_LDAPS 1
| #define HAVE_LIBSSL 1
| #define HAVE_OPENSSL_X509_H 1
| #define USE_OPENSSL 1
| #define HAVE_OPENSSL_RSA_H 1
| #define USE_OPENSSL 1
| #define HAVE_OPENSSL_CRYPTO_H 1
| #define USE_OPENSSL 1
| #define HAVE_OPENSSL_PEM_H 1
| #define USE_OPENSSL 1
| #define HAVE_OPENSSL_SSL_H 1
| #define USE_OPENSSL 1
| #define HAVE_OPENSSL_ERR_H 1
| #define USE_OPENSSL 1
| #define HAVE_OPENSSL_SRP 1
| #define CURL_CA_FALLBACK 1
| #define HAVE_LIBRTMP_RTMP_H 1
| #define USE_LIBRTMP 1
| #define HAVE_IDN2_H 1
| #define HAVE_NGHTTP2_NGHTTP2_H 1
| #define USE_NGHTTP2 1
| #define HAVE_SYS_TYPES_H 1
| #define HAVE_SYS_TIME_H 1
| #define HAVE_SYS_SELECT_H 1
| #define HAVE_SYS_SOCKET_H 1
| #define HAVE_SYS_IOCTL_H 1
| #define HAVE_SYS_UIO_H 1
| #define HAVE_ASSERT_H 1
| #define HAVE_UNISTD_H 1
| #define HAVE_STDLIB_H 1
| #define HAVE_ARPA_INET_H 1
| #define HAVE_NET_IF_H 1
| #define HAVE_NETINET_IN_H 1
| #define HAVE_SYS_UN_H 1
| #define HAVE_NETINET_TCP_H 1
| #define HAVE_NETINET_UDP_H 1
| #define HAVE_NETDB_H 1
| #define HAVE_SYS_SOCKIO_H 1
| #define HAVE_SYS_STAT_H 1
| #define HAVE_SYS_PARAM_H 1
| #define HAVE_TERMIOS_H 1
| #define HAVE_FCNTL_H 1
| #define HAVE_PWD_H 1
| #define HAVE_UTIME_H 1
| #define HAVE_SYS_POLL_H 1
| #define HAVE_POLL_H 1
| #define HAVE_SYS_RESOURCE_H 1
| #define HAVE_LIBGEN_H 1
| #define HAVE_LOCALE_H 1
| #define HAVE_ERRNO_H 1
| #define HAVE_STDBOOL_H 1
| #define HAVE_ARPA_TFTP_H 1
| #define HAVE_SYS_FILIO_H 1
| #define HAVE_SYS_WAIT_H 1
| #define HAVE_SETJMP_H 1
| #define HAVE_VARIADIC_MACROS_C99 1
| #define HAVE_VARIADIC_MACROS_GCC 1
| #define HAVE_SYS_TYPES_H 1
| #define HAVE_SYS_TIME_H 1
| #define HAVE_SYS_SOCKET_H 1
| #define HAVE_STRUCT_TIMEVAL 1
| #define SIZEOF_SIZE_T 4
| #define SIZEOF_LONG 4
| #define SIZEOF_INT 4
| #define SIZEOF_TIME_T 4
| #define SIZEOF_OFF_T 8
| #define SIZEOF_CURL_OFF_T 8
| #define HAVE_LONGLONG 1
| #define HAVE_BOOL_T 1
| #define CURL_SA_FAMILY_T sa_family_t
| #define HAVE_SUSECONDS_T 1
| #define HAVE_SYS_TYPES_H 1
| #define HAVE_POLL_H 1
| #define HAVE_SYS_POLL_H 1
| #define HAVE_STRUCT_SOCKADDR_STORAGE 1
| #define HAVE_SYS_SELECT_H 1
| #define HAVE_SYS_SOCKET_H 1
| #define SELECT_TYPE_ARG1 int
| #define SELECT_TYPE_ARG234 fd_set *
| #define SELECT_TYPE_RETV int
| #define SELECT_QUAL_ARG5 
| #define SELECT_TYPE_ARG5 struct timeval *
| #define HAVE_SELECT 1
| #define HAVE_SYS_TYPES_H 1
| #define HAVE_SYS_SOCKET_H 1
| #define RECV_TYPE_ARG1 int
| #define RECV_TYPE_ARG2 char *
| #define RECV_TYPE_ARG3 size_t
| #define RECV_TYPE_ARG4 int
| #define RECV_TYPE_RETV int
| #define HAVE_RECV 1
| #define HAVE_SYS_TYPES_H 1
| #define HAVE_SYS_SOCKET_H 1
| #define SEND_TYPE_ARG1 int
| #define SEND_TYPE_ARG3 size_t
| #define SEND_TYPE_ARG4 int
| #define SEND_TYPE_RETV int
| #define SEND_QUAL_ARG2 
| #define SEND_TYPE_ARG2 char *
| #define HAVE_SEND 1
| #define HAVE_SYS_TYPES_H 1
| #define HAVE_SYS_SOCKET_H 1
| #define HAVE_MSG_NOSIGNAL 1
| #define HAVE_SYS_TYPES_H 1
| #define HAVE_UNISTD_H 1
| #define HAVE_ALARM 1
| #define HAVE_SYS_TYPES_H 1
| #define HAVE_STRING_H 1
| #define HAVE_STRINGS_H 1
| #define HAVE_SYS_TYPES_H 1
| #define HAVE_LIBGEN_H 1
| #define HAVE_BASENAME 1
| #define HAVE_SYS_TYPES_H 1
| #define HAVE_SYS_TYPES_H 1
| #define HAVE_SYS_SOCKET_H 1
| #define HAVE_CLOSESOCKET_CAMEL 1
| #define HAVE_CONNECT 1
| #define HAVE_SYS_TYPES_H 1
| #define HAVE_UNISTD_H 1
| #define HAVE_FCNTL_H 1
| #define HAVE_FCNTL 1
| #define HAVE_FCNTL_O_NONBLOCK 1
| #define HAVE_SYS_TYPES_H 1
| #define HAVE_NETDB_H 1
| #define HAVE_FREEADDRINFO 1
| #define HAVE_SYS_TYPES_H 1
| #define HAVE_FTRUNCATE 1
| #define HAVE_SYS_TYPES_H 1
| #define HAVE_STDLIB_H 1
| #define HAVE_GETADDRINFO 1
| #define HAVE_GETADDRINFO_THREADSAFE 1
| #define HAVE_GETHOSTBYNAME 1
| #define HAVE_GETHOSTNAME 1
| #define HAVE_GETPEERNAME 1
| #define HAVE_GETSOCKNAME 1
| #define HAVE_NET_IF_H 1
| #define HAVE_IF_NAMETOINDEX 1
| #define HAVE_SYS_TYPES_H 1
| #define HAVE_SYS_SOCKET_H 1
| #define HAVE_NETINET_IN_H 1
| #define HAVE_IFADDRS_H 1
| #define HAVE_GETIFADDRS 1
| #define HAVE_SYS_TYPES_H 1
| #define HAVE_SYS_TIME_H 1
| #define HAVE_GMTIME_R 1
| #define HAVE_SYS_TYPES_H 1
| #define HAVE_SYS_SOCKET_H 1
| #define HAVE_NETINET_IN_H 1
| #define HAVE_ARPA_INET_H 1
| #define HAVE_INET_NTOP 1
| #define HAVE_INET_PTON 1
| #define HAVE_IOCTLSOCKET_CAMEL 1
| #define HAVE_IOCTLSOCKET_CAMEL_FIONBIO 1
| #define HAVE_POLL_FINE 1
| #define HAVE_SYS_TYPES_H 1
| #define HAVE_SIGNAL_H 1
| #define HAVE_SIGACTION 1
| #define HAVE_SIGNAL 1
| #define HAVE_SYS_TYPES_H 1
| #define HAVE_SETJMP_H 1
| #define HAVE_SIGSETJMP 1
| #define HAVE_SOCKET 1
| #define HAVE_SOCKETPAIR 1
| #define HAVE_STRCASECMP 1
| #define HAVE_STRDUP 1
| /* end confdefs.h.  */
| 
| 
|             /* includes start */
| #ifdef HAVE_SYS_TYPES_H
| #  include <sys/types.h>
| #endif
| #ifdef HAVE_STRING_H
| #  include <string.h>
| #endif
| #ifdef HAVE_STRINGS_H
| #  include <strings.h>
| #endif
| /* includes end */
|             char *strerror_r(int errnum, char *workbuf, size_t bufsize);
| 
| int main (void)
| {
| 
|             if(0 != strerror_r(0, 0, 0))
|               return 1;
| 
|  ;
|  return 0;
| }
| 
configure:42586: ppc-amigaos-gcc -c -mcrt=clib4 -D__USE_INLINE__ -Werror-implicit-function-declaration -O2 -Wno-system-headers -mcrt=clib4 -D__USE_INLINE__      conftest.c >&5
conftest.c:214:19: error: conflicting types for 'strerror_r'; have 'char *(int,  char *, int)'
  214 |             char *strerror_r(int errnum, char *workbuf, int bufsize);
      |                   ^~~~~~~~~~
In file included from conftest.c:208:
/usr/ppc-amigaos/SDK/clib4/include/string.h:55:12: note: previous declaration of 'strerror_r' with type 'int(int,  char *, size_t)' {aka 'int(int,  char *, unsigned int)'}
   55 | extern int strerror_r(int error,char * buffer,size_t buffer_size);
      |            ^~~~~~~~~~
configure:42586: $? = 1
configure: failed program was:
| /* confdefs.h */
| #define PACKAGE_NAME "curl"
| #define PACKAGE_TARNAME "curl"
| #define PACKAGE_VERSION "-"
| #define PACKAGE_STRING "curl -"
| #define PACKAGE_BUGREPORT "a suitable curl mailing list: https://curl.se/mail/"
| #define PACKAGE_URL ""
| #define HAVE_STDIO_H 1
| #define HAVE_STDLIB_H 1
| #define HAVE_STRING_H 1
| #define HAVE_INTTYPES_H 1
| #define HAVE_STDINT_H 1
| #define HAVE_STRINGS_H 1
| #define HAVE_SYS_STAT_H 1
| #define HAVE_SYS_TYPES_H 1
| #define HAVE_UNISTD_H 1
| #define STDC_HEADERS 1
| #define HAVE_STDATOMIC_H 1
| #define HAVE_ATOMIC 1
| #define PACKAGE "curl"
| #define VERSION "-"
| #define OS "powerpc-unknown-amigaos"
| #define HAVE_DLFCN_H 1
| #define LT_OBJDIR ".libs/"
| #define HAVE_LDAP_SSL 1
| #define HAVE_PROTO_BSDSOCKET_H 1
| #define HAVE_SYS_TYPES_H 1
| #define HAVE_SYS_TIME_H 1
| #define HAVE_CLOCK_GETTIME_MONOTONIC 1
| #define HAVE_ZLIB_H 1
| #define HAVE_LIBZ 1
| #define HAVE_BROTLI_DECODE_H 1
| #define HAVE_BROTLI 1
| #define CURL_DISABLE_LDAP 1
| #define CURL_DISABLE_LDAPS 1
| #define HAVE_LIBSSL 1
| #define HAVE_OPENSSL_X509_H 1
| #define USE_OPENSSL 1
| #define HAVE_OPENSSL_RSA_H 1
| #define USE_OPENSSL 1
| #define HAVE_OPENSSL_CRYPTO_H 1
| #define USE_OPENSSL 1
| #define HAVE_OPENSSL_PEM_H 1
| #define USE_OPENSSL 1
| #define HAVE_OPENSSL_SSL_H 1
| #define USE_OPENSSL 1
| #define HAVE_OPENSSL_ERR_H 1
| #define USE_OPENSSL 1
| #define HAVE_OPENSSL_SRP 1
| #define CURL_CA_FALLBACK 1
| #define HAVE_LIBRTMP_RTMP_H 1
| #define USE_LIBRTMP 1
| #define HAVE_IDN2_H 1
| #define HAVE_NGHTTP2_NGHTTP2_H 1
| #define USE_NGHTTP2 1
| #define HAVE_SYS_TYPES_H 1
| #define HAVE_SYS_TIME_H 1
| #define HAVE_SYS_SELECT_H 1
| #define HAVE_SYS_SOCKET_H 1
| #define HAVE_SYS_IOCTL_H 1
| #define HAVE_SYS_UIO_H 1
| #define HAVE_ASSERT_H 1
| #define HAVE_UNISTD_H 1
| #define HAVE_STDLIB_H 1
| #define HAVE_ARPA_INET_H 1
| #define HAVE_NET_IF_H 1
| #define HAVE_NETINET_IN_H 1
| #define HAVE_SYS_UN_H 1
| #define HAVE_NETINET_TCP_H 1
| #define HAVE_NETINET_UDP_H 1
| #define HAVE_NETDB_H 1
| #define HAVE_SYS_SOCKIO_H 1
| #define HAVE_SYS_STAT_H 1
| #define HAVE_SYS_PARAM_H 1
| #define HAVE_TERMIOS_H 1
| #define HAVE_FCNTL_H 1
| #define HAVE_PWD_H 1
| #define HAVE_UTIME_H 1
| #define HAVE_SYS_POLL_H 1
| #define HAVE_POLL_H 1
| #define HAVE_SYS_RESOURCE_H 1
| #define HAVE_LIBGEN_H 1
| #define HAVE_LOCALE_H 1
| #define HAVE_ERRNO_H 1
| #define HAVE_STDBOOL_H 1
| #define HAVE_ARPA_TFTP_H 1
| #define HAVE_SYS_FILIO_H 1
| #define HAVE_SYS_WAIT_H 1
| #define HAVE_SETJMP_H 1
| #define HAVE_VARIADIC_MACROS_C99 1
| #define HAVE_VARIADIC_MACROS_GCC 1
| #define HAVE_SYS_TYPES_H 1
| #define HAVE_SYS_TIME_H 1
| #define HAVE_SYS_SOCKET_H 1
| #define HAVE_STRUCT_TIMEVAL 1
| #define SIZEOF_SIZE_T 4
| #define SIZEOF_LONG 4
| #define SIZEOF_INT 4
| #define SIZEOF_TIME_T 4
| #define SIZEOF_OFF_T 8
| #define SIZEOF_CURL_OFF_T 8
| #define HAVE_LONGLONG 1
| #define HAVE_BOOL_T 1
| #define CURL_SA_FAMILY_T sa_family_t
| #define HAVE_SUSECONDS_T 1
| #define HAVE_SYS_TYPES_H 1
| #define HAVE_POLL_H 1
| #define HAVE_SYS_POLL_H 1
| #define HAVE_STRUCT_SOCKADDR_STORAGE 1
| #define HAVE_SYS_SELECT_H 1
| #define HAVE_SYS_SOCKET_H 1
| #define SELECT_TYPE_ARG1 int
| #define SELECT_TYPE_ARG234 fd_set *
| #define SELECT_TYPE_RETV int
| #define SELECT_QUAL_ARG5 
| #define SELECT_TYPE_ARG5 struct timeval *
| #define HAVE_SELECT 1
| #define HAVE_SYS_TYPES_H 1
| #define HAVE_SYS_SOCKET_H 1
| #define RECV_TYPE_ARG1 int
| #define RECV_TYPE_ARG2 char *
| #define RECV_TYPE_ARG3 size_t
| #define RECV_TYPE_ARG4 int
| #define RECV_TYPE_RETV int
| #define HAVE_RECV 1
| #define HAVE_SYS_TYPES_H 1
| #define HAVE_SYS_SOCKET_H 1
| #define SEND_TYPE_ARG1 int
| #define SEND_TYPE_ARG3 size_t
| #define SEND_TYPE_ARG4 int
| #define SEND_TYPE_RETV int
| #define SEND_QUAL_ARG2 
| #define SEND_TYPE_ARG2 char *
| #define HAVE_SEND 1
| #define HAVE_SYS_TYPES_H 1
| #define HAVE_SYS_SOCKET_H 1
| #define HAVE_MSG_NOSIGNAL 1
| #define HAVE_SYS_TYPES_H 1
| #define HAVE_UNISTD_H 1
| #define HAVE_ALARM 1
| #define HAVE_SYS_TYPES_H 1
| #define HAVE_STRING_H 1
| #define HAVE_STRINGS_H 1
| #define HAVE_SYS_TYPES_H 1
| #define HAVE_LIBGEN_H 1
| #define HAVE_BASENAME 1
| #define HAVE_SYS_TYPES_H 1
| #define HAVE_SYS_TYPES_H 1
| #define HAVE_SYS_SOCKET_H 1
| #define HAVE_CLOSESOCKET_CAMEL 1
| #define HAVE_CONNECT 1
| #define HAVE_SYS_TYPES_H 1
| #define HAVE_UNISTD_H 1
| #define HAVE_FCNTL_H 1
| #define HAVE_FCNTL 1
| #define HAVE_FCNTL_O_NONBLOCK 1
| #define HAVE_SYS_TYPES_H 1
| #define HAVE_NETDB_H 1
| #define HAVE_FREEADDRINFO 1
| #define HAVE_SYS_TYPES_H 1
| #define HAVE_FTRUNCATE 1
| #define HAVE_SYS_TYPES_H 1
| #define HAVE_STDLIB_H 1
| #define HAVE_GETADDRINFO 1
| #define HAVE_GETADDRINFO_THREADSAFE 1
| #define HAVE_GETHOSTBYNAME 1
| #define HAVE_GETHOSTNAME 1
| #define HAVE_GETPEERNAME 1
| #define HAVE_GETSOCKNAME 1
| #define HAVE_NET_IF_H 1
| #define HAVE_IF_NAMETOINDEX 1
| #define HAVE_SYS_TYPES_H 1
| #define HAVE_SYS_SOCKET_H 1
| #define HAVE_NETINET_IN_H 1
| #define HAVE_IFADDRS_H 1
| #define HAVE_GETIFADDRS 1
| #define HAVE_SYS_TYPES_H 1
| #define HAVE_SYS_TIME_H 1
| #define HAVE_GMTIME_R 1
| #define HAVE_SYS_TYPES_H 1
| #define HAVE_SYS_SOCKET_H 1
| #define HAVE_NETINET_IN_H 1
| #define HAVE_ARPA_INET_H 1
| #define HAVE_INET_NTOP 1
| #define HAVE_INET_PTON 1
| #define HAVE_IOCTLSOCKET_CAMEL 1
| #define HAVE_IOCTLSOCKET_CAMEL_FIONBIO 1
| #define HAVE_POLL_FINE 1
| #define HAVE_SYS_TYPES_H 1
| #define HAVE_SIGNAL_H 1
| #define HAVE_SIGACTION 1
| #define HAVE_SIGNAL 1
| #define HAVE_SYS_TYPES_H 1
| #define HAVE_SETJMP_H 1
| #define HAVE_SIGSETJMP 1
| #define HAVE_SOCKET 1
| #define HAVE_SOCKETPAIR 1
| #define HAVE_STRCASECMP 1
| #define HAVE_STRDUP 1
| /* end confdefs.h.  */
| 
| 
|             /* includes start */
| #ifdef HAVE_SYS_TYPES_H
| #  include <sys/types.h>
| #endif
| #ifdef HAVE_STRING_H
| #  include <string.h>
| #endif
| #ifdef HAVE_STRINGS_H
| #  include <strings.h>
| #endif
| /* includes end */
|             char *strerror_r(int errnum, char *workbuf, int bufsize);
| 
| int main (void)
| {
| 
|             if(0 != strerror_r(0, 0, 0))
|               return 1;
| 
|  ;
|  return 0;
| }
| 
configure:42586: ppc-amigaos-gcc -c -mcrt=clib4 -D__USE_INLINE__ -Werror-implicit-function-declaration -O2 -Wno-system-headers -mcrt=clib4 -D__USE_INLINE__      conftest.c >&5
conftest.c:214:19: error: conflicting types for 'strerror_r'; have 'char *(int,  char *, unsigned int)'
  214 |             char *strerror_r(int errnum, char *workbuf, unsigned int bufsize);
      |                   ^~~~~~~~~~
In file included from conftest.c:208:
/usr/ppc-amigaos/SDK/clib4/include/string.h:55:12: note: previous declaration of 'strerror_r' with type 'int(int,  char *, size_t)' {aka 'int(int,  char *, unsigned int)'}
   55 | extern int strerror_r(int error,char * buffer,size_t buffer_size);
      |            ^~~~~~~~~~
configure:42586: $? = 1
configure: failed program was:
| /* confdefs.h */
| #define PACKAGE_NAME "curl"
| #define PACKAGE_TARNAME "curl"
| #define PACKAGE_VERSION "-"
| #define PACKAGE_STRING "curl -"
| #define PACKAGE_BUGREPORT "a suitable curl mailing list: https://curl.se/mail/"
| #define PACKAGE_URL ""
| #define HAVE_STDIO_H 1
| #define HAVE_STDLIB_H 1
| #define HAVE_STRING_H 1
| #define HAVE_INTTYPES_H 1
| #define HAVE_STDINT_H 1
| #define HAVE_STRINGS_H 1
| #define HAVE_SYS_STAT_H 1
| #define HAVE_SYS_TYPES_H 1
| #define HAVE_UNISTD_H 1
| #define STDC_HEADERS 1
| #define HAVE_STDATOMIC_H 1
| #define HAVE_ATOMIC 1
| #define PACKAGE "curl"
| #define VERSION "-"
| #define OS "powerpc-unknown-amigaos"
| #define HAVE_DLFCN_H 1
| #define LT_OBJDIR ".libs/"
| #define HAVE_LDAP_SSL 1
| #define HAVE_PROTO_BSDSOCKET_H 1
| #define HAVE_SYS_TYPES_H 1
| #define HAVE_SYS_TIME_H 1
| #define HAVE_CLOCK_GETTIME_MONOTONIC 1
| #define HAVE_ZLIB_H 1
| #define HAVE_LIBZ 1
| #define HAVE_BROTLI_DECODE_H 1
| #define HAVE_BROTLI 1
| #define CURL_DISABLE_LDAP 1
| #define CURL_DISABLE_LDAPS 1
| #define HAVE_LIBSSL 1
| #define HAVE_OPENSSL_X509_H 1
| #define USE_OPENSSL 1
| #define HAVE_OPENSSL_RSA_H 1
| #define USE_OPENSSL 1
| #define HAVE_OPENSSL_CRYPTO_H 1
| #define USE_OPENSSL 1
| #define HAVE_OPENSSL_PEM_H 1
| #define USE_OPENSSL 1
| #define HAVE_OPENSSL_SSL_H 1
| #define USE_OPENSSL 1
| #define HAVE_OPENSSL_ERR_H 1
| #define USE_OPENSSL 1
| #define HAVE_OPENSSL_SRP 1
| #define CURL_CA_FALLBACK 1
| #define HAVE_LIBRTMP_RTMP_H 1
| #define USE_LIBRTMP 1
| #define HAVE_IDN2_H 1
| #define HAVE_NGHTTP2_NGHTTP2_H 1
| #define USE_NGHTTP2 1
| #define HAVE_SYS_TYPES_H 1
| #define HAVE_SYS_TIME_H 1
| #define HAVE_SYS_SELECT_H 1
| #define HAVE_SYS_SOCKET_H 1
| #define HAVE_SYS_IOCTL_H 1
| #define HAVE_SYS_UIO_H 1
| #define HAVE_ASSERT_H 1
| #define HAVE_UNISTD_H 1
| #define HAVE_STDLIB_H 1
| #define HAVE_ARPA_INET_H 1
| #define HAVE_NET_IF_H 1
| #define HAVE_NETINET_IN_H 1
| #define HAVE_SYS_UN_H 1
| #define HAVE_NETINET_TCP_H 1
| #define HAVE_NETINET_UDP_H 1
| #define HAVE_NETDB_H 1
| #define HAVE_SYS_SOCKIO_H 1
| #define HAVE_SYS_STAT_H 1
| #define HAVE_SYS_PARAM_H 1
| #define HAVE_TERMIOS_H 1
| #define HAVE_FCNTL_H 1
| #define HAVE_PWD_H 1
| #define HAVE_UTIME_H 1
| #define HAVE_SYS_POLL_H 1
| #define HAVE_POLL_H 1
| #define HAVE_SYS_RESOURCE_H 1
| #define HAVE_LIBGEN_H 1
| #define HAVE_LOCALE_H 1
| #define HAVE_ERRNO_H 1
| #define HAVE_STDBOOL_H 1
| #define HAVE_ARPA_TFTP_H 1
| #define HAVE_SYS_FILIO_H 1
| #define HAVE_SYS_WAIT_H 1
| #define HAVE_SETJMP_H 1
| #define HAVE_VARIADIC_MACROS_C99 1
| #define HAVE_VARIADIC_MACROS_GCC 1
| #define HAVE_SYS_TYPES_H 1
| #define HAVE_SYS_TIME_H 1
| #define HAVE_SYS_SOCKET_H 1
| #define HAVE_STRUCT_TIMEVAL 1
| #define SIZEOF_SIZE_T 4
| #define SIZEOF_LONG 4
| #define SIZEOF_INT 4
| #define SIZEOF_TIME_T 4
| #define SIZEOF_OFF_T 8
| #define SIZEOF_CURL_OFF_T 8
| #define HAVE_LONGLONG 1
| #define HAVE_BOOL_T 1
| #define CURL_SA_FAMILY_T sa_family_t
| #define HAVE_SUSECONDS_T 1
| #define HAVE_SYS_TYPES_H 1
| #define HAVE_POLL_H 1
| #define HAVE_SYS_POLL_H 1
| #define HAVE_STRUCT_SOCKADDR_STORAGE 1
| #define HAVE_SYS_SELECT_H 1
| #define HAVE_SYS_SOCKET_H 1
| #define SELECT_TYPE_ARG1 int
| #define SELECT_TYPE_ARG234 fd_set *
| #define SELECT_TYPE_RETV int
| #define SELECT_QUAL_ARG5 
| #define SELECT_TYPE_ARG5 struct timeval *
| #define HAVE_SELECT 1
| #define HAVE_SYS_TYPES_H 1
| #define HAVE_SYS_SOCKET_H 1
| #define RECV_TYPE_ARG1 int
| #define RECV_TYPE_ARG2 char *
| #define RECV_TYPE_ARG3 size_t
| #define RECV_TYPE_ARG4 int
| #define RECV_TYPE_RETV int
| #define HAVE_RECV 1
| #define HAVE_SYS_TYPES_H 1
| #define HAVE_SYS_SOCKET_H 1
| #define SEND_TYPE_ARG1 int
| #define SEND_TYPE_ARG3 size_t
| #define SEND_TYPE_ARG4 int
| #define SEND_TYPE_RETV int
| #define SEND_QUAL_ARG2 
| #define SEND_TYPE_ARG2 char *
| #define HAVE_SEND 1
| #define HAVE_SYS_TYPES_H 1
| #define HAVE_SYS_SOCKET_H 1
| #define HAVE_MSG_NOSIGNAL 1
| #define HAVE_SYS_TYPES_H 1
| #define HAVE_UNISTD_H 1
| #define HAVE_ALARM 1
| #define HAVE_SYS_TYPES_H 1
| #define HAVE_STRING_H 1
| #define HAVE_STRINGS_H 1
| #define HAVE_SYS_TYPES_H 1
| #define HAVE_LIBGEN_H 1
| #define HAVE_BASENAME 1
| #define HAVE_SYS_TYPES_H 1
| #define HAVE_SYS_TYPES_H 1
| #define HAVE_SYS_SOCKET_H 1
| #define HAVE_CLOSESOCKET_CAMEL 1
| #define HAVE_CONNECT 1
| #define HAVE_SYS_TYPES_H 1
| #define HAVE_UNISTD_H 1
| #define HAVE_FCNTL_H 1
| #define HAVE_FCNTL 1
| #define HAVE_FCNTL_O_NONBLOCK 1
| #define HAVE_SYS_TYPES_H 1
| #define HAVE_NETDB_H 1
| #define HAVE_FREEADDRINFO 1
| #define HAVE_SYS_TYPES_H 1
| #define HAVE_FTRUNCATE 1
| #define HAVE_SYS_TYPES_H 1
| #define HAVE_STDLIB_H 1
| #define HAVE_GETADDRINFO 1
| #define HAVE_GETADDRINFO_THREADSAFE 1
| #define HAVE_GETHOSTBYNAME 1
| #define HAVE_GETHOSTNAME 1
| #define HAVE_GETPEERNAME 1
| #define HAVE_GETSOCKNAME 1
| #define HAVE_NET_IF_H 1
| #define HAVE_IF_NAMETOINDEX 1
| #define HAVE_SYS_TYPES_H 1
| #define HAVE_SYS_SOCKET_H 1
| #define HAVE_NETINET_IN_H 1
| #define HAVE_IFADDRS_H 1
| #define HAVE_GETIFADDRS 1
| #define HAVE_SYS_TYPES_H 1
| #define HAVE_SYS_TIME_H 1
| #define HAVE_GMTIME_R 1
| #define HAVE_SYS_TYPES_H 1
| #define HAVE_SYS_SOCKET_H 1
| #define HAVE_NETINET_IN_H 1
| #define HAVE_ARPA_INET_H 1
| #define HAVE_INET_NTOP 1
| #define HAVE_INET_PTON 1
| #define HAVE_IOCTLSOCKET_CAMEL 1
| #define HAVE_IOCTLSOCKET_CAMEL_FIONBIO 1
| #define HAVE_POLL_FINE 1
| #define HAVE_SYS_TYPES_H 1
| #define HAVE_SIGNAL_H 1
| #define HAVE_SIGACTION 1
| #define HAVE_SIGNAL 1
| #define HAVE_SYS_TYPES_H 1
| #define HAVE_SETJMP_H 1
| #define HAVE_SIGSETJMP 1
| #define HAVE_SOCKET 1
| #define HAVE_SOCKETPAIR 1
| #define HAVE_STRCASECMP 1
| #define HAVE_STRDUP 1
| /* end confdefs.h.  */
| 
| 
|             /* includes start */
| #ifdef HAVE_SYS_TYPES_H
| #  include <sys/types.h>
| #endif
| #ifdef HAVE_STRING_H
| #  include <string.h>
| #endif
| #ifdef HAVE_STRINGS_H
| #  include <strings.h>
| #endif
| /* includes end */
|             char *strerror_r(int errnum, char *workbuf, unsigned int bufsize);
| 
| int main (void)
| {
| 
|             if(0 != strerror_r(0, 0, 0))
|               return 1;
| 
|  ;
|  return 0;
| }
| 
configure:42597: result: no
configure:42729: checking if strerror_r is POSIX like
configure:42752: ppc-amigaos-gcc -c -mcrt=clib4 -D__USE_INLINE__ -Werror-implicit-function-declaration -O2 -Wno-system-headers -mcrt=clib4 -D__USE_INLINE__      conftest.c >&5
configure:42752: $? = 0
configure:42768: result: yes
configure:42910: checking if strerror_r usage allowed
configure:42913: result: yes
configure:42923: checking if strerror_r might be used
configure:42929: result: yes
configure:42968: checking if stricmp can be linked
configure:42997: ppc-amigaos-gcc -o conftest -mcrt=clib4 -D__USE_INLINE__ -Werror-implicit-function-declaration -O2 -Wno-system-headers -mcrt=clib4 -D__USE_INLINE__      -mcrt=clib4      conftest.c  -lrtmp -lssl -lcrypto -lssl -lcrypto   -lz -lpthread -latomic -lauto >&5
/tmp/ccIOXByg.o: In function `main':
conftest.c:(.text.startup+0xc): undefined reference to `stricmp'
collect2: error: ld returned 1 exit status
configure:42997: $? = 1
configure: failed program was:
| /* confdefs.h */
| #define PACKAGE_NAME "curl"
| #define PACKAGE_TARNAME "curl"
| #define PACKAGE_VERSION "-"
| #define PACKAGE_STRING "curl -"
| #define PACKAGE_BUGREPORT "a suitable curl mailing list: https://curl.se/mail/"
| #define PACKAGE_URL ""
| #define HAVE_STDIO_H 1
| #define HAVE_STDLIB_H 1
| #define HAVE_STRING_H 1
| #define HAVE_INTTYPES_H 1
| #define HAVE_STDINT_H 1
| #define HAVE_STRINGS_H 1
| #define HAVE_SYS_STAT_H 1
| #define HAVE_SYS_TYPES_H 1
| #define HAVE_UNISTD_H 1
| #define STDC_HEADERS 1
| #define HAVE_STDATOMIC_H 1
| #define HAVE_ATOMIC 1
| #define PACKAGE "curl"
| #define VERSION "-"
| #define OS "powerpc-unknown-amigaos"
| #define HAVE_DLFCN_H 1
| #define LT_OBJDIR ".libs/"
| #define HAVE_LDAP_SSL 1
| #define HAVE_PROTO_BSDSOCKET_H 1
| #define HAVE_SYS_TYPES_H 1
| #define HAVE_SYS_TIME_H 1
| #define HAVE_CLOCK_GETTIME_MONOTONIC 1
| #define HAVE_ZLIB_H 1
| #define HAVE_LIBZ 1
| #define HAVE_BROTLI_DECODE_H 1
| #define HAVE_BROTLI 1
| #define CURL_DISABLE_LDAP 1
| #define CURL_DISABLE_LDAPS 1
| #define HAVE_LIBSSL 1
| #define HAVE_OPENSSL_X509_H 1
| #define USE_OPENSSL 1
| #define HAVE_OPENSSL_RSA_H 1
| #define USE_OPENSSL 1
| #define HAVE_OPENSSL_CRYPTO_H 1
| #define USE_OPENSSL 1
| #define HAVE_OPENSSL_PEM_H 1
| #define USE_OPENSSL 1
| #define HAVE_OPENSSL_SSL_H 1
| #define USE_OPENSSL 1
| #define HAVE_OPENSSL_ERR_H 1
| #define USE_OPENSSL 1
| #define HAVE_OPENSSL_SRP 1
| #define CURL_CA_FALLBACK 1
| #define HAVE_LIBRTMP_RTMP_H 1
| #define USE_LIBRTMP 1
| #define HAVE_IDN2_H 1
| #define HAVE_NGHTTP2_NGHTTP2_H 1
| #define USE_NGHTTP2 1
| #define HAVE_SYS_TYPES_H 1
| #define HAVE_SYS_TIME_H 1
| #define HAVE_SYS_SELECT_H 1
| #define HAVE_SYS_SOCKET_H 1
| #define HAVE_SYS_IOCTL_H 1
| #define HAVE_SYS_UIO_H 1
| #define HAVE_ASSERT_H 1
| #define HAVE_UNISTD_H 1
| #define HAVE_STDLIB_H 1
| #define HAVE_ARPA_INET_H 1
| #define HAVE_NET_IF_H 1
| #define HAVE_NETINET_IN_H 1
| #define HAVE_SYS_UN_H 1
| #define HAVE_NETINET_TCP_H 1
| #define HAVE_NETINET_UDP_H 1
| #define HAVE_NETDB_H 1
| #define HAVE_SYS_SOCKIO_H 1
| #define HAVE_SYS_STAT_H 1
| #define HAVE_SYS_PARAM_H 1
| #define HAVE_TERMIOS_H 1
| #define HAVE_FCNTL_H 1
| #define HAVE_PWD_H 1
| #define HAVE_UTIME_H 1
| #define HAVE_SYS_POLL_H 1
| #define HAVE_POLL_H 1
| #define HAVE_SYS_RESOURCE_H 1
| #define HAVE_LIBGEN_H 1
| #define HAVE_LOCALE_H 1
| #define HAVE_ERRNO_H 1
| #define HAVE_STDBOOL_H 1
| #define HAVE_ARPA_TFTP_H 1
| #define HAVE_SYS_FILIO_H 1
| #define HAVE_SYS_WAIT_H 1
| #define HAVE_SETJMP_H 1
| #define HAVE_VARIADIC_MACROS_C99 1
| #define HAVE_VARIADIC_MACROS_GCC 1
| #define HAVE_SYS_TYPES_H 1
| #define HAVE_SYS_TIME_H 1
| #define HAVE_SYS_SOCKET_H 1
| #define HAVE_STRUCT_TIMEVAL 1
| #define SIZEOF_SIZE_T 4
| #define SIZEOF_LONG 4
| #define SIZEOF_INT 4
| #define SIZEOF_TIME_T 4
| #define SIZEOF_OFF_T 8
| #define SIZEOF_CURL_OFF_T 8
| #define HAVE_LONGLONG 1
| #define HAVE_BOOL_T 1
| #define CURL_SA_FAMILY_T sa_family_t
| #define HAVE_SUSECONDS_T 1
| #define HAVE_SYS_TYPES_H 1
| #define HAVE_POLL_H 1
| #define HAVE_SYS_POLL_H 1
| #define HAVE_STRUCT_SOCKADDR_STORAGE 1
| #define HAVE_SYS_SELECT_H 1
| #define HAVE_SYS_SOCKET_H 1
| #define SELECT_TYPE_ARG1 int
| #define SELECT_TYPE_ARG234 fd_set *
| #define SELECT_TYPE_RETV int
| #define SELECT_QUAL_ARG5 
| #define SELECT_TYPE_ARG5 struct timeval *
| #define HAVE_SELECT 1
| #define HAVE_SYS_TYPES_H 1
| #define HAVE_SYS_SOCKET_H 1
| #define RECV_TYPE_ARG1 int
| #define RECV_TYPE_ARG2 char *
| #define RECV_TYPE_ARG3 size_t
| #define RECV_TYPE_ARG4 int
| #define RECV_TYPE_RETV int
| #define HAVE_RECV 1
| #define HAVE_SYS_TYPES_H 1
| #define HAVE_SYS_SOCKET_H 1
| #define SEND_TYPE_ARG1 int
| #define SEND_TYPE_ARG3 size_t
| #define SEND_TYPE_ARG4 int
| #define SEND_TYPE_RETV int
| #define SEND_QUAL_ARG2 
| #define SEND_TYPE_ARG2 char *
| #define HAVE_SEND 1
| #define HAVE_SYS_TYPES_H 1
| #define HAVE_SYS_SOCKET_H 1
| #define HAVE_MSG_NOSIGNAL 1
| #define HAVE_SYS_TYPES_H 1
| #define HAVE_UNISTD_H 1
| #define HAVE_ALARM 1
| #define HAVE_SYS_TYPES_H 1
| #define HAVE_STRING_H 1
| #define HAVE_STRINGS_H 1
| #define HAVE_SYS_TYPES_H 1
| #define HAVE_LIBGEN_H 1
| #define HAVE_BASENAME 1
| #define HAVE_SYS_TYPES_H 1
| #define HAVE_SYS_TYPES_H 1
| #define HAVE_SYS_SOCKET_H 1
| #define HAVE_CLOSESOCKET_CAMEL 1
| #define HAVE_CONNECT 1
| #define HAVE_SYS_TYPES_H 1
| #define HAVE_UNISTD_H 1
| #define HAVE_FCNTL_H 1
| #define HAVE_FCNTL 1
| #define HAVE_FCNTL_O_NONBLOCK 1
| #define HAVE_SYS_TYPES_H 1
| #define HAVE_NETDB_H 1
| #define HAVE_FREEADDRINFO 1
| #define HAVE_SYS_TYPES_H 1
| #define HAVE_FTRUNCATE 1
| #define HAVE_SYS_TYPES_H 1
| #define HAVE_STDLIB_H 1
| #define HAVE_GETADDRINFO 1
| #define HAVE_GETADDRINFO_THREADSAFE 1
| #define HAVE_GETHOSTBYNAME 1
| #define HAVE_GETHOSTNAME 1
| #define HAVE_GETPEERNAME 1
| #define HAVE_GETSOCKNAME 1
| #define HAVE_NET_IF_H 1
| #define HAVE_IF_NAMETOINDEX 1
| #define HAVE_SYS_TYPES_H 1
| #define HAVE_SYS_SOCKET_H 1
| #define HAVE_NETINET_IN_H 1
| #define HAVE_IFADDRS_H 1
| #define HAVE_GETIFADDRS 1
| #define HAVE_SYS_TYPES_H 1
| #define HAVE_SYS_TIME_H 1
| #define HAVE_GMTIME_R 1
| #define HAVE_SYS_TYPES_H 1
| #define HAVE_SYS_SOCKET_H 1
| #define HAVE_NETINET_IN_H 1
| #define HAVE_ARPA_INET_H 1
| #define HAVE_INET_NTOP 1
| #define HAVE_INET_PTON 1
| #define HAVE_IOCTLSOCKET_CAMEL 1
| #define HAVE_IOCTLSOCKET_CAMEL_FIONBIO 1
| #define HAVE_POLL_FINE 1
| #define HAVE_SYS_TYPES_H 1
| #define HAVE_SIGNAL_H 1
| #define HAVE_SIGACTION 1
| #define HAVE_SIGNAL 1
| #define HAVE_SYS_TYPES_H 1
| #define HAVE_SETJMP_H 1
| #define HAVE_SIGSETJMP 1
| #define HAVE_SOCKET 1
| #define HAVE_SOCKETPAIR 1
| #define HAVE_STRCASECMP 1
| #define HAVE_STRDUP 1
| #define HAVE_STRERROR_R 1
| #define HAVE_POSIX_STRERROR_R 1
| /* end confdefs.h.  */
| 
| 
| #define stricmp innocuous_stricmp
| #ifdef __STDC__
| # include <limits.h>
| #else
| # include <assert.h>
| #endif
| #undef stricmp
| #ifdef __cplusplus
| extern "C"
| #endif
| char stricmp ();
| #if defined __stub_stricmp || defined __stub___stricmp
| choke me
| #endif
| 
| int main (void)
| {
| return stricmp ();
|  ;
|  return 0;
| }
| 
configure:43006: result: no
configure:43093: checking if stricmp might be used
configure:43106: result: no
configure:43118: checking if strtok_r can be linked
configure:43147: ppc-amigaos-gcc -o conftest -mcrt=clib4 -D__USE_INLINE__ -Werror-implicit-function-declaration -O2 -Wno-system-headers -mcrt=clib4 -D__USE_INLINE__      -mcrt=clib4      conftest.c  -lrtmp -lssl -lcrypto -lssl -lcrypto   -lz -lpthread -latomic -lauto >&5
configure:43147: $? = 0
configure:43150: result: yes
configure:43165: checking if strtok_r is prototyped
configure:43177: result: yes
configure:43193: checking if strtok_r is compilable
configure:43212: ppc-amigaos-gcc -c -mcrt=clib4 -D__USE_INLINE__ -Werror-implicit-function-declaration -O2 -Wno-system-headers -mcrt=clib4 -D__USE_INLINE__      conftest.c >&5
configure:43212: $? = 0
configure:43215: result: yes
configure:43230: checking if strtok_r usage allowed
configure:43233: result: yes
configure:43243: checking if strtok_r might be used
configure:43249: result: yes
configure:43268: checking if strtoll can be linked
configure:43297: ppc-amigaos-gcc -o conftest -mcrt=clib4 -D__USE_INLINE__ -Werror-implicit-function-declaration -O2 -Wno-system-headers -mcrt=clib4 -D__USE_INLINE__      -mcrt=clib4      conftest.c  -lrtmp -lssl -lcrypto -lssl -lcrypto   -lz -lpthread -latomic -lauto >&5
configure:43297: $? = 0
configure:43300: result: yes
configure:43315: checking if strtoll is prototyped
configure:43327: result: yes
configure:43343: checking if strtoll is compilable
configure:43362: ppc-amigaos-gcc -c -mcrt=clib4 -D__USE_INLINE__ -Werror-implicit-function-declaration -O2 -Wno-system-headers -mcrt=clib4 -D__USE_INLINE__      conftest.c >&5
configure:43362: $? = 0
configure:43365: result: yes
configure:43380: checking if strtoll usage allowed
configure:43383: result: yes
configure:43393: checking if strtoll might be used
configure:43399: result: yes
configure:43421: checking for ppc-amigaos-gcc options needed to detect all undeclared functions
configure:43442: ppc-amigaos-gcc -c -mcrt=clib4 -D__USE_INLINE__ -Werror-implicit-function-declaration -O2 -Wno-system-headers  -mcrt=clib4 -D__USE_INLINE__      conftest.c >&5
conftest.c: In function 'main':
conftest.c:208:8: error: 'strchr' undeclared (first use in this function)
  208 | (void) strchr;
      |        ^~~~~~
conftest.c:1:1: note: 'strchr' is defined in header '<string.h>'; did you forget to '#include <string.h>'?
    1 | /* confdefs.h */
conftest.c:208:8: note: each undeclared identifier is reported only once for each function it appears in
  208 | (void) strchr;
      |        ^~~~~~
configure:43442: $? = 1
configure: failed program was:
| /* confdefs.h */
| #define PACKAGE_NAME "curl"
| #define PACKAGE_TARNAME "curl"
| #define PACKAGE_VERSION "-"
| #define PACKAGE_STRING "curl -"
| #define PACKAGE_BUGREPORT "a suitable curl mailing list: https://curl.se/mail/"
| #define PACKAGE_URL ""
| #define HAVE_STDIO_H 1
| #define HAVE_STDLIB_H 1
| #define HAVE_STRING_H 1
| #define HAVE_INTTYPES_H 1
| #define HAVE_STDINT_H 1
| #define HAVE_STRINGS_H 1
| #define HAVE_SYS_STAT_H 1
| #define HAVE_SYS_TYPES_H 1
| #define HAVE_UNISTD_H 1
| #define STDC_HEADERS 1
| #define HAVE_STDATOMIC_H 1
| #define HAVE_ATOMIC 1
| #define PACKAGE "curl"
| #define VERSION "-"
| #define OS "powerpc-unknown-amigaos"
| #define HAVE_DLFCN_H 1
| #define LT_OBJDIR ".libs/"
| #define HAVE_LDAP_SSL 1
| #define HAVE_PROTO_BSDSOCKET_H 1
| #define HAVE_SYS_TYPES_H 1
| #define HAVE_SYS_TIME_H 1
| #define HAVE_CLOCK_GETTIME_MONOTONIC 1
| #define HAVE_ZLIB_H 1
| #define HAVE_LIBZ 1
| #define HAVE_BROTLI_DECODE_H 1
| #define HAVE_BROTLI 1
| #define CURL_DISABLE_LDAP 1
| #define CURL_DISABLE_LDAPS 1
| #define HAVE_LIBSSL 1
| #define HAVE_OPENSSL_X509_H 1
| #define USE_OPENSSL 1
| #define HAVE_OPENSSL_RSA_H 1
| #define USE_OPENSSL 1
| #define HAVE_OPENSSL_CRYPTO_H 1
| #define USE_OPENSSL 1
| #define HAVE_OPENSSL_PEM_H 1
| #define USE_OPENSSL 1
| #define HAVE_OPENSSL_SSL_H 1
| #define USE_OPENSSL 1
| #define HAVE_OPENSSL_ERR_H 1
| #define USE_OPENSSL 1
| #define HAVE_OPENSSL_SRP 1
| #define CURL_CA_FALLBACK 1
| #define HAVE_LIBRTMP_RTMP_H 1
| #define USE_LIBRTMP 1
| #define HAVE_IDN2_H 1
| #define HAVE_NGHTTP2_NGHTTP2_H 1
| #define USE_NGHTTP2 1
| #define HAVE_SYS_TYPES_H 1
| #define HAVE_SYS_TIME_H 1
| #define HAVE_SYS_SELECT_H 1
| #define HAVE_SYS_SOCKET_H 1
| #define HAVE_SYS_IOCTL_H 1
| #define HAVE_SYS_UIO_H 1
| #define HAVE_ASSERT_H 1
| #define HAVE_UNISTD_H 1
| #define HAVE_STDLIB_H 1
| #define HAVE_ARPA_INET_H 1
| #define HAVE_NET_IF_H 1
| #define HAVE_NETINET_IN_H 1
| #define HAVE_SYS_UN_H 1
| #define HAVE_NETINET_TCP_H 1
| #define HAVE_NETINET_UDP_H 1
| #define HAVE_NETDB_H 1
| #define HAVE_SYS_SOCKIO_H 1
| #define HAVE_SYS_STAT_H 1
| #define HAVE_SYS_PARAM_H 1
| #define HAVE_TERMIOS_H 1
| #define HAVE_FCNTL_H 1
| #define HAVE_PWD_H 1
| #define HAVE_UTIME_H 1
| #define HAVE_SYS_POLL_H 1
| #define HAVE_POLL_H 1
| #define HAVE_SYS_RESOURCE_H 1
| #define HAVE_LIBGEN_H 1
| #define HAVE_LOCALE_H 1
| #define HAVE_ERRNO_H 1
| #define HAVE_STDBOOL_H 1
| #define HAVE_ARPA_TFTP_H 1
| #define HAVE_SYS_FILIO_H 1
| #define HAVE_SYS_WAIT_H 1
| #define HAVE_SETJMP_H 1
| #define HAVE_VARIADIC_MACROS_C99 1
| #define HAVE_VARIADIC_MACROS_GCC 1
| #define HAVE_SYS_TYPES_H 1
| #define HAVE_SYS_TIME_H 1
| #define HAVE_SYS_SOCKET_H 1
| #define HAVE_STRUCT_TIMEVAL 1
| #define SIZEOF_SIZE_T 4
| #define SIZEOF_LONG 4
| #define SIZEOF_INT 4
| #define SIZEOF_TIME_T 4
| #define SIZEOF_OFF_T 8
| #define SIZEOF_CURL_OFF_T 8
| #define HAVE_LONGLONG 1
| #define HAVE_BOOL_T 1
| #define CURL_SA_FAMILY_T sa_family_t
| #define HAVE_SUSECONDS_T 1
| #define HAVE_SYS_TYPES_H 1
| #define HAVE_POLL_H 1
| #define HAVE_SYS_POLL_H 1
| #define HAVE_STRUCT_SOCKADDR_STORAGE 1
| #define HAVE_SYS_SELECT_H 1
| #define HAVE_SYS_SOCKET_H 1
| #define SELECT_TYPE_ARG1 int
| #define SELECT_TYPE_ARG234 fd_set *
| #define SELECT_TYPE_RETV int
| #define SELECT_QUAL_ARG5 
| #define SELECT_TYPE_ARG5 struct timeval *
| #define HAVE_SELECT 1
| #define HAVE_SYS_TYPES_H 1
| #define HAVE_SYS_SOCKET_H 1
| #define RECV_TYPE_ARG1 int
| #define RECV_TYPE_ARG2 char *
| #define RECV_TYPE_ARG3 size_t
| #define RECV_TYPE_ARG4 int
| #define RECV_TYPE_RETV int
| #define HAVE_RECV 1
| #define HAVE_SYS_TYPES_H 1
| #define HAVE_SYS_SOCKET_H 1
| #define SEND_TYPE_ARG1 int
| #define SEND_TYPE_ARG3 size_t
| #define SEND_TYPE_ARG4 int
| #define SEND_TYPE_RETV int
| #define SEND_QUAL_ARG2 
| #define SEND_TYPE_ARG2 char *
| #define HAVE_SEND 1
| #define HAVE_SYS_TYPES_H 1
| #define HAVE_SYS_SOCKET_H 1
| #define HAVE_MSG_NOSIGNAL 1
| #define HAVE_SYS_TYPES_H 1
| #define HAVE_UNISTD_H 1
| #define HAVE_ALARM 1
| #define HAVE_SYS_TYPES_H 1
| #define HAVE_STRING_H 1
| #define HAVE_STRINGS_H 1
| #define HAVE_SYS_TYPES_H 1
| #define HAVE_LIBGEN_H 1
| #define HAVE_BASENAME 1
| #define HAVE_SYS_TYPES_H 1
| #define HAVE_SYS_TYPES_H 1
| #define HAVE_SYS_SOCKET_H 1
| #define HAVE_CLOSESOCKET_CAMEL 1
| #define HAVE_CONNECT 1
| #define HAVE_SYS_TYPES_H 1
| #define HAVE_UNISTD_H 1
| #define HAVE_FCNTL_H 1
| #define HAVE_FCNTL 1
| #define HAVE_FCNTL_O_NONBLOCK 1
| #define HAVE_SYS_TYPES_H 1
| #define HAVE_NETDB_H 1
| #define HAVE_FREEADDRINFO 1
| #define HAVE_SYS_TYPES_H 1
| #define HAVE_FTRUNCATE 1
| #define HAVE_SYS_TYPES_H 1
| #define HAVE_STDLIB_H 1
| #define HAVE_GETADDRINFO 1
| #define HAVE_GETADDRINFO_THREADSAFE 1
| #define HAVE_GETHOSTBYNAME 1
| #define HAVE_GETHOSTNAME 1
| #define HAVE_GETPEERNAME 1
| #define HAVE_GETSOCKNAME 1
| #define HAVE_NET_IF_H 1
| #define HAVE_IF_NAMETOINDEX 1
| #define HAVE_SYS_TYPES_H 1
| #define HAVE_SYS_SOCKET_H 1
| #define HAVE_NETINET_IN_H 1
| #define HAVE_IFADDRS_H 1
| #define HAVE_GETIFADDRS 1
| #define HAVE_SYS_TYPES_H 1
| #define HAVE_SYS_TIME_H 1
| #define HAVE_GMTIME_R 1
| #define HAVE_SYS_TYPES_H 1
| #define HAVE_SYS_SOCKET_H 1
| #define HAVE_NETINET_IN_H 1
| #define HAVE_ARPA_INET_H 1
| #define HAVE_INET_NTOP 1
| #define HAVE_INET_PTON 1
| #define HAVE_IOCTLSOCKET_CAMEL 1
| #define HAVE_IOCTLSOCKET_CAMEL_FIONBIO 1
| #define HAVE_POLL_FINE 1
| #define HAVE_SYS_TYPES_H 1
| #define HAVE_SIGNAL_H 1
| #define HAVE_SIGACTION 1
| #define HAVE_SIGNAL 1
| #define HAVE_SYS_TYPES_H 1
| #define HAVE_SETJMP_H 1
| #define HAVE_SIGSETJMP 1
| #define HAVE_SOCKET 1
| #define HAVE_SOCKETPAIR 1
| #define HAVE_STRCASECMP 1
| #define HAVE_STRDUP 1
| #define HAVE_STRERROR_R 1
| #define HAVE_POSIX_STRERROR_R 1
| #define HAVE_STRTOK_R 1
| #define HAVE_STRTOLL 1
| /* end confdefs.h.  */
| 
| int main (void)
| {
| (void) strchr;
|  ;
|  return 0;
| }
configure:43468: ppc-amigaos-gcc -c -mcrt=clib4 -D__USE_INLINE__ -Werror-implicit-function-declaration -O2 -Wno-system-headers  -mcrt=clib4 -D__USE_INLINE__      conftest.c >&5
configure:43468: $? = 0
configure:43485: result: none needed
configure:43499: checking whether getpwuid_r is declared
configure:43499: ppc-amigaos-gcc -c -mcrt=clib4 -D__USE_INLINE__ -Werror-implicit-function-declaration -O2 -Wno-system-headers  -mcrt=clib4 -D__USE_INLINE__      conftest.c >&5
configure:43499: $? = 0
configure:43499: result: yes
configure:43524: checking for fnmatch
configure:43524: ppc-amigaos-gcc -o conftest -mcrt=clib4 -D__USE_INLINE__ -Werror-implicit-function-declaration -O2 -Wno-system-headers -mcrt=clib4 -D__USE_INLINE__      -mcrt=clib4      conftest.c  -lrtmp -lssl -lcrypto -lssl -lcrypto   -lz -lpthread -latomic -lauto >&5
configure:43524: $? = 0
configure:43524: result: yes
configure:43524: checking for fchmod
configure:43524: ppc-amigaos-gcc -o conftest -mcrt=clib4 -D__USE_INLINE__ -Werror-implicit-function-declaration -O2 -Wno-system-headers -mcrt=clib4 -D__USE_INLINE__      -mcrt=clib4      conftest.c  -lrtmp -lssl -lcrypto -lssl -lcrypto   -lz -lpthread -latomic -lauto >&5
configure:43524: $? = 0
configure:43524: result: yes
configure:43524: checking for geteuid
configure:43524: ppc-amigaos-gcc -o conftest -mcrt=clib4 -D__USE_INLINE__ -Werror-implicit-function-declaration -O2 -Wno-system-headers -mcrt=clib4 -D__USE_INLINE__      -mcrt=clib4      conftest.c  -lrtmp -lssl -lcrypto -lssl -lcrypto   -lz -lpthread -latomic -lauto >&5
configure:43524: $? = 0
configure:43524: result: yes
configure:43524: checking for getpass_r
configure:43524: ppc-amigaos-gcc -o conftest -mcrt=clib4 -D__USE_INLINE__ -Werror-implicit-function-declaration -O2 -Wno-system-headers -mcrt=clib4 -D__USE_INLINE__      -mcrt=clib4      conftest.c  -lrtmp -lssl -lcrypto -lssl -lcrypto   -lz -lpthread -latomic -lauto >&5
/tmp/cc28QgD3.o: In function `main':
conftest.c:(.text.startup+0xc): undefined reference to `getpass_r'
collect2: error: ld returned 1 exit status
configure:43524: $? = 1
configure: failed program was:
| /* confdefs.h */
| #define PACKAGE_NAME "curl"
| #define PACKAGE_TARNAME "curl"
| #define PACKAGE_VERSION "-"
| #define PACKAGE_STRING "curl -"
| #define PACKAGE_BUGREPORT "a suitable curl mailing list: https://curl.se/mail/"
| #define PACKAGE_URL ""
| #define HAVE_STDIO_H 1
| #define HAVE_STDLIB_H 1
| #define HAVE_STRING_H 1
| #define HAVE_INTTYPES_H 1
| #define HAVE_STDINT_H 1
| #define HAVE_STRINGS_H 1
| #define HAVE_SYS_STAT_H 1
| #define HAVE_SYS_TYPES_H 1
| #define HAVE_UNISTD_H 1
| #define STDC_HEADERS 1
| #define HAVE_STDATOMIC_H 1
| #define HAVE_ATOMIC 1
| #define PACKAGE "curl"
| #define VERSION "-"
| #define OS "powerpc-unknown-amigaos"
| #define HAVE_DLFCN_H 1
| #define LT_OBJDIR ".libs/"
| #define HAVE_LDAP_SSL 1
| #define HAVE_PROTO_BSDSOCKET_H 1
| #define HAVE_SYS_TYPES_H 1
| #define HAVE_SYS_TIME_H 1
| #define HAVE_CLOCK_GETTIME_MONOTONIC 1
| #define HAVE_ZLIB_H 1
| #define HAVE_LIBZ 1
| #define HAVE_BROTLI_DECODE_H 1
| #define HAVE_BROTLI 1
| #define CURL_DISABLE_LDAP 1
| #define CURL_DISABLE_LDAPS 1
| #define HAVE_LIBSSL 1
| #define HAVE_OPENSSL_X509_H 1
| #define USE_OPENSSL 1
| #define HAVE_OPENSSL_RSA_H 1
| #define USE_OPENSSL 1
| #define HAVE_OPENSSL_CRYPTO_H 1
| #define USE_OPENSSL 1
| #define HAVE_OPENSSL_PEM_H 1
| #define USE_OPENSSL 1
| #define HAVE_OPENSSL_SSL_H 1
| #define USE_OPENSSL 1
| #define HAVE_OPENSSL_ERR_H 1
| #define USE_OPENSSL 1
| #define HAVE_OPENSSL_SRP 1
| #define CURL_CA_FALLBACK 1
| #define HAVE_LIBRTMP_RTMP_H 1
| #define USE_LIBRTMP 1
| #define HAVE_IDN2_H 1
| #define HAVE_NGHTTP2_NGHTTP2_H 1
| #define USE_NGHTTP2 1
| #define HAVE_SYS_TYPES_H 1
| #define HAVE_SYS_TIME_H 1
| #define HAVE_SYS_SELECT_H 1
| #define HAVE_SYS_SOCKET_H 1
| #define HAVE_SYS_IOCTL_H 1
| #define HAVE_SYS_UIO_H 1
| #define HAVE_ASSERT_H 1
| #define HAVE_UNISTD_H 1
| #define HAVE_STDLIB_H 1
| #define HAVE_ARPA_INET_H 1
| #define HAVE_NET_IF_H 1
| #define HAVE_NETINET_IN_H 1
| #define HAVE_SYS_UN_H 1
| #define HAVE_NETINET_TCP_H 1
| #define HAVE_NETINET_UDP_H 1
| #define HAVE_NETDB_H 1
| #define HAVE_SYS_SOCKIO_H 1
| #define HAVE_SYS_STAT_H 1
| #define HAVE_SYS_PARAM_H 1
| #define HAVE_TERMIOS_H 1
| #define HAVE_FCNTL_H 1
| #define HAVE_PWD_H 1
| #define HAVE_UTIME_H 1
| #define HAVE_SYS_POLL_H 1
| #define HAVE_POLL_H 1
| #define HAVE_SYS_RESOURCE_H 1
| #define HAVE_LIBGEN_H 1
| #define HAVE_LOCALE_H 1
| #define HAVE_ERRNO_H 1
| #define HAVE_STDBOOL_H 1
| #define HAVE_ARPA_TFTP_H 1
| #define HAVE_SYS_FILIO_H 1
| #define HAVE_SYS_WAIT_H 1
| #define HAVE_SETJMP_H 1
| #define HAVE_VARIADIC_MACROS_C99 1
| #define HAVE_VARIADIC_MACROS_GCC 1
| #define HAVE_SYS_TYPES_H 1
| #define HAVE_SYS_TIME_H 1
| #define HAVE_SYS_SOCKET_H 1
| #define HAVE_STRUCT_TIMEVAL 1
| #define SIZEOF_SIZE_T 4
| #define SIZEOF_LONG 4
| #define SIZEOF_INT 4
| #define SIZEOF_TIME_T 4
| #define SIZEOF_OFF_T 8
| #define SIZEOF_CURL_OFF_T 8
| #define HAVE_LONGLONG 1
| #define HAVE_BOOL_T 1
| #define CURL_SA_FAMILY_T sa_family_t
| #define HAVE_SUSECONDS_T 1
| #define HAVE_SYS_TYPES_H 1
| #define HAVE_POLL_H 1
| #define HAVE_SYS_POLL_H 1
| #define HAVE_STRUCT_SOCKADDR_STORAGE 1
| #define HAVE_SYS_SELECT_H 1
| #define HAVE_SYS_SOCKET_H 1
| #define SELECT_TYPE_ARG1 int
| #define SELECT_TYPE_ARG234 fd_set *
| #define SELECT_TYPE_RETV int
| #define SELECT_QUAL_ARG5 
| #define SELECT_TYPE_ARG5 struct timeval *
| #define HAVE_SELECT 1
| #define HAVE_SYS_TYPES_H 1
| #define HAVE_SYS_SOCKET_H 1
| #define RECV_TYPE_ARG1 int
| #define RECV_TYPE_ARG2 char *
| #define RECV_TYPE_ARG3 size_t
| #define RECV_TYPE_ARG4 int
| #define RECV_TYPE_RETV int
| #define HAVE_RECV 1
| #define HAVE_SYS_TYPES_H 1
| #define HAVE_SYS_SOCKET_H 1
| #define SEND_TYPE_ARG1 int
| #define SEND_TYPE_ARG3 size_t
| #define SEND_TYPE_ARG4 int
| #define SEND_TYPE_RETV int
| #define SEND_QUAL_ARG2 
| #define SEND_TYPE_ARG2 char *
| #define HAVE_SEND 1
| #define HAVE_SYS_TYPES_H 1
| #define HAVE_SYS_SOCKET_H 1
| #define HAVE_MSG_NOSIGNAL 1
| #define HAVE_SYS_TYPES_H 1
| #define HAVE_UNISTD_H 1
| #define HAVE_ALARM 1
| #define HAVE_SYS_TYPES_H 1
| #define HAVE_STRING_H 1
| #define HAVE_STRINGS_H 1
| #define HAVE_SYS_TYPES_H 1
| #define HAVE_LIBGEN_H 1
| #define HAVE_BASENAME 1
| #define HAVE_SYS_TYPES_H 1
| #define HAVE_SYS_TYPES_H 1
| #define HAVE_SYS_SOCKET_H 1
| #define HAVE_CLOSESOCKET_CAMEL 1
| #define HAVE_CONNECT 1
| #define HAVE_SYS_TYPES_H 1
| #define HAVE_UNISTD_H 1
| #define HAVE_FCNTL_H 1
| #define HAVE_FCNTL 1
| #define HAVE_FCNTL_O_NONBLOCK 1
| #define HAVE_SYS_TYPES_H 1
| #define HAVE_NETDB_H 1
| #define HAVE_FREEADDRINFO 1
| #define HAVE_SYS_TYPES_H 1
| #define HAVE_FTRUNCATE 1
| #define HAVE_SYS_TYPES_H 1
| #define HAVE_STDLIB_H 1
| #define HAVE_GETADDRINFO 1
| #define HAVE_GETADDRINFO_THREADSAFE 1
| #define HAVE_GETHOSTBYNAME 1
| #define HAVE_GETHOSTNAME 1
| #define HAVE_GETPEERNAME 1
| #define HAVE_GETSOCKNAME 1
| #define HAVE_NET_IF_H 1
| #define HAVE_IF_NAMETOINDEX 1
| #define HAVE_SYS_TYPES_H 1
| #define HAVE_SYS_SOCKET_H 1
| #define HAVE_NETINET_IN_H 1
| #define HAVE_IFADDRS_H 1
| #define HAVE_GETIFADDRS 1
| #define HAVE_SYS_TYPES_H 1
| #define HAVE_SYS_TIME_H 1
| #define HAVE_GMTIME_R 1
| #define HAVE_SYS_TYPES_H 1
| #define HAVE_SYS_SOCKET_H 1
| #define HAVE_NETINET_IN_H 1
| #define HAVE_ARPA_INET_H 1
| #define HAVE_INET_NTOP 1
| #define HAVE_INET_PTON 1
| #define HAVE_IOCTLSOCKET_CAMEL 1
| #define HAVE_IOCTLSOCKET_CAMEL_FIONBIO 1
| #define HAVE_POLL_FINE 1
| #define HAVE_SYS_TYPES_H 1
| #define HAVE_SIGNAL_H 1
| #define HAVE_SIGACTION 1
| #define HAVE_SIGNAL 1
| #define HAVE_SYS_TYPES_H 1
| #define HAVE_SETJMP_H 1
| #define HAVE_SIGSETJMP 1
| #define HAVE_SOCKET 1
| #define HAVE_SOCKETPAIR 1
| #define HAVE_STRCASECMP 1
| #define HAVE_STRDUP 1
| #define HAVE_STRERROR_R 1
| #define HAVE_POSIX_STRERROR_R 1
| #define HAVE_STRTOK_R 1
| #define HAVE_STRTOLL 1
| #define HAVE_DECL_GETPWUID_R 1
| #define HAVE_FNMATCH 1
| #define HAVE_FCHMOD 1
| #define HAVE_GETEUID 1
| /* end confdefs.h.  */
| 
| #define getpass_r innocuous_getpass_r
| #ifdef __STDC__
| # include <limits.h>
| #else
| # include <assert.h>
| #endif
| #undef getpass_r
| #ifdef __cplusplus
| extern "C"
| #endif
| char getpass_r ();
| #if defined __stub_getpass_r || defined __stub___getpass_r
| choke me
| #endif
| 
| int main (void)
| {
| return getpass_r ();
|  ;
|  return 0;
| }
configure:43524: result: no
configure:43537: checking deeper for getpass_r
configure:43554: ppc-amigaos-gcc -o conftest -mcrt=clib4 -D__USE_INLINE__ -Werror-implicit-function-declaration -O2 -Wno-system-headers -mcrt=clib4 -D__USE_INLINE__      -mcrt=clib4      conftest.c  -lrtmp -lssl -lcrypto -lssl -lcrypto   -lz -lpthread -latomic -lauto >&5
conftest.c: In function 'main':
conftest.c:215:9: error: implicit declaration of function 'getpass_r' [-Werror=implicit-function-declaration]
  215 |         getpass_r ();
      |         ^~~~~~~~~
cc1: some warnings being treated as errors
configure:43554: $? = 1
configure: failed program was:
| /* confdefs.h */
| #define PACKAGE_NAME "curl"
| #define PACKAGE_TARNAME "curl"
| #define PACKAGE_VERSION "-"
| #define PACKAGE_STRING "curl -"
| #define PACKAGE_BUGREPORT "a suitable curl mailing list: https://curl.se/mail/"
| #define PACKAGE_URL ""
| #define HAVE_STDIO_H 1
| #define HAVE_STDLIB_H 1
| #define HAVE_STRING_H 1
| #define HAVE_INTTYPES_H 1
| #define HAVE_STDINT_H 1
| #define HAVE_STRINGS_H 1
| #define HAVE_SYS_STAT_H 1
| #define HAVE_SYS_TYPES_H 1
| #define HAVE_UNISTD_H 1
| #define STDC_HEADERS 1
| #define HAVE_STDATOMIC_H 1
| #define HAVE_ATOMIC 1
| #define PACKAGE "curl"
| #define VERSION "-"
| #define OS "powerpc-unknown-amigaos"
| #define HAVE_DLFCN_H 1
| #define LT_OBJDIR ".libs/"
| #define HAVE_LDAP_SSL 1
| #define HAVE_PROTO_BSDSOCKET_H 1
| #define HAVE_SYS_TYPES_H 1
| #define HAVE_SYS_TIME_H 1
| #define HAVE_CLOCK_GETTIME_MONOTONIC 1
| #define HAVE_ZLIB_H 1
| #define HAVE_LIBZ 1
| #define HAVE_BROTLI_DECODE_H 1
| #define HAVE_BROTLI 1
| #define CURL_DISABLE_LDAP 1
| #define CURL_DISABLE_LDAPS 1
| #define HAVE_LIBSSL 1
| #define HAVE_OPENSSL_X509_H 1
| #define USE_OPENSSL 1
| #define HAVE_OPENSSL_RSA_H 1
| #define USE_OPENSSL 1
| #define HAVE_OPENSSL_CRYPTO_H 1
| #define USE_OPENSSL 1
| #define HAVE_OPENSSL_PEM_H 1
| #define USE_OPENSSL 1
| #define HAVE_OPENSSL_SSL_H 1
| #define USE_OPENSSL 1
| #define HAVE_OPENSSL_ERR_H 1
| #define USE_OPENSSL 1
| #define HAVE_OPENSSL_SRP 1
| #define CURL_CA_FALLBACK 1
| #define HAVE_LIBRTMP_RTMP_H 1
| #define USE_LIBRTMP 1
| #define HAVE_IDN2_H 1
| #define HAVE_NGHTTP2_NGHTTP2_H 1
| #define USE_NGHTTP2 1
| #define HAVE_SYS_TYPES_H 1
| #define HAVE_SYS_TIME_H 1
| #define HAVE_SYS_SELECT_H 1
| #define HAVE_SYS_SOCKET_H 1
| #define HAVE_SYS_IOCTL_H 1
| #define HAVE_SYS_UIO_H 1
| #define HAVE_ASSERT_H 1
| #define HAVE_UNISTD_H 1
| #define HAVE_STDLIB_H 1
| #define HAVE_ARPA_INET_H 1
| #define HAVE_NET_IF_H 1
| #define HAVE_NETINET_IN_H 1
| #define HAVE_SYS_UN_H 1
| #define HAVE_NETINET_TCP_H 1
| #define HAVE_NETINET_UDP_H 1
| #define HAVE_NETDB_H 1
| #define HAVE_SYS_SOCKIO_H 1
| #define HAVE_SYS_STAT_H 1
| #define HAVE_SYS_PARAM_H 1
| #define HAVE_TERMIOS_H 1
| #define HAVE_FCNTL_H 1
| #define HAVE_PWD_H 1
| #define HAVE_UTIME_H 1
| #define HAVE_SYS_POLL_H 1
| #define HAVE_POLL_H 1
| #define HAVE_SYS_RESOURCE_H 1
| #define HAVE_LIBGEN_H 1
| #define HAVE_LOCALE_H 1
| #define HAVE_ERRNO_H 1
| #define HAVE_STDBOOL_H 1
| #define HAVE_ARPA_TFTP_H 1
| #define HAVE_SYS_FILIO_H 1
| #define HAVE_SYS_WAIT_H 1
| #define HAVE_SETJMP_H 1
| #define HAVE_VARIADIC_MACROS_C99 1
| #define HAVE_VARIADIC_MACROS_GCC 1
| #define HAVE_SYS_TYPES_H 1
| #define HAVE_SYS_TIME_H 1
| #define HAVE_SYS_SOCKET_H 1
| #define HAVE_STRUCT_TIMEVAL 1
| #define SIZEOF_SIZE_T 4
| #define SIZEOF_LONG 4
| #define SIZEOF_INT 4
| #define SIZEOF_TIME_T 4
| #define SIZEOF_OFF_T 8
| #define SIZEOF_CURL_OFF_T 8
| #define HAVE_LONGLONG 1
| #define HAVE_BOOL_T 1
| #define CURL_SA_FAMILY_T sa_family_t
| #define HAVE_SUSECONDS_T 1
| #define HAVE_SYS_TYPES_H 1
| #define HAVE_POLL_H 1
| #define HAVE_SYS_POLL_H 1
| #define HAVE_STRUCT_SOCKADDR_STORAGE 1
| #define HAVE_SYS_SELECT_H 1
| #define HAVE_SYS_SOCKET_H 1
| #define SELECT_TYPE_ARG1 int
| #define SELECT_TYPE_ARG234 fd_set *
| #define SELECT_TYPE_RETV int
| #define SELECT_QUAL_ARG5 
| #define SELECT_TYPE_ARG5 struct timeval *
| #define HAVE_SELECT 1
| #define HAVE_SYS_TYPES_H 1
| #define HAVE_SYS_SOCKET_H 1
| #define RECV_TYPE_ARG1 int
| #define RECV_TYPE_ARG2 char *
| #define RECV_TYPE_ARG3 size_t
| #define RECV_TYPE_ARG4 int
| #define RECV_TYPE_RETV int
| #define HAVE_RECV 1
| #define HAVE_SYS_TYPES_H 1
| #define HAVE_SYS_SOCKET_H 1
| #define SEND_TYPE_ARG1 int
| #define SEND_TYPE_ARG3 size_t
| #define SEND_TYPE_ARG4 int
| #define SEND_TYPE_RETV int
| #define SEND_QUAL_ARG2 
| #define SEND_TYPE_ARG2 char *
| #define HAVE_SEND 1
| #define HAVE_SYS_TYPES_H 1
| #define HAVE_SYS_SOCKET_H 1
| #define HAVE_MSG_NOSIGNAL 1
| #define HAVE_SYS_TYPES_H 1
| #define HAVE_UNISTD_H 1
| #define HAVE_ALARM 1
| #define HAVE_SYS_TYPES_H 1
| #define HAVE_STRING_H 1
| #define HAVE_STRINGS_H 1
| #define HAVE_SYS_TYPES_H 1
| #define HAVE_LIBGEN_H 1
| #define HAVE_BASENAME 1
| #define HAVE_SYS_TYPES_H 1
| #define HAVE_SYS_TYPES_H 1
| #define HAVE_SYS_SOCKET_H 1
| #define HAVE_CLOSESOCKET_CAMEL 1
| #define HAVE_CONNECT 1
| #define HAVE_SYS_TYPES_H 1
| #define HAVE_UNISTD_H 1
| #define HAVE_FCNTL_H 1
| #define HAVE_FCNTL 1
| #define HAVE_FCNTL_O_NONBLOCK 1
| #define HAVE_SYS_TYPES_H 1
| #define HAVE_NETDB_H 1
| #define HAVE_FREEADDRINFO 1
| #define HAVE_SYS_TYPES_H 1
| #define HAVE_FTRUNCATE 1
| #define HAVE_SYS_TYPES_H 1
| #define HAVE_STDLIB_H 1
| #define HAVE_GETADDRINFO 1
| #define HAVE_GETADDRINFO_THREADSAFE 1
| #define HAVE_GETHOSTBYNAME 1
| #define HAVE_GETHOSTNAME 1
| #define HAVE_GETPEERNAME 1
| #define HAVE_GETSOCKNAME 1
| #define HAVE_NET_IF_H 1
| #define HAVE_IF_NAMETOINDEX 1
| #define HAVE_SYS_TYPES_H 1
| #define HAVE_SYS_SOCKET_H 1
| #define HAVE_NETINET_IN_H 1
| #define HAVE_IFADDRS_H 1
| #define HAVE_GETIFADDRS 1
| #define HAVE_SYS_TYPES_H 1
| #define HAVE_SYS_TIME_H 1
| #define HAVE_GMTIME_R 1
| #define HAVE_SYS_TYPES_H 1
| #define HAVE_SYS_SOCKET_H 1
| #define HAVE_NETINET_IN_H 1
| #define HAVE_ARPA_INET_H 1
| #define HAVE_INET_NTOP 1
| #define HAVE_INET_PTON 1
| #define HAVE_IOCTLSOCKET_CAMEL 1
| #define HAVE_IOCTLSOCKET_CAMEL_FIONBIO 1
| #define HAVE_POLL_FINE 1
| #define HAVE_SYS_TYPES_H 1
| #define HAVE_SIGNAL_H 1
| #define HAVE_SIGACTION 1
| #define HAVE_SIGNAL 1
| #define HAVE_SYS_TYPES_H 1
| #define HAVE_SETJMP_H 1
| #define HAVE_SIGSETJMP 1
| #define HAVE_SOCKET 1
| #define HAVE_SOCKETPAIR 1
| #define HAVE_STRCASECMP 1
| #define HAVE_STRDUP 1
| #define HAVE_STRERROR_R 1
| #define HAVE_POSIX_STRERROR_R 1
| #define HAVE_STRTOK_R 1
| #define HAVE_STRTOLL 1
| #define HAVE_DECL_GETPWUID_R 1
| #define HAVE_FNMATCH 1
| #define HAVE_FCHMOD 1
| #define HAVE_GETEUID 1
| /* end confdefs.h.  */
| 
| 
| 
| int main (void)
| {
| 
|         getpass_r ();
| 
|  ;
|  return 0;
| }
| 
configure:43568: result: but still no
configure:43524: checking for getppid
configure:43524: ppc-amigaos-gcc -o conftest -mcrt=clib4 -D__USE_INLINE__ -Werror-implicit-function-declaration -O2 -Wno-system-headers -mcrt=clib4 -D__USE_INLINE__      -mcrt=clib4      conftest.c  -lrtmp -lssl -lcrypto -lssl -lcrypto   -lz -lpthread -latomic -lauto >&5
configure:43524: $? = 0
configure:43524: result: yes
configure:43524: checking for getpwuid
configure:43524: ppc-amigaos-gcc -o conftest -mcrt=clib4 -D__USE_INLINE__ -Werror-implicit-function-declaration -O2 -Wno-system-headers -mcrt=clib4 -D__USE_INLINE__      -mcrt=clib4      conftest.c  -lrtmp -lssl -lcrypto -lssl -lcrypto   -lz -lpthread -latomic -lauto >&5
configure:43524: $? = 0
configure:43524: result: yes
configure:43524: checking for getpwuid_r
configure:43524: ppc-amigaos-gcc -o conftest -mcrt=clib4 -D__USE_INLINE__ -Werror-implicit-function-declaration -O2 -Wno-system-headers -mcrt=clib4 -D__USE_INLINE__      -mcrt=clib4      conftest.c  -lrtmp -lssl -lcrypto -lssl -lcrypto   -lz -lpthread -latomic -lauto >&5
configure:43524: $? = 0
configure:43524: result: yes
configure:43524: checking for getrlimit
configure:43524: ppc-amigaos-gcc -o conftest -mcrt=clib4 -D__USE_INLINE__ -Werror-implicit-function-declaration -O2 -Wno-system-headers -mcrt=clib4 -D__USE_INLINE__      -mcrt=clib4      conftest.c  -lrtmp -lssl -lcrypto -lssl -lcrypto   -lz -lpthread -latomic -lauto >&5
configure:43524: $? = 0
configure:43524: result: yes
configure:43524: checking for gettimeofday
configure:43524: ppc-amigaos-gcc -o conftest -mcrt=clib4 -D__USE_INLINE__ -Werror-implicit-function-declaration -O2 -Wno-system-headers -mcrt=clib4 -D__USE_INLINE__      -mcrt=clib4      conftest.c  -lrtmp -lssl -lcrypto -lssl -lcrypto   -lz -lpthread -latomic -lauto >&5
configure:43524: $? = 0
configure:43524: result: yes
configure:43524: checking for if_nametoindex
configure:43524: ppc-amigaos-gcc -o conftest -mcrt=clib4 -D__USE_INLINE__ -Werror-implicit-function-declaration -O2 -Wno-system-headers -mcrt=clib4 -D__USE_INLINE__      -mcrt=clib4      conftest.c  -lrtmp -lssl -lcrypto -lssl -lcrypto   -lz -lpthread -latomic -lauto >&5
configure:43524: $? = 0
configure:43524: result: yes
configure:43524: checking for mach_absolute_time
configure:43524: ppc-amigaos-gcc -o conftest -mcrt=clib4 -D__USE_INLINE__ -Werror-implicit-function-declaration -O2 -Wno-system-headers -mcrt=clib4 -D__USE_INLINE__      -mcrt=clib4      conftest.c  -lrtmp -lssl -lcrypto -lssl -lcrypto   -lz -lpthread -latomic -lauto >&5
/tmp/ccsyHIFL.o: In function `main':
conftest.c:(.text.startup+0xc): undefined reference to `mach_absolute_time'
collect2: error: ld returned 1 exit status
configure:43524: $? = 1
configure: failed program was:
| /* confdefs.h */
| #define PACKAGE_NAME "curl"
| #define PACKAGE_TARNAME "curl"
| #define PACKAGE_VERSION "-"
| #define PACKAGE_STRING "curl -"
| #define PACKAGE_BUGREPORT "a suitable curl mailing list: https://curl.se/mail/"
| #define PACKAGE_URL ""
| #define HAVE_STDIO_H 1
| #define HAVE_STDLIB_H 1
| #define HAVE_STRING_H 1
| #define HAVE_INTTYPES_H 1
| #define HAVE_STDINT_H 1
| #define HAVE_STRINGS_H 1
| #define HAVE_SYS_STAT_H 1
| #define HAVE_SYS_TYPES_H 1
| #define HAVE_UNISTD_H 1
| #define STDC_HEADERS 1
| #define HAVE_STDATOMIC_H 1
| #define HAVE_ATOMIC 1
| #define PACKAGE "curl"
| #define VERSION "-"
| #define OS "powerpc-unknown-amigaos"
| #define HAVE_DLFCN_H 1
| #define LT_OBJDIR ".libs/"
| #define HAVE_LDAP_SSL 1
| #define HAVE_PROTO_BSDSOCKET_H 1
| #define HAVE_SYS_TYPES_H 1
| #define HAVE_SYS_TIME_H 1
| #define HAVE_CLOCK_GETTIME_MONOTONIC 1
| #define HAVE_ZLIB_H 1
| #define HAVE_LIBZ 1
| #define HAVE_BROTLI_DECODE_H 1
| #define HAVE_BROTLI 1
| #define CURL_DISABLE_LDAP 1
| #define CURL_DISABLE_LDAPS 1
| #define HAVE_LIBSSL 1
| #define HAVE_OPENSSL_X509_H 1
| #define USE_OPENSSL 1
| #define HAVE_OPENSSL_RSA_H 1
| #define USE_OPENSSL 1
| #define HAVE_OPENSSL_CRYPTO_H 1
| #define USE_OPENSSL 1
| #define HAVE_OPENSSL_PEM_H 1
| #define USE_OPENSSL 1
| #define HAVE_OPENSSL_SSL_H 1
| #define USE_OPENSSL 1
| #define HAVE_OPENSSL_ERR_H 1
| #define USE_OPENSSL 1
| #define HAVE_OPENSSL_SRP 1
| #define CURL_CA_FALLBACK 1
| #define HAVE_LIBRTMP_RTMP_H 1
| #define USE_LIBRTMP 1
| #define HAVE_IDN2_H 1
| #define HAVE_NGHTTP2_NGHTTP2_H 1
| #define USE_NGHTTP2 1
| #define HAVE_SYS_TYPES_H 1
| #define HAVE_SYS_TIME_H 1
| #define HAVE_SYS_SELECT_H 1
| #define HAVE_SYS_SOCKET_H 1
| #define HAVE_SYS_IOCTL_H 1
| #define HAVE_SYS_UIO_H 1
| #define HAVE_ASSERT_H 1
| #define HAVE_UNISTD_H 1
| #define HAVE_STDLIB_H 1
| #define HAVE_ARPA_INET_H 1
| #define HAVE_NET_IF_H 1
| #define HAVE_NETINET_IN_H 1
| #define HAVE_SYS_UN_H 1
| #define HAVE_NETINET_TCP_H 1
| #define HAVE_NETINET_UDP_H 1
| #define HAVE_NETDB_H 1
| #define HAVE_SYS_SOCKIO_H 1
| #define HAVE_SYS_STAT_H 1
| #define HAVE_SYS_PARAM_H 1
| #define HAVE_TERMIOS_H 1
| #define HAVE_FCNTL_H 1
| #define HAVE_PWD_H 1
| #define HAVE_UTIME_H 1
| #define HAVE_SYS_POLL_H 1
| #define HAVE_POLL_H 1
| #define HAVE_SYS_RESOURCE_H 1
| #define HAVE_LIBGEN_H 1
| #define HAVE_LOCALE_H 1
| #define HAVE_ERRNO_H 1
| #define HAVE_STDBOOL_H 1
| #define HAVE_ARPA_TFTP_H 1
| #define HAVE_SYS_FILIO_H 1
| #define HAVE_SYS_WAIT_H 1
| #define HAVE_SETJMP_H 1
| #define HAVE_VARIADIC_MACROS_C99 1
| #define HAVE_VARIADIC_MACROS_GCC 1
| #define HAVE_SYS_TYPES_H 1
| #define HAVE_SYS_TIME_H 1
| #define HAVE_SYS_SOCKET_H 1
| #define HAVE_STRUCT_TIMEVAL 1
| #define SIZEOF_SIZE_T 4
| #define SIZEOF_LONG 4
| #define SIZEOF_INT 4
| #define SIZEOF_TIME_T 4
| #define SIZEOF_OFF_T 8
| #define SIZEOF_CURL_OFF_T 8
| #define HAVE_LONGLONG 1
| #define HAVE_BOOL_T 1
| #define CURL_SA_FAMILY_T sa_family_t
| #define HAVE_SUSECONDS_T 1
| #define HAVE_SYS_TYPES_H 1
| #define HAVE_POLL_H 1
| #define HAVE_SYS_POLL_H 1
| #define HAVE_STRUCT_SOCKADDR_STORAGE 1
| #define HAVE_SYS_SELECT_H 1
| #define HAVE_SYS_SOCKET_H 1
| #define SELECT_TYPE_ARG1 int
| #define SELECT_TYPE_ARG234 fd_set *
| #define SELECT_TYPE_RETV int
| #define SELECT_QUAL_ARG5 
| #define SELECT_TYPE_ARG5 struct timeval *
| #define HAVE_SELECT 1
| #define HAVE_SYS_TYPES_H 1
| #define HAVE_SYS_SOCKET_H 1
| #define RECV_TYPE_ARG1 int
| #define RECV_TYPE_ARG2 char *
| #define RECV_TYPE_ARG3 size_t
| #define RECV_TYPE_ARG4 int
| #define RECV_TYPE_RETV int
| #define HAVE_RECV 1
| #define HAVE_SYS_TYPES_H 1
| #define HAVE_SYS_SOCKET_H 1
| #define SEND_TYPE_ARG1 int
| #define SEND_TYPE_ARG3 size_t
| #define SEND_TYPE_ARG4 int
| #define SEND_TYPE_RETV int
| #define SEND_QUAL_ARG2 
| #define SEND_TYPE_ARG2 char *
| #define HAVE_SEND 1
| #define HAVE_SYS_TYPES_H 1
| #define HAVE_SYS_SOCKET_H 1
| #define HAVE_MSG_NOSIGNAL 1
| #define HAVE_SYS_TYPES_H 1
| #define HAVE_UNISTD_H 1
| #define HAVE_ALARM 1
| #define HAVE_SYS_TYPES_H 1
| #define HAVE_STRING_H 1
| #define HAVE_STRINGS_H 1
| #define HAVE_SYS_TYPES_H 1
| #define HAVE_LIBGEN_H 1
| #define HAVE_BASENAME 1
| #define HAVE_SYS_TYPES_H 1
| #define HAVE_SYS_TYPES_H 1
| #define HAVE_SYS_SOCKET_H 1
| #define HAVE_CLOSESOCKET_CAMEL 1
| #define HAVE_CONNECT 1
| #define HAVE_SYS_TYPES_H 1
| #define HAVE_UNISTD_H 1
| #define HAVE_FCNTL_H 1
| #define HAVE_FCNTL 1
| #define HAVE_FCNTL_O_NONBLOCK 1
| #define HAVE_SYS_TYPES_H 1
| #define HAVE_NETDB_H 1
| #define HAVE_FREEADDRINFO 1
| #define HAVE_SYS_TYPES_H 1
| #define HAVE_FTRUNCATE 1
| #define HAVE_SYS_TYPES_H 1
| #define HAVE_STDLIB_H 1
| #define HAVE_GETADDRINFO 1
| #define HAVE_GETADDRINFO_THREADSAFE 1
| #define HAVE_GETHOSTBYNAME 1
| #define HAVE_GETHOSTNAME 1
| #define HAVE_GETPEERNAME 1
| #define HAVE_GETSOCKNAME 1
| #define HAVE_NET_IF_H 1
| #define HAVE_IF_NAMETOINDEX 1
| #define HAVE_SYS_TYPES_H 1
| #define HAVE_SYS_SOCKET_H 1
| #define HAVE_NETINET_IN_H 1
| #define HAVE_IFADDRS_H 1
| #define HAVE_GETIFADDRS 1
| #define HAVE_SYS_TYPES_H 1
| #define HAVE_SYS_TIME_H 1
| #define HAVE_GMTIME_R 1
| #define HAVE_SYS_TYPES_H 1
| #define HAVE_SYS_SOCKET_H 1
| #define HAVE_NETINET_IN_H 1
| #define HAVE_ARPA_INET_H 1
| #define HAVE_INET_NTOP 1
| #define HAVE_INET_PTON 1
| #define HAVE_IOCTLSOCKET_CAMEL 1
| #define HAVE_IOCTLSOCKET_CAMEL_FIONBIO 1
| #define HAVE_POLL_FINE 1
| #define HAVE_SYS_TYPES_H 1
| #define HAVE_SIGNAL_H 1
| #define HAVE_SIGACTION 1
| #define HAVE_SIGNAL 1
| #define HAVE_SYS_TYPES_H 1
| #define HAVE_SETJMP_H 1
| #define HAVE_SIGSETJMP 1
| #define HAVE_SOCKET 1
| #define HAVE_SOCKETPAIR 1
| #define HAVE_STRCASECMP 1
| #define HAVE_STRDUP 1
| #define HAVE_STRERROR_R 1
| #define HAVE_POSIX_STRERROR_R 1
| #define HAVE_STRTOK_R 1
| #define HAVE_STRTOLL 1
| #define HAVE_DECL_GETPWUID_R 1
| #define HAVE_FNMATCH 1
| #define HAVE_FCHMOD 1
| #define HAVE_GETEUID 1
| #define HAVE_GETPPID 1
| #define HAVE_GETPWUID 1
| #define HAVE_GETPWUID_R 1
| #define HAVE_GETRLIMIT 1
| #define HAVE_GETTIMEOFDAY 1
| #define HAVE_IF_NAMETOINDEX 1
| /* end confdefs.h.  */
| 
| #define mach_absolute_time innocuous_mach_absolute_time
| #ifdef __STDC__
| # include <limits.h>
| #else
| # include <assert.h>
| #endif
| #undef mach_absolute_time
| #ifdef __cplusplus
| extern "C"
| #endif
| char mach_absolute_time ();
| #if defined __stub_mach_absolute_time || defined __stub___mach_absolute_time
| choke me
| #endif
| 
| int main (void)
| {
| return mach_absolute_time ();
|  ;
|  return 0;
| }
configure:43524: result: no
configure:43537: checking deeper for mach_absolute_time
configure:43554: ppc-amigaos-gcc -o conftest -mcrt=clib4 -D__USE_INLINE__ -Werror-implicit-function-declaration -O2 -Wno-system-headers -mcrt=clib4 -D__USE_INLINE__      -mcrt=clib4      conftest.c  -lrtmp -lssl -lcrypto -lssl -lcrypto   -lz -lpthread -latomic -lauto >&5
conftest.c: In function 'main':
conftest.c:221:9: error: implicit declaration of function 'mach_absolute_time' [-Werror=implicit-function-declaration]
  221 |         mach_absolute_time ();
      |         ^~~~~~~~~~~~~~~~~~
cc1: some warnings being treated as errors
configure:43554: $? = 1
configure: failed program was:
| /* confdefs.h */
| #define PACKAGE_NAME "curl"
| #define PACKAGE_TARNAME "curl"
| #define PACKAGE_VERSION "-"
| #define PACKAGE_STRING "curl -"
| #define PACKAGE_BUGREPORT "a suitable curl mailing list: https://curl.se/mail/"
| #define PACKAGE_URL ""
| #define HAVE_STDIO_H 1
| #define HAVE_STDLIB_H 1
| #define HAVE_STRING_H 1
| #define HAVE_INTTYPES_H 1
| #define HAVE_STDINT_H 1
| #define HAVE_STRINGS_H 1
| #define HAVE_SYS_STAT_H 1
| #define HAVE_SYS_TYPES_H 1
| #define HAVE_UNISTD_H 1
| #define STDC_HEADERS 1
| #define HAVE_STDATOMIC_H 1
| #define HAVE_ATOMIC 1
| #define PACKAGE "curl"
| #define VERSION "-"
| #define OS "powerpc-unknown-amigaos"
| #define HAVE_DLFCN_H 1
| #define LT_OBJDIR ".libs/"
| #define HAVE_LDAP_SSL 1
| #define HAVE_PROTO_BSDSOCKET_H 1
| #define HAVE_SYS_TYPES_H 1
| #define HAVE_SYS_TIME_H 1
| #define HAVE_CLOCK_GETTIME_MONOTONIC 1
| #define HAVE_ZLIB_H 1
| #define HAVE_LIBZ 1
| #define HAVE_BROTLI_DECODE_H 1
| #define HAVE_BROTLI 1
| #define CURL_DISABLE_LDAP 1
| #define CURL_DISABLE_LDAPS 1
| #define HAVE_LIBSSL 1
| #define HAVE_OPENSSL_X509_H 1
| #define USE_OPENSSL 1
| #define HAVE_OPENSSL_RSA_H 1
| #define USE_OPENSSL 1
| #define HAVE_OPENSSL_CRYPTO_H 1
| #define USE_OPENSSL 1
| #define HAVE_OPENSSL_PEM_H 1
| #define USE_OPENSSL 1
| #define HAVE_OPENSSL_SSL_H 1
| #define USE_OPENSSL 1
| #define HAVE_OPENSSL_ERR_H 1
| #define USE_OPENSSL 1
| #define HAVE_OPENSSL_SRP 1
| #define CURL_CA_FALLBACK 1
| #define HAVE_LIBRTMP_RTMP_H 1
| #define USE_LIBRTMP 1
| #define HAVE_IDN2_H 1
| #define HAVE_NGHTTP2_NGHTTP2_H 1
| #define USE_NGHTTP2 1
| #define HAVE_SYS_TYPES_H 1
| #define HAVE_SYS_TIME_H 1
| #define HAVE_SYS_SELECT_H 1
| #define HAVE_SYS_SOCKET_H 1
| #define HAVE_SYS_IOCTL_H 1
| #define HAVE_SYS_UIO_H 1
| #define HAVE_ASSERT_H 1
| #define HAVE_UNISTD_H 1
| #define HAVE_STDLIB_H 1
| #define HAVE_ARPA_INET_H 1
| #define HAVE_NET_IF_H 1
| #define HAVE_NETINET_IN_H 1
| #define HAVE_SYS_UN_H 1
| #define HAVE_NETINET_TCP_H 1
| #define HAVE_NETINET_UDP_H 1
| #define HAVE_NETDB_H 1
| #define HAVE_SYS_SOCKIO_H 1
| #define HAVE_SYS_STAT_H 1
| #define HAVE_SYS_PARAM_H 1
| #define HAVE_TERMIOS_H 1
| #define HAVE_FCNTL_H 1
| #define HAVE_PWD_H 1
| #define HAVE_UTIME_H 1
| #define HAVE_SYS_POLL_H 1
| #define HAVE_POLL_H 1
| #define HAVE_SYS_RESOURCE_H 1
| #define HAVE_LIBGEN_H 1
| #define HAVE_LOCALE_H 1
| #define HAVE_ERRNO_H 1
| #define HAVE_STDBOOL_H 1
| #define HAVE_ARPA_TFTP_H 1
| #define HAVE_SYS_FILIO_H 1
| #define HAVE_SYS_WAIT_H 1
| #define HAVE_SETJMP_H 1
| #define HAVE_VARIADIC_MACROS_C99 1
| #define HAVE_VARIADIC_MACROS_GCC 1
| #define HAVE_SYS_TYPES_H 1
| #define HAVE_SYS_TIME_H 1
| #define HAVE_SYS_SOCKET_H 1
| #define HAVE_STRUCT_TIMEVAL 1
| #define SIZEOF_SIZE_T 4
| #define SIZEOF_LONG 4
| #define SIZEOF_INT 4
| #define SIZEOF_TIME_T 4
| #define SIZEOF_OFF_T 8
| #define SIZEOF_CURL_OFF_T 8
| #define HAVE_LONGLONG 1
| #define HAVE_BOOL_T 1
| #define CURL_SA_FAMILY_T sa_family_t
| #define HAVE_SUSECONDS_T 1
| #define HAVE_SYS_TYPES_H 1
| #define HAVE_POLL_H 1
| #define HAVE_SYS_POLL_H 1
| #define HAVE_STRUCT_SOCKADDR_STORAGE 1
| #define HAVE_SYS_SELECT_H 1
| #define HAVE_SYS_SOCKET_H 1
| #define SELECT_TYPE_ARG1 int
| #define SELECT_TYPE_ARG234 fd_set *
| #define SELECT_TYPE_RETV int
| #define SELECT_QUAL_ARG5 
| #define SELECT_TYPE_ARG5 struct timeval *
| #define HAVE_SELECT 1
| #define HAVE_SYS_TYPES_H 1
| #define HAVE_SYS_SOCKET_H 1
| #define RECV_TYPE_ARG1 int
| #define RECV_TYPE_ARG2 char *
| #define RECV_TYPE_ARG3 size_t
| #define RECV_TYPE_ARG4 int
| #define RECV_TYPE_RETV int
| #define HAVE_RECV 1
| #define HAVE_SYS_TYPES_H 1
| #define HAVE_SYS_SOCKET_H 1
| #define SEND_TYPE_ARG1 int
| #define SEND_TYPE_ARG3 size_t
| #define SEND_TYPE_ARG4 int
| #define SEND_TYPE_RETV int
| #define SEND_QUAL_ARG2 
| #define SEND_TYPE_ARG2 char *
| #define HAVE_SEND 1
| #define HAVE_SYS_TYPES_H 1
| #define HAVE_SYS_SOCKET_H 1
| #define HAVE_MSG_NOSIGNAL 1
| #define HAVE_SYS_TYPES_H 1
| #define HAVE_UNISTD_H 1
| #define HAVE_ALARM 1
| #define HAVE_SYS_TYPES_H 1
| #define HAVE_STRING_H 1
| #define HAVE_STRINGS_H 1
| #define HAVE_SYS_TYPES_H 1
| #define HAVE_LIBGEN_H 1
| #define HAVE_BASENAME 1
| #define HAVE_SYS_TYPES_H 1
| #define HAVE_SYS_TYPES_H 1
| #define HAVE_SYS_SOCKET_H 1
| #define HAVE_CLOSESOCKET_CAMEL 1
| #define HAVE_CONNECT 1
| #define HAVE_SYS_TYPES_H 1
| #define HAVE_UNISTD_H 1
| #define HAVE_FCNTL_H 1
| #define HAVE_FCNTL 1
| #define HAVE_FCNTL_O_NONBLOCK 1
| #define HAVE_SYS_TYPES_H 1
| #define HAVE_NETDB_H 1
| #define HAVE_FREEADDRINFO 1
| #define HAVE_SYS_TYPES_H 1
| #define HAVE_FTRUNCATE 1
| #define HAVE_SYS_TYPES_H 1
| #define HAVE_STDLIB_H 1
| #define HAVE_GETADDRINFO 1
| #define HAVE_GETADDRINFO_THREADSAFE 1
| #define HAVE_GETHOSTBYNAME 1
| #define HAVE_GETHOSTNAME 1
| #define HAVE_GETPEERNAME 1
| #define HAVE_GETSOCKNAME 1
| #define HAVE_NET_IF_H 1
| #define HAVE_IF_NAMETOINDEX 1
| #define HAVE_SYS_TYPES_H 1
| #define HAVE_SYS_SOCKET_H 1
| #define HAVE_NETINET_IN_H 1
| #define HAVE_IFADDRS_H 1
| #define HAVE_GETIFADDRS 1
| #define HAVE_SYS_TYPES_H 1
| #define HAVE_SYS_TIME_H 1
| #define HAVE_GMTIME_R 1
| #define HAVE_SYS_TYPES_H 1
| #define HAVE_SYS_SOCKET_H 1
| #define HAVE_NETINET_IN_H 1
| #define HAVE_ARPA_INET_H 1
| #define HAVE_INET_NTOP 1
| #define HAVE_INET_PTON 1
| #define HAVE_IOCTLSOCKET_CAMEL 1
| #define HAVE_IOCTLSOCKET_CAMEL_FIONBIO 1
| #define HAVE_POLL_FINE 1
| #define HAVE_SYS_TYPES_H 1
| #define HAVE_SIGNAL_H 1
| #define HAVE_SIGACTION 1
| #define HAVE_SIGNAL 1
| #define HAVE_SYS_TYPES_H 1
| #define HAVE_SETJMP_H 1
| #define HAVE_SIGSETJMP 1
| #define HAVE_SOCKET 1
| #define HAVE_SOCKETPAIR 1
| #define HAVE_STRCASECMP 1
| #define HAVE_STRDUP 1
| #define HAVE_STRERROR_R 1
| #define HAVE_POSIX_STRERROR_R 1
| #define HAVE_STRTOK_R 1
| #define HAVE_STRTOLL 1
| #define HAVE_DECL_GETPWUID_R 1
| #define HAVE_FNMATCH 1
| #define HAVE_FCHMOD 1
| #define HAVE_GETEUID 1
| #define HAVE_GETPPID 1
| #define HAVE_GETPWUID 1
| #define HAVE_GETPWUID_R 1
| #define HAVE_GETRLIMIT 1
| #define HAVE_GETTIMEOFDAY 1
| #define HAVE_IF_NAMETOINDEX 1
| /* end confdefs.h.  */
| 
| 
| 
| int main (void)
| {
| 
|         mach_absolute_time ();
| 
|  ;
|  return 0;
| }
| 
configure:43568: result: but still no
configure:43524: checking for pipe
configure:43524: ppc-amigaos-gcc -o conftest -mcrt=clib4 -D__USE_INLINE__ -Werror-implicit-function-declaration -O2 -Wno-system-headers -mcrt=clib4 -D__USE_INLINE__      -mcrt=clib4      conftest.c  -lrtmp -lssl -lcrypto -lssl -lcrypto   -lz -lpthread -latomic -lauto >&5
configure:43524: $? = 0
configure:43524: result: yes
configure:43524: checking for sched_yield
configure:43524: ppc-amigaos-gcc -o conftest -mcrt=clib4 -D__USE_INLINE__ -Werror-implicit-function-declaration -O2 -Wno-system-headers -mcrt=clib4 -D__USE_INLINE__      -mcrt=clib4      conftest.c  -lrtmp -lssl -lcrypto -lssl -lcrypto   -lz -lpthread -latomic -lauto >&5
configure:43524: $? = 0
configure:43524: result: yes
configure:43524: checking for sendmsg
configure:43524: ppc-amigaos-gcc -o conftest -mcrt=clib4 -D__USE_INLINE__ -Werror-implicit-function-declaration -O2 -Wno-system-headers -mcrt=clib4 -D__USE_INLINE__      -mcrt=clib4      conftest.c  -lrtmp -lssl -lcrypto -lssl -lcrypto   -lz -lpthread -latomic -lauto >&5
configure:43524: $? = 0
configure:43524: result: yes
configure:43524: checking for setlocale
configure:43524: ppc-amigaos-gcc -o conftest -mcrt=clib4 -D__USE_INLINE__ -Werror-implicit-function-declaration -O2 -Wno-system-headers -mcrt=clib4 -D__USE_INLINE__      -mcrt=clib4      conftest.c  -lrtmp -lssl -lcrypto -lssl -lcrypto   -lz -lpthread -latomic -lauto >&5
configure:43524: $? = 0
configure:43524: result: yes
configure:43524: checking for setmode
configure:43524: ppc-amigaos-gcc -o conftest -mcrt=clib4 -D__USE_INLINE__ -Werror-implicit-function-declaration -O2 -Wno-system-headers -mcrt=clib4 -D__USE_INLINE__      -mcrt=clib4      conftest.c  -lrtmp -lssl -lcrypto -lssl -lcrypto   -lz -lpthread -latomic -lauto >&5
/tmp/ccieCuSd.o: In function `main':
conftest.c:(.text.startup+0xc): undefined reference to `setmode'
collect2: error: ld returned 1 exit status
configure:43524: $? = 1
configure: failed program was:
| /* confdefs.h */
| #define PACKAGE_NAME "curl"
| #define PACKAGE_TARNAME "curl"
| #define PACKAGE_VERSION "-"
| #define PACKAGE_STRING "curl -"
| #define PACKAGE_BUGREPORT "a suitable curl mailing list: https://curl.se/mail/"
| #define PACKAGE_URL ""
| #define HAVE_STDIO_H 1
| #define HAVE_STDLIB_H 1
| #define HAVE_STRING_H 1
| #define HAVE_INTTYPES_H 1
| #define HAVE_STDINT_H 1
| #define HAVE_STRINGS_H 1
| #define HAVE_SYS_STAT_H 1
| #define HAVE_SYS_TYPES_H 1
| #define HAVE_UNISTD_H 1
| #define STDC_HEADERS 1
| #define HAVE_STDATOMIC_H 1
| #define HAVE_ATOMIC 1
| #define PACKAGE "curl"
| #define VERSION "-"
| #define OS "powerpc-unknown-amigaos"
| #define HAVE_DLFCN_H 1
| #define LT_OBJDIR ".libs/"
| #define HAVE_LDAP_SSL 1
| #define HAVE_PROTO_BSDSOCKET_H 1
| #define HAVE_SYS_TYPES_H 1
| #define HAVE_SYS_TIME_H 1
| #define HAVE_CLOCK_GETTIME_MONOTONIC 1
| #define HAVE_ZLIB_H 1
| #define HAVE_LIBZ 1
| #define HAVE_BROTLI_DECODE_H 1
| #define HAVE_BROTLI 1
| #define CURL_DISABLE_LDAP 1
| #define CURL_DISABLE_LDAPS 1
| #define HAVE_LIBSSL 1
| #define HAVE_OPENSSL_X509_H 1
| #define USE_OPENSSL 1
| #define HAVE_OPENSSL_RSA_H 1
| #define USE_OPENSSL 1
| #define HAVE_OPENSSL_CRYPTO_H 1
| #define USE_OPENSSL 1
| #define HAVE_OPENSSL_PEM_H 1
| #define USE_OPENSSL 1
| #define HAVE_OPENSSL_SSL_H 1
| #define USE_OPENSSL 1
| #define HAVE_OPENSSL_ERR_H 1
| #define USE_OPENSSL 1
| #define HAVE_OPENSSL_SRP 1
| #define CURL_CA_FALLBACK 1
| #define HAVE_LIBRTMP_RTMP_H 1
| #define USE_LIBRTMP 1
| #define HAVE_IDN2_H 1
| #define HAVE_NGHTTP2_NGHTTP2_H 1
| #define USE_NGHTTP2 1
| #define HAVE_SYS_TYPES_H 1
| #define HAVE_SYS_TIME_H 1
| #define HAVE_SYS_SELECT_H 1
| #define HAVE_SYS_SOCKET_H 1
| #define HAVE_SYS_IOCTL_H 1
| #define HAVE_SYS_UIO_H 1
| #define HAVE_ASSERT_H 1
| #define HAVE_UNISTD_H 1
| #define HAVE_STDLIB_H 1
| #define HAVE_ARPA_INET_H 1
| #define HAVE_NET_IF_H 1
| #define HAVE_NETINET_IN_H 1
| #define HAVE_SYS_UN_H 1
| #define HAVE_NETINET_TCP_H 1
| #define HAVE_NETINET_UDP_H 1
| #define HAVE_NETDB_H 1
| #define HAVE_SYS_SOCKIO_H 1
| #define HAVE_SYS_STAT_H 1
| #define HAVE_SYS_PARAM_H 1
| #define HAVE_TERMIOS_H 1
| #define HAVE_FCNTL_H 1
| #define HAVE_PWD_H 1
| #define HAVE_UTIME_H 1
| #define HAVE_SYS_POLL_H 1
| #define HAVE_POLL_H 1
| #define HAVE_SYS_RESOURCE_H 1
| #define HAVE_LIBGEN_H 1
| #define HAVE_LOCALE_H 1
| #define HAVE_ERRNO_H 1
| #define HAVE_STDBOOL_H 1
| #define HAVE_ARPA_TFTP_H 1
| #define HAVE_SYS_FILIO_H 1
| #define HAVE_SYS_WAIT_H 1
| #define HAVE_SETJMP_H 1
| #define HAVE_VARIADIC_MACROS_C99 1
| #define HAVE_VARIADIC_MACROS_GCC 1
| #define HAVE_SYS_TYPES_H 1
| #define HAVE_SYS_TIME_H 1
| #define HAVE_SYS_SOCKET_H 1
| #define HAVE_STRUCT_TIMEVAL 1
| #define SIZEOF_SIZE_T 4
| #define SIZEOF_LONG 4
| #define SIZEOF_INT 4
| #define SIZEOF_TIME_T 4
| #define SIZEOF_OFF_T 8
| #define SIZEOF_CURL_OFF_T 8
| #define HAVE_LONGLONG 1
| #define HAVE_BOOL_T 1
| #define CURL_SA_FAMILY_T sa_family_t
| #define HAVE_SUSECONDS_T 1
| #define HAVE_SYS_TYPES_H 1
| #define HAVE_POLL_H 1
| #define HAVE_SYS_POLL_H 1
| #define HAVE_STRUCT_SOCKADDR_STORAGE 1
| #define HAVE_SYS_SELECT_H 1
| #define HAVE_SYS_SOCKET_H 1
| #define SELECT_TYPE_ARG1 int
| #define SELECT_TYPE_ARG234 fd_set *
| #define SELECT_TYPE_RETV int
| #define SELECT_QUAL_ARG5 
| #define SELECT_TYPE_ARG5 struct timeval *
| #define HAVE_SELECT 1
| #define HAVE_SYS_TYPES_H 1
| #define HAVE_SYS_SOCKET_H 1
| #define RECV_TYPE_ARG1 int
| #define RECV_TYPE_ARG2 char *
| #define RECV_TYPE_ARG3 size_t
| #define RECV_TYPE_ARG4 int
| #define RECV_TYPE_RETV int
| #define HAVE_RECV 1
| #define HAVE_SYS_TYPES_H 1
| #define HAVE_SYS_SOCKET_H 1
| #define SEND_TYPE_ARG1 int
| #define SEND_TYPE_ARG3 size_t
| #define SEND_TYPE_ARG4 int
| #define SEND_TYPE_RETV int
| #define SEND_QUAL_ARG2 
| #define SEND_TYPE_ARG2 char *
| #define HAVE_SEND 1
| #define HAVE_SYS_TYPES_H 1
| #define HAVE_SYS_SOCKET_H 1
| #define HAVE_MSG_NOSIGNAL 1
| #define HAVE_SYS_TYPES_H 1
| #define HAVE_UNISTD_H 1
| #define HAVE_ALARM 1
| #define HAVE_SYS_TYPES_H 1
| #define HAVE_STRING_H 1
| #define HAVE_STRINGS_H 1
| #define HAVE_SYS_TYPES_H 1
| #define HAVE_LIBGEN_H 1
| #define HAVE_BASENAME 1
| #define HAVE_SYS_TYPES_H 1
| #define HAVE_SYS_TYPES_H 1
| #define HAVE_SYS_SOCKET_H 1
| #define HAVE_CLOSESOCKET_CAMEL 1
| #define HAVE_CONNECT 1
| #define HAVE_SYS_TYPES_H 1
| #define HAVE_UNISTD_H 1
| #define HAVE_FCNTL_H 1
| #define HAVE_FCNTL 1
| #define HAVE_FCNTL_O_NONBLOCK 1
| #define HAVE_SYS_TYPES_H 1
| #define HAVE_NETDB_H 1
| #define HAVE_FREEADDRINFO 1
| #define HAVE_SYS_TYPES_H 1
| #define HAVE_FTRUNCATE 1
| #define HAVE_SYS_TYPES_H 1
| #define HAVE_STDLIB_H 1
| #define HAVE_GETADDRINFO 1
| #define HAVE_GETADDRINFO_THREADSAFE 1
| #define HAVE_GETHOSTBYNAME 1
| #define HAVE_GETHOSTNAME 1
| #define HAVE_GETPEERNAME 1
| #define HAVE_GETSOCKNAME 1
| #define HAVE_NET_IF_H 1
| #define HAVE_IF_NAMETOINDEX 1
| #define HAVE_SYS_TYPES_H 1
| #define HAVE_SYS_SOCKET_H 1
| #define HAVE_NETINET_IN_H 1
| #define HAVE_IFADDRS_H 1
| #define HAVE_GETIFADDRS 1
| #define HAVE_SYS_TYPES_H 1
| #define HAVE_SYS_TIME_H 1
| #define HAVE_GMTIME_R 1
| #define HAVE_SYS_TYPES_H 1
| #define HAVE_SYS_SOCKET_H 1
| #define HAVE_NETINET_IN_H 1
| #define HAVE_ARPA_INET_H 1
| #define HAVE_INET_NTOP 1
| #define HAVE_INET_PTON 1
| #define HAVE_IOCTLSOCKET_CAMEL 1
| #define HAVE_IOCTLSOCKET_CAMEL_FIONBIO 1
| #define HAVE_POLL_FINE 1
| #define HAVE_SYS_TYPES_H 1
| #define HAVE_SIGNAL_H 1
| #define HAVE_SIGACTION 1
| #define HAVE_SIGNAL 1
| #define HAVE_SYS_TYPES_H 1
| #define HAVE_SETJMP_H 1
| #define HAVE_SIGSETJMP 1
| #define HAVE_SOCKET 1
| #define HAVE_SOCKETPAIR 1
| #define HAVE_STRCASECMP 1
| #define HAVE_STRDUP 1
| #define HAVE_STRERROR_R 1
| #define HAVE_POSIX_STRERROR_R 1
| #define HAVE_STRTOK_R 1
| #define HAVE_STRTOLL 1
| #define HAVE_DECL_GETPWUID_R 1
| #define HAVE_FNMATCH 1
| #define HAVE_FCHMOD 1
| #define HAVE_GETEUID 1
| #define HAVE_GETPPID 1
| #define HAVE_GETPWUID 1
| #define HAVE_GETPWUID_R 1
| #define HAVE_GETRLIMIT 1
| #define HAVE_GETTIMEOFDAY 1
| #define HAVE_IF_NAMETOINDEX 1
| #define HAVE_PIPE 1
| #define HAVE_SCHED_YIELD 1
| #define HAVE_SENDMSG 1
| #define HAVE_SETLOCALE 1
| /* end confdefs.h.  */
| 
| #define setmode innocuous_setmode
| #ifdef __STDC__
| # include <limits.h>
| #else
| # include <assert.h>
| #endif
| #undef setmode
| #ifdef __cplusplus
| extern "C"
| #endif
| char setmode ();
| #if defined __stub_setmode || defined __stub___setmode
| choke me
| #endif
| 
| int main (void)
| {
| return setmode ();
|  ;
|  return 0;
| }
configure:43524: result: no
configure:43537: checking deeper for setmode
configure:43554: ppc-amigaos-gcc -o conftest -mcrt=clib4 -D__USE_INLINE__ -Werror-implicit-function-declaration -O2 -Wno-system-headers -mcrt=clib4 -D__USE_INLINE__      -mcrt=clib4      conftest.c  -lrtmp -lssl -lcrypto -lssl -lcrypto   -lz -lpthread -latomic -lauto >&5
conftest.c: In function 'main':
conftest.c:225:9: error: implicit declaration of function 'setmode' [-Werror=implicit-function-declaration]
  225 |         setmode ();
      |         ^~~~~~~
cc1: some warnings being treated as errors
configure:43554: $? = 1
configure: failed program was:
| /* confdefs.h */
| #define PACKAGE_NAME "curl"
| #define PACKAGE_TARNAME "curl"
| #define PACKAGE_VERSION "-"
| #define PACKAGE_STRING "curl -"
| #define PACKAGE_BUGREPORT "a suitable curl mailing list: https://curl.se/mail/"
| #define PACKAGE_URL ""
| #define HAVE_STDIO_H 1
| #define HAVE_STDLIB_H 1
| #define HAVE_STRING_H 1
| #define HAVE_INTTYPES_H 1
| #define HAVE_STDINT_H 1
| #define HAVE_STRINGS_H 1
| #define HAVE_SYS_STAT_H 1
| #define HAVE_SYS_TYPES_H 1
| #define HAVE_UNISTD_H 1
| #define STDC_HEADERS 1
| #define HAVE_STDATOMIC_H 1
| #define HAVE_ATOMIC 1
| #define PACKAGE "curl"
| #define VERSION "-"
| #define OS "powerpc-unknown-amigaos"
| #define HAVE_DLFCN_H 1
| #define LT_OBJDIR ".libs/"
| #define HAVE_LDAP_SSL 1
| #define HAVE_PROTO_BSDSOCKET_H 1
| #define HAVE_SYS_TYPES_H 1
| #define HAVE_SYS_TIME_H 1
| #define HAVE_CLOCK_GETTIME_MONOTONIC 1
| #define HAVE_ZLIB_H 1
| #define HAVE_LIBZ 1
| #define HAVE_BROTLI_DECODE_H 1
| #define HAVE_BROTLI 1
| #define CURL_DISABLE_LDAP 1
| #define CURL_DISABLE_LDAPS 1
| #define HAVE_LIBSSL 1
| #define HAVE_OPENSSL_X509_H 1
| #define USE_OPENSSL 1
| #define HAVE_OPENSSL_RSA_H 1
| #define USE_OPENSSL 1
| #define HAVE_OPENSSL_CRYPTO_H 1
| #define USE_OPENSSL 1
| #define HAVE_OPENSSL_PEM_H 1
| #define USE_OPENSSL 1
| #define HAVE_OPENSSL_SSL_H 1
| #define USE_OPENSSL 1
| #define HAVE_OPENSSL_ERR_H 1
| #define USE_OPENSSL 1
| #define HAVE_OPENSSL_SRP 1
| #define CURL_CA_FALLBACK 1
| #define HAVE_LIBRTMP_RTMP_H 1
| #define USE_LIBRTMP 1
| #define HAVE_IDN2_H 1
| #define HAVE_NGHTTP2_NGHTTP2_H 1
| #define USE_NGHTTP2 1
| #define HAVE_SYS_TYPES_H 1
| #define HAVE_SYS_TIME_H 1
| #define HAVE_SYS_SELECT_H 1
| #define HAVE_SYS_SOCKET_H 1
| #define HAVE_SYS_IOCTL_H 1
| #define HAVE_SYS_UIO_H 1
| #define HAVE_ASSERT_H 1
| #define HAVE_UNISTD_H 1
| #define HAVE_STDLIB_H 1
| #define HAVE_ARPA_INET_H 1
| #define HAVE_NET_IF_H 1
| #define HAVE_NETINET_IN_H 1
| #define HAVE_SYS_UN_H 1
| #define HAVE_NETINET_TCP_H 1
| #define HAVE_NETINET_UDP_H 1
| #define HAVE_NETDB_H 1
| #define HAVE_SYS_SOCKIO_H 1
| #define HAVE_SYS_STAT_H 1
| #define HAVE_SYS_PARAM_H 1
| #define HAVE_TERMIOS_H 1
| #define HAVE_FCNTL_H 1
| #define HAVE_PWD_H 1
| #define HAVE_UTIME_H 1
| #define HAVE_SYS_POLL_H 1
| #define HAVE_POLL_H 1
| #define HAVE_SYS_RESOURCE_H 1
| #define HAVE_LIBGEN_H 1
| #define HAVE_LOCALE_H 1
| #define HAVE_ERRNO_H 1
| #define HAVE_STDBOOL_H 1
| #define HAVE_ARPA_TFTP_H 1
| #define HAVE_SYS_FILIO_H 1
| #define HAVE_SYS_WAIT_H 1
| #define HAVE_SETJMP_H 1
| #define HAVE_VARIADIC_MACROS_C99 1
| #define HAVE_VARIADIC_MACROS_GCC 1
| #define HAVE_SYS_TYPES_H 1
| #define HAVE_SYS_TIME_H 1
| #define HAVE_SYS_SOCKET_H 1
| #define HAVE_STRUCT_TIMEVAL 1
| #define SIZEOF_SIZE_T 4
| #define SIZEOF_LONG 4
| #define SIZEOF_INT 4
| #define SIZEOF_TIME_T 4
| #define SIZEOF_OFF_T 8
| #define SIZEOF_CURL_OFF_T 8
| #define HAVE_LONGLONG 1
| #define HAVE_BOOL_T 1
| #define CURL_SA_FAMILY_T sa_family_t
| #define HAVE_SUSECONDS_T 1
| #define HAVE_SYS_TYPES_H 1
| #define HAVE_POLL_H 1
| #define HAVE_SYS_POLL_H 1
| #define HAVE_STRUCT_SOCKADDR_STORAGE 1
| #define HAVE_SYS_SELECT_H 1
| #define HAVE_SYS_SOCKET_H 1
| #define SELECT_TYPE_ARG1 int
| #define SELECT_TYPE_ARG234 fd_set *
| #define SELECT_TYPE_RETV int
| #define SELECT_QUAL_ARG5 
| #define SELECT_TYPE_ARG5 struct timeval *
| #define HAVE_SELECT 1
| #define HAVE_SYS_TYPES_H 1
| #define HAVE_SYS_SOCKET_H 1
| #define RECV_TYPE_ARG1 int
| #define RECV_TYPE_ARG2 char *
| #define RECV_TYPE_ARG3 size_t
| #define RECV_TYPE_ARG4 int
| #define RECV_TYPE_RETV int
| #define HAVE_RECV 1
| #define HAVE_SYS_TYPES_H 1
| #define HAVE_SYS_SOCKET_H 1
| #define SEND_TYPE_ARG1 int
| #define SEND_TYPE_ARG3 size_t
| #define SEND_TYPE_ARG4 int
| #define SEND_TYPE_RETV int
| #define SEND_QUAL_ARG2 
| #define SEND_TYPE_ARG2 char *
| #define HAVE_SEND 1
| #define HAVE_SYS_TYPES_H 1
| #define HAVE_SYS_SOCKET_H 1
| #define HAVE_MSG_NOSIGNAL 1
| #define HAVE_SYS_TYPES_H 1
| #define HAVE_UNISTD_H 1
| #define HAVE_ALARM 1
| #define HAVE_SYS_TYPES_H 1
| #define HAVE_STRING_H 1
| #define HAVE_STRINGS_H 1
| #define HAVE_SYS_TYPES_H 1
| #define HAVE_LIBGEN_H 1
| #define HAVE_BASENAME 1
| #define HAVE_SYS_TYPES_H 1
| #define HAVE_SYS_TYPES_H 1
| #define HAVE_SYS_SOCKET_H 1
| #define HAVE_CLOSESOCKET_CAMEL 1
| #define HAVE_CONNECT 1
| #define HAVE_SYS_TYPES_H 1
| #define HAVE_UNISTD_H 1
| #define HAVE_FCNTL_H 1
| #define HAVE_FCNTL 1
| #define HAVE_FCNTL_O_NONBLOCK 1
| #define HAVE_SYS_TYPES_H 1
| #define HAVE_NETDB_H 1
| #define HAVE_FREEADDRINFO 1
| #define HAVE_SYS_TYPES_H 1
| #define HAVE_FTRUNCATE 1
| #define HAVE_SYS_TYPES_H 1
| #define HAVE_STDLIB_H 1
| #define HAVE_GETADDRINFO 1
| #define HAVE_GETADDRINFO_THREADSAFE 1
| #define HAVE_GETHOSTBYNAME 1
| #define HAVE_GETHOSTNAME 1
| #define HAVE_GETPEERNAME 1
| #define HAVE_GETSOCKNAME 1
| #define HAVE_NET_IF_H 1
| #define HAVE_IF_NAMETOINDEX 1
| #define HAVE_SYS_TYPES_H 1
| #define HAVE_SYS_SOCKET_H 1
| #define HAVE_NETINET_IN_H 1
| #define HAVE_IFADDRS_H 1
| #define HAVE_GETIFADDRS 1
| #define HAVE_SYS_TYPES_H 1
| #define HAVE_SYS_TIME_H 1
| #define HAVE_GMTIME_R 1
| #define HAVE_SYS_TYPES_H 1
| #define HAVE_SYS_SOCKET_H 1
| #define HAVE_NETINET_IN_H 1
| #define HAVE_ARPA_INET_H 1
| #define HAVE_INET_NTOP 1
| #define HAVE_INET_PTON 1
| #define HAVE_IOCTLSOCKET_CAMEL 1
| #define HAVE_IOCTLSOCKET_CAMEL_FIONBIO 1
| #define HAVE_POLL_FINE 1
| #define HAVE_SYS_TYPES_H 1
| #define HAVE_SIGNAL_H 1
| #define HAVE_SIGACTION 1
| #define HAVE_SIGNAL 1
| #define HAVE_SYS_TYPES_H 1
| #define HAVE_SETJMP_H 1
| #define HAVE_SIGSETJMP 1
| #define HAVE_SOCKET 1
| #define HAVE_SOCKETPAIR 1
| #define HAVE_STRCASECMP 1
| #define HAVE_STRDUP 1
| #define HAVE_STRERROR_R 1
| #define HAVE_POSIX_STRERROR_R 1
| #define HAVE_STRTOK_R 1
| #define HAVE_STRTOLL 1
| #define HAVE_DECL_GETPWUID_R 1
| #define HAVE_FNMATCH 1
| #define HAVE_FCHMOD 1
| #define HAVE_GETEUID 1
| #define HAVE_GETPPID 1
| #define HAVE_GETPWUID 1
| #define HAVE_GETPWUID_R 1
| #define HAVE_GETRLIMIT 1
| #define HAVE_GETTIMEOFDAY 1
| #define HAVE_IF_NAMETOINDEX 1
| #define HAVE_PIPE 1
| #define HAVE_SCHED_YIELD 1
| #define HAVE_SENDMSG 1
| #define HAVE_SETLOCALE 1
| /* end confdefs.h.  */
| 
| 
| 
| int main (void)
| {
| 
|         setmode ();
| 
|  ;
|  return 0;
| }
| 
configure:43568: result: but still no
configure:43524: checking for setrlimit
configure:43524: ppc-amigaos-gcc -o conftest -mcrt=clib4 -D__USE_INLINE__ -Werror-implicit-function-declaration -O2 -Wno-system-headers -mcrt=clib4 -D__USE_INLINE__      -mcrt=clib4      conftest.c  -lrtmp -lssl -lcrypto -lssl -lcrypto   -lz -lpthread -latomic -lauto >&5
configure:43524: $? = 0
configure:43524: result: yes
configure:43524: checking for utime
configure:43524: ppc-amigaos-gcc -o conftest -mcrt=clib4 -D__USE_INLINE__ -Werror-implicit-function-declaration -O2 -Wno-system-headers -mcrt=clib4 -D__USE_INLINE__      -mcrt=clib4      conftest.c  -lrtmp -lssl -lcrypto -lssl -lcrypto   -lz -lpthread -latomic -lauto >&5
configure:43524: $? = 0
configure:43524: result: yes
configure:43524: checking for utimes
configure:43524: ppc-amigaos-gcc -o conftest -mcrt=clib4 -D__USE_INLINE__ -Werror-implicit-function-declaration -O2 -Wno-system-headers -mcrt=clib4 -D__USE_INLINE__      -mcrt=clib4      conftest.c  -lrtmp -lssl -lcrypto -lssl -lcrypto   -lz -lpthread -latomic -lauto >&5
configure:43524: $? = 0
configure:43524: result: yes
configure:43584: checking how to set a socket into non-blocking mode
configure:43597: result: fcntl O_NONBLOCK
configure:43608: checking for perl
configure:43632: found /usr/bin/perl
configure:43644: result: /usr/bin/perl
configure:43658: checking for gnroff
configure:43697: result: no
configure:43658: checking for nroff
configure:43682: found /usr/bin/nroff
configure:43694: result: /usr/bin/nroff
configure:43709: checking how to use *nroff to get plain text from man pages
configure:43727: result: -man
configure:44170: checking whether to enable the threaded resolver
configure:44187: result: yes
configure:44192: checking whether to use POSIX threads for threaded resolver
configure:44209: result: auto
configure:44235: checking for pthread.h
configure:44235: ppc-amigaos-gcc -c -mcrt=clib4 -D__USE_INLINE__ -Werror-implicit-function-declaration -O2 -Wno-system-headers -mcrt=clib4 -D__USE_INLINE__      conftest.c >&5
configure:44235: $? = 0
configure:44235: result: yes
configure:44245: checking for pthread_create
configure:44245: ppc-amigaos-gcc -o conftest -mcrt=clib4 -D__USE_INLINE__ -Werror-implicit-function-declaration -O2 -Wno-system-headers -mcrt=clib4 -D__USE_INLINE__      -mcrt=clib4      conftest.c  >&5
/tmp/ccdkvo6i.o: In function `main':
conftest.c:(.text.startup+0xc): undefined reference to `pthread_create'
collect2: error: ld returned 1 exit status
configure:44245: $? = 1
configure: failed program was:
| /* confdefs.h */
| #define PACKAGE_NAME "curl"
| #define PACKAGE_TARNAME "curl"
| #define PACKAGE_VERSION "-"
| #define PACKAGE_STRING "curl -"
| #define PACKAGE_BUGREPORT "a suitable curl mailing list: https://curl.se/mail/"
| #define PACKAGE_URL ""
| #define HAVE_STDIO_H 1
| #define HAVE_STDLIB_H 1
| #define HAVE_STRING_H 1
| #define HAVE_INTTYPES_H 1
| #define HAVE_STDINT_H 1
| #define HAVE_STRINGS_H 1
| #define HAVE_SYS_STAT_H 1
| #define HAVE_SYS_TYPES_H 1
| #define HAVE_UNISTD_H 1
| #define STDC_HEADERS 1
| #define HAVE_STDATOMIC_H 1
| #define HAVE_ATOMIC 1
| #define PACKAGE "curl"
| #define VERSION "-"
| #define OS "powerpc-unknown-amigaos"
| #define HAVE_DLFCN_H 1
| #define LT_OBJDIR ".libs/"
| #define HAVE_LDAP_SSL 1
| #define HAVE_PROTO_BSDSOCKET_H 1
| #define HAVE_SYS_TYPES_H 1
| #define HAVE_SYS_TIME_H 1
| #define HAVE_CLOCK_GETTIME_MONOTONIC 1
| #define HAVE_ZLIB_H 1
| #define HAVE_LIBZ 1
| #define HAVE_BROTLI_DECODE_H 1
| #define HAVE_BROTLI 1
| #define CURL_DISABLE_LDAP 1
| #define CURL_DISABLE_LDAPS 1
| #define HAVE_LIBSSL 1
| #define HAVE_OPENSSL_X509_H 1
| #define USE_OPENSSL 1
| #define HAVE_OPENSSL_RSA_H 1
| #define USE_OPENSSL 1
| #define HAVE_OPENSSL_CRYPTO_H 1
| #define USE_OPENSSL 1
| #define HAVE_OPENSSL_PEM_H 1
| #define USE_OPENSSL 1
| #define HAVE_OPENSSL_SSL_H 1
| #define USE_OPENSSL 1
| #define HAVE_OPENSSL_ERR_H 1
| #define USE_OPENSSL 1
| #define HAVE_OPENSSL_SRP 1
| #define CURL_CA_FALLBACK 1
| #define HAVE_LIBRTMP_RTMP_H 1
| #define USE_LIBRTMP 1
| #define HAVE_IDN2_H 1
| #define HAVE_NGHTTP2_NGHTTP2_H 1
| #define USE_NGHTTP2 1
| #define HAVE_SYS_TYPES_H 1
| #define HAVE_SYS_TIME_H 1
| #define HAVE_SYS_SELECT_H 1
| #define HAVE_SYS_SOCKET_H 1
| #define HAVE_SYS_IOCTL_H 1
| #define HAVE_SYS_UIO_H 1
| #define HAVE_ASSERT_H 1
| #define HAVE_UNISTD_H 1
| #define HAVE_STDLIB_H 1
| #define HAVE_ARPA_INET_H 1
| #define HAVE_NET_IF_H 1
| #define HAVE_NETINET_IN_H 1
| #define HAVE_SYS_UN_H 1
| #define HAVE_NETINET_TCP_H 1
| #define HAVE_NETINET_UDP_H 1
| #define HAVE_NETDB_H 1
| #define HAVE_SYS_SOCKIO_H 1
| #define HAVE_SYS_STAT_H 1
| #define HAVE_SYS_PARAM_H 1
| #define HAVE_TERMIOS_H 1
| #define HAVE_FCNTL_H 1
| #define HAVE_PWD_H 1
| #define HAVE_UTIME_H 1
| #define HAVE_SYS_POLL_H 1
| #define HAVE_POLL_H 1
| #define HAVE_SYS_RESOURCE_H 1
| #define HAVE_LIBGEN_H 1
| #define HAVE_LOCALE_H 1
| #define HAVE_ERRNO_H 1
| #define HAVE_STDBOOL_H 1
| #define HAVE_ARPA_TFTP_H 1
| #define HAVE_SYS_FILIO_H 1
| #define HAVE_SYS_WAIT_H 1
| #define HAVE_SETJMP_H 1
| #define HAVE_VARIADIC_MACROS_C99 1
| #define HAVE_VARIADIC_MACROS_GCC 1
| #define HAVE_SYS_TYPES_H 1
| #define HAVE_SYS_TIME_H 1
| #define HAVE_SYS_SOCKET_H 1
| #define HAVE_STRUCT_TIMEVAL 1
| #define SIZEOF_SIZE_T 4
| #define SIZEOF_LONG 4
| #define SIZEOF_INT 4
| #define SIZEOF_TIME_T 4
| #define SIZEOF_OFF_T 8
| #define SIZEOF_CURL_OFF_T 8
| #define HAVE_LONGLONG 1
| #define HAVE_BOOL_T 1
| #define CURL_SA_FAMILY_T sa_family_t
| #define HAVE_SUSECONDS_T 1
| #define HAVE_SYS_TYPES_H 1
| #define HAVE_POLL_H 1
| #define HAVE_SYS_POLL_H 1
| #define HAVE_STRUCT_SOCKADDR_STORAGE 1
| #define HAVE_SYS_SELECT_H 1
| #define HAVE_SYS_SOCKET_H 1
| #define SELECT_TYPE_ARG1 int
| #define SELECT_TYPE_ARG234 fd_set *
| #define SELECT_TYPE_RETV int
| #define SELECT_QUAL_ARG5 
| #define SELECT_TYPE_ARG5 struct timeval *
| #define HAVE_SELECT 1
| #define HAVE_SYS_TYPES_H 1
| #define HAVE_SYS_SOCKET_H 1
| #define RECV_TYPE_ARG1 int
| #define RECV_TYPE_ARG2 char *
| #define RECV_TYPE_ARG3 size_t
| #define RECV_TYPE_ARG4 int
| #define RECV_TYPE_RETV int
| #define HAVE_RECV 1
| #define HAVE_SYS_TYPES_H 1
| #define HAVE_SYS_SOCKET_H 1
| #define SEND_TYPE_ARG1 int
| #define SEND_TYPE_ARG3 size_t
| #define SEND_TYPE_ARG4 int
| #define SEND_TYPE_RETV int
| #define SEND_QUAL_ARG2 
| #define SEND_TYPE_ARG2 char *
| #define HAVE_SEND 1
| #define HAVE_SYS_TYPES_H 1
| #define HAVE_SYS_SOCKET_H 1
| #define HAVE_MSG_NOSIGNAL 1
| #define HAVE_SYS_TYPES_H 1
| #define HAVE_UNISTD_H 1
| #define HAVE_ALARM 1
| #define HAVE_SYS_TYPES_H 1
| #define HAVE_STRING_H 1
| #define HAVE_STRINGS_H 1
| #define HAVE_SYS_TYPES_H 1
| #define HAVE_LIBGEN_H 1
| #define HAVE_BASENAME 1
| #define HAVE_SYS_TYPES_H 1
| #define HAVE_SYS_TYPES_H 1
| #define HAVE_SYS_SOCKET_H 1
| #define HAVE_CLOSESOCKET_CAMEL 1
| #define HAVE_CONNECT 1
| #define HAVE_SYS_TYPES_H 1
| #define HAVE_UNISTD_H 1
| #define HAVE_FCNTL_H 1
| #define HAVE_FCNTL 1
| #define HAVE_FCNTL_O_NONBLOCK 1
| #define HAVE_SYS_TYPES_H 1
| #define HAVE_NETDB_H 1
| #define HAVE_FREEADDRINFO 1
| #define HAVE_SYS_TYPES_H 1
| #define HAVE_FTRUNCATE 1
| #define HAVE_SYS_TYPES_H 1
| #define HAVE_STDLIB_H 1
| #define HAVE_GETADDRINFO 1
| #define HAVE_GETADDRINFO_THREADSAFE 1
| #define HAVE_GETHOSTBYNAME 1
| #define HAVE_GETHOSTNAME 1
| #define HAVE_GETPEERNAME 1
| #define HAVE_GETSOCKNAME 1
| #define HAVE_NET_IF_H 1
| #define HAVE_IF_NAMETOINDEX 1
| #define HAVE_SYS_TYPES_H 1
| #define HAVE_SYS_SOCKET_H 1
| #define HAVE_NETINET_IN_H 1
| #define HAVE_IFADDRS_H 1
| #define HAVE_GETIFADDRS 1
| #define HAVE_SYS_TYPES_H 1
| #define HAVE_SYS_TIME_H 1
| #define HAVE_GMTIME_R 1
| #define HAVE_SYS_TYPES_H 1
| #define HAVE_SYS_SOCKET_H 1
| #define HAVE_NETINET_IN_H 1
| #define HAVE_ARPA_INET_H 1
| #define HAVE_INET_NTOP 1
| #define HAVE_INET_PTON 1
| #define HAVE_IOCTLSOCKET_CAMEL 1
| #define HAVE_IOCTLSOCKET_CAMEL_FIONBIO 1
| #define HAVE_POLL_FINE 1
| #define HAVE_SYS_TYPES_H 1
| #define HAVE_SIGNAL_H 1
| #define HAVE_SIGACTION 1
| #define HAVE_SIGNAL 1
| #define HAVE_SYS_TYPES_H 1
| #define HAVE_SETJMP_H 1
| #define HAVE_SIGSETJMP 1
| #define HAVE_SOCKET 1
| #define HAVE_SOCKETPAIR 1
| #define HAVE_STRCASECMP 1
| #define HAVE_STRDUP 1
| #define HAVE_STRERROR_R 1
| #define HAVE_POSIX_STRERROR_R 1
| #define HAVE_STRTOK_R 1
| #define HAVE_STRTOLL 1
| #define HAVE_DECL_GETPWUID_R 1
| #define HAVE_FNMATCH 1
| #define HAVE_FCHMOD 1
| #define HAVE_GETEUID 1
| #define HAVE_GETPPID 1
| #define HAVE_GETPWUID 1
| #define HAVE_GETPWUID_R 1
| #define HAVE_GETRLIMIT 1
| #define HAVE_GETTIMEOFDAY 1
| #define HAVE_IF_NAMETOINDEX 1
| #define HAVE_PIPE 1
| #define HAVE_SCHED_YIELD 1
| #define HAVE_SENDMSG 1
| #define HAVE_SETLOCALE 1
| #define HAVE_SETRLIMIT 1
| #define HAVE_UTIME 1
| #define HAVE_UTIMES 1
| #define HAVE_PTHREAD_H 1
| /* end confdefs.h.  */
| 
| #define pthread_create innocuous_pthread_create
| #ifdef __STDC__
| # include <limits.h>
| #else
| # include <assert.h>
| #endif
| #undef pthread_create
| #ifdef __cplusplus
| extern "C"
| #endif
| char pthread_create ();
| #if defined __stub_pthread_create || defined __stub___pthread_create
| choke me
| #endif
| 
| int main (void)
| {
| return pthread_create ();
|  ;
|  return 0;
| }
configure:44245: result: no
configure:44282: checking for pthread_create in -lpthread
configure:44305: ppc-amigaos-gcc -o conftest -mcrt=clib4 -D__USE_INLINE__ -Werror-implicit-function-declaration -O2 -Wno-system-headers -mcrt=clib4 -D__USE_INLINE__      -mcrt=clib4      conftest.c -lpthread   -lrtmp -lssl -lcrypto -lssl -lcrypto   -lz -lpthread -latomic -lauto >&5
configure:44305: $? = 0
configure:44315: result: yes
configure:44354: checking convert -I options to -isystem
configure:44358: result: yes
configure:44396: checking whether to enable verbose strings
configure:44415: result: yes
configure:44421: checking whether to enable SSPI support (Windows native builds only)
configure:44461: result: no
configure:44468: checking whether to enable cryptographic authentication methods
configure:44487: result: yes
configure:44493: checking whether to support NTLM
configure:44500: result: no
configure:44544: checking whether to enable NTLM delegation to winbind's helper
configure:44551: result: yes
configure:44564: checking whether to enable TLS-SRP authentication
configure:44581: result: yes
configure:44596: checking whether to enable Unix domain sockets
configure:44613: result: auto
configure:44621: checking for struct sockaddr_un.sun_path
configure:44621: ppc-amigaos-gcc -c -mcrt=clib4 -D__USE_INLINE__ -Werror-implicit-function-declaration -O2 -Wno-system-headers -mcrt=clib4 -D__USE_INLINE__      conftest.c >&5
In file included from conftest.c:229:
/usr/ppc-amigaos/SDK/clib4/include/sys/un.h:12:5: error: unknown type name 'sa_family_t'
   12 |     sa_family_t sun_family;         /* AF_UNIX */
      |     ^~~~~~~~~~~
configure:44621: $? = 1
configure: failed program was:
| /* confdefs.h */
| #define PACKAGE_NAME "curl"
| #define PACKAGE_TARNAME "curl"
| #define PACKAGE_VERSION "-"
| #define PACKAGE_STRING "curl -"
| #define PACKAGE_BUGREPORT "a suitable curl mailing list: https://curl.se/mail/"
| #define PACKAGE_URL ""
| #define HAVE_STDIO_H 1
| #define HAVE_STDLIB_H 1
| #define HAVE_STRING_H 1
| #define HAVE_INTTYPES_H 1
| #define HAVE_STDINT_H 1
| #define HAVE_STRINGS_H 1
| #define HAVE_SYS_STAT_H 1
| #define HAVE_SYS_TYPES_H 1
| #define HAVE_UNISTD_H 1
| #define STDC_HEADERS 1
| #define HAVE_STDATOMIC_H 1
| #define HAVE_ATOMIC 1
| #define PACKAGE "curl"
| #define VERSION "-"
| #define OS "powerpc-unknown-amigaos"
| #define HAVE_DLFCN_H 1
| #define LT_OBJDIR ".libs/"
| #define HAVE_LDAP_SSL 1
| #define HAVE_PROTO_BSDSOCKET_H 1
| #define HAVE_SYS_TYPES_H 1
| #define HAVE_SYS_TIME_H 1
| #define HAVE_CLOCK_GETTIME_MONOTONIC 1
| #define HAVE_ZLIB_H 1
| #define HAVE_LIBZ 1
| #define HAVE_BROTLI_DECODE_H 1
| #define HAVE_BROTLI 1
| #define CURL_DISABLE_LDAP 1
| #define CURL_DISABLE_LDAPS 1
| #define HAVE_LIBSSL 1
| #define HAVE_OPENSSL_X509_H 1
| #define USE_OPENSSL 1
| #define HAVE_OPENSSL_RSA_H 1
| #define USE_OPENSSL 1
| #define HAVE_OPENSSL_CRYPTO_H 1
| #define USE_OPENSSL 1
| #define HAVE_OPENSSL_PEM_H 1
| #define USE_OPENSSL 1
| #define HAVE_OPENSSL_SSL_H 1
| #define USE_OPENSSL 1
| #define HAVE_OPENSSL_ERR_H 1
| #define USE_OPENSSL 1
| #define HAVE_OPENSSL_SRP 1
| #define CURL_CA_FALLBACK 1
| #define HAVE_LIBRTMP_RTMP_H 1
| #define USE_LIBRTMP 1
| #define HAVE_IDN2_H 1
| #define HAVE_NGHTTP2_NGHTTP2_H 1
| #define USE_NGHTTP2 1
| #define HAVE_SYS_TYPES_H 1
| #define HAVE_SYS_TIME_H 1
| #define HAVE_SYS_SELECT_H 1
| #define HAVE_SYS_SOCKET_H 1
| #define HAVE_SYS_IOCTL_H 1
| #define HAVE_SYS_UIO_H 1
| #define HAVE_ASSERT_H 1
| #define HAVE_UNISTD_H 1
| #define HAVE_STDLIB_H 1
| #define HAVE_ARPA_INET_H 1
| #define HAVE_NET_IF_H 1
| #define HAVE_NETINET_IN_H 1
| #define HAVE_SYS_UN_H 1
| #define HAVE_NETINET_TCP_H 1
| #define HAVE_NETINET_UDP_H 1
| #define HAVE_NETDB_H 1
| #define HAVE_SYS_SOCKIO_H 1
| #define HAVE_SYS_STAT_H 1
| #define HAVE_SYS_PARAM_H 1
| #define HAVE_TERMIOS_H 1
| #define HAVE_FCNTL_H 1
| #define HAVE_PWD_H 1
| #define HAVE_UTIME_H 1
| #define HAVE_SYS_POLL_H 1
| #define HAVE_POLL_H 1
| #define HAVE_SYS_RESOURCE_H 1
| #define HAVE_LIBGEN_H 1
| #define HAVE_LOCALE_H 1
| #define HAVE_ERRNO_H 1
| #define HAVE_STDBOOL_H 1
| #define HAVE_ARPA_TFTP_H 1
| #define HAVE_SYS_FILIO_H 1
| #define HAVE_SYS_WAIT_H 1
| #define HAVE_SETJMP_H 1
| #define HAVE_VARIADIC_MACROS_C99 1
| #define HAVE_VARIADIC_MACROS_GCC 1
| #define HAVE_SYS_TYPES_H 1
| #define HAVE_SYS_TIME_H 1
| #define HAVE_SYS_SOCKET_H 1
| #define HAVE_STRUCT_TIMEVAL 1
| #define SIZEOF_SIZE_T 4
| #define SIZEOF_LONG 4
| #define SIZEOF_INT 4
| #define SIZEOF_TIME_T 4
| #define SIZEOF_OFF_T 8
| #define SIZEOF_CURL_OFF_T 8
| #define HAVE_LONGLONG 1
| #define HAVE_BOOL_T 1
| #define CURL_SA_FAMILY_T sa_family_t
| #define HAVE_SUSECONDS_T 1
| #define HAVE_SYS_TYPES_H 1
| #define HAVE_POLL_H 1
| #define HAVE_SYS_POLL_H 1
| #define HAVE_STRUCT_SOCKADDR_STORAGE 1
| #define HAVE_SYS_SELECT_H 1
| #define HAVE_SYS_SOCKET_H 1
| #define SELECT_TYPE_ARG1 int
| #define SELECT_TYPE_ARG234 fd_set *
| #define SELECT_TYPE_RETV int
| #define SELECT_QUAL_ARG5 
| #define SELECT_TYPE_ARG5 struct timeval *
| #define HAVE_SELECT 1
| #define HAVE_SYS_TYPES_H 1
| #define HAVE_SYS_SOCKET_H 1
| #define RECV_TYPE_ARG1 int
| #define RECV_TYPE_ARG2 char *
| #define RECV_TYPE_ARG3 size_t
| #define RECV_TYPE_ARG4 int
| #define RECV_TYPE_RETV int
| #define HAVE_RECV 1
| #define HAVE_SYS_TYPES_H 1
| #define HAVE_SYS_SOCKET_H 1
| #define SEND_TYPE_ARG1 int
| #define SEND_TYPE_ARG3 size_t
| #define SEND_TYPE_ARG4 int
| #define SEND_TYPE_RETV int
| #define SEND_QUAL_ARG2 
| #define SEND_TYPE_ARG2 char *
| #define HAVE_SEND 1
| #define HAVE_SYS_TYPES_H 1
| #define HAVE_SYS_SOCKET_H 1
| #define HAVE_MSG_NOSIGNAL 1
| #define HAVE_SYS_TYPES_H 1
| #define HAVE_UNISTD_H 1
| #define HAVE_ALARM 1
| #define HAVE_SYS_TYPES_H 1
| #define HAVE_STRING_H 1
| #define HAVE_STRINGS_H 1
| #define HAVE_SYS_TYPES_H 1
| #define HAVE_LIBGEN_H 1
| #define HAVE_BASENAME 1
| #define HAVE_SYS_TYPES_H 1
| #define HAVE_SYS_TYPES_H 1
| #define HAVE_SYS_SOCKET_H 1
| #define HAVE_CLOSESOCKET_CAMEL 1
| #define HAVE_CONNECT 1
| #define HAVE_SYS_TYPES_H 1
| #define HAVE_UNISTD_H 1
| #define HAVE_FCNTL_H 1
| #define HAVE_FCNTL 1
| #define HAVE_FCNTL_O_NONBLOCK 1
| #define HAVE_SYS_TYPES_H 1
| #define HAVE_NETDB_H 1
| #define HAVE_FREEADDRINFO 1
| #define HAVE_SYS_TYPES_H 1
| #define HAVE_FTRUNCATE 1
| #define HAVE_SYS_TYPES_H 1
| #define HAVE_STDLIB_H 1
| #define HAVE_GETADDRINFO 1
| #define HAVE_GETADDRINFO_THREADSAFE 1
| #define HAVE_GETHOSTBYNAME 1
| #define HAVE_GETHOSTNAME 1
| #define HAVE_GETPEERNAME 1
| #define HAVE_GETSOCKNAME 1
| #define HAVE_NET_IF_H 1
| #define HAVE_IF_NAMETOINDEX 1
| #define HAVE_SYS_TYPES_H 1
| #define HAVE_SYS_SOCKET_H 1
| #define HAVE_NETINET_IN_H 1
| #define HAVE_IFADDRS_H 1
| #define HAVE_GETIFADDRS 1
| #define HAVE_SYS_TYPES_H 1
| #define HAVE_SYS_TIME_H 1
| #define HAVE_GMTIME_R 1
| #define HAVE_SYS_TYPES_H 1
| #define HAVE_SYS_SOCKET_H 1
| #define HAVE_NETINET_IN_H 1
| #define HAVE_ARPA_INET_H 1
| #define HAVE_INET_NTOP 1
| #define HAVE_INET_PTON 1
| #define HAVE_IOCTLSOCKET_CAMEL 1
| #define HAVE_IOCTLSOCKET_CAMEL_FIONBIO 1
| #define HAVE_POLL_FINE 1
| #define HAVE_SYS_TYPES_H 1
| #define HAVE_SIGNAL_H 1
| #define HAVE_SIGACTION 1
| #define HAVE_SIGNAL 1
| #define HAVE_SYS_TYPES_H 1
| #define HAVE_SETJMP_H 1
| #define HAVE_SIGSETJMP 1
| #define HAVE_SOCKET 1
| #define HAVE_SOCKETPAIR 1
| #define HAVE_STRCASECMP 1
| #define HAVE_STRDUP 1
| #define HAVE_STRERROR_R 1
| #define HAVE_POSIX_STRERROR_R 1
| #define HAVE_STRTOK_R 1
| #define HAVE_STRTOLL 1
| #define HAVE_DECL_GETPWUID_R 1
| #define HAVE_FNMATCH 1
| #define HAVE_FCHMOD 1
| #define HAVE_GETEUID 1
| #define HAVE_GETPPID 1
| #define HAVE_GETPWUID 1
| #define HAVE_GETPWUID_R 1
| #define HAVE_GETRLIMIT 1
| #define HAVE_GETTIMEOFDAY 1
| #define HAVE_IF_NAMETOINDEX 1
| #define HAVE_PIPE 1
| #define HAVE_SCHED_YIELD 1
| #define HAVE_SENDMSG 1
| #define HAVE_SETLOCALE 1
| #define HAVE_SETRLIMIT 1
| #define HAVE_UTIME 1
| #define HAVE_UTIMES 1
| #define HAVE_PTHREAD_H 1
| #define USE_THREADS_POSIX 1
| #define CURL_DISABLE_NTLM 1
| #define NTLM_WB_ENABLED 1
| #define NTLM_WB_FILE "/usr/bin/ntlm_auth"
| #define USE_TLS_SRP 1
| /* end confdefs.h.  */
| 
|     #include <sys/un.h>
| 
| 
| int main (void)
| {
| static struct sockaddr_un ac_aggr;
| if (ac_aggr.sun_path)
| return 0;
|  ;
|  return 0;
| }
configure:44621: ppc-amigaos-gcc -c -mcrt=clib4 -D__USE_INLINE__ -Werror-implicit-function-declaration -O2 -Wno-system-headers -mcrt=clib4 -D__USE_INLINE__      conftest.c >&5
In file included from conftest.c:229:
/usr/ppc-amigaos/SDK/clib4/include/sys/un.h:12:5: error: unknown type name 'sa_family_t'
   12 |     sa_family_t sun_family;         /* AF_UNIX */
      |     ^~~~~~~~~~~
configure:44621: $? = 1
configure: failed program was:
| /* confdefs.h */
| #define PACKAGE_NAME "curl"
| #define PACKAGE_TARNAME "curl"
| #define PACKAGE_VERSION "-"
| #define PACKAGE_STRING "curl -"
| #define PACKAGE_BUGREPORT "a suitable curl mailing list: https://curl.se/mail/"
| #define PACKAGE_URL ""
| #define HAVE_STDIO_H 1
| #define HAVE_STDLIB_H 1
| #define HAVE_STRING_H 1
| #define HAVE_INTTYPES_H 1
| #define HAVE_STDINT_H 1
| #define HAVE_STRINGS_H 1
| #define HAVE_SYS_STAT_H 1
| #define HAVE_SYS_TYPES_H 1
| #define HAVE_UNISTD_H 1
| #define STDC_HEADERS 1
| #define HAVE_STDATOMIC_H 1
| #define HAVE_ATOMIC 1
| #define PACKAGE "curl"
| #define VERSION "-"
| #define OS "powerpc-unknown-amigaos"
| #define HAVE_DLFCN_H 1
| #define LT_OBJDIR ".libs/"
| #define HAVE_LDAP_SSL 1
| #define HAVE_PROTO_BSDSOCKET_H 1
| #define HAVE_SYS_TYPES_H 1
| #define HAVE_SYS_TIME_H 1
| #define HAVE_CLOCK_GETTIME_MONOTONIC 1
| #define HAVE_ZLIB_H 1
| #define HAVE_LIBZ 1
| #define HAVE_BROTLI_DECODE_H 1
| #define HAVE_BROTLI 1
| #define CURL_DISABLE_LDAP 1
| #define CURL_DISABLE_LDAPS 1
| #define HAVE_LIBSSL 1
| #define HAVE_OPENSSL_X509_H 1
| #define USE_OPENSSL 1
| #define HAVE_OPENSSL_RSA_H 1
| #define USE_OPENSSL 1
| #define HAVE_OPENSSL_CRYPTO_H 1
| #define USE_OPENSSL 1
| #define HAVE_OPENSSL_PEM_H 1
| #define USE_OPENSSL 1
| #define HAVE_OPENSSL_SSL_H 1
| #define USE_OPENSSL 1
| #define HAVE_OPENSSL_ERR_H 1
| #define USE_OPENSSL 1
| #define HAVE_OPENSSL_SRP 1
| #define CURL_CA_FALLBACK 1
| #define HAVE_LIBRTMP_RTMP_H 1
| #define USE_LIBRTMP 1
| #define HAVE_IDN2_H 1
| #define HAVE_NGHTTP2_NGHTTP2_H 1
| #define USE_NGHTTP2 1
| #define HAVE_SYS_TYPES_H 1
| #define HAVE_SYS_TIME_H 1
| #define HAVE_SYS_SELECT_H 1
| #define HAVE_SYS_SOCKET_H 1
| #define HAVE_SYS_IOCTL_H 1
| #define HAVE_SYS_UIO_H 1
| #define HAVE_ASSERT_H 1
| #define HAVE_UNISTD_H 1
| #define HAVE_STDLIB_H 1
| #define HAVE_ARPA_INET_H 1
| #define HAVE_NET_IF_H 1
| #define HAVE_NETINET_IN_H 1
| #define HAVE_SYS_UN_H 1
| #define HAVE_NETINET_TCP_H 1
| #define HAVE_NETINET_UDP_H 1
| #define HAVE_NETDB_H 1
| #define HAVE_SYS_SOCKIO_H 1
| #define HAVE_SYS_STAT_H 1
| #define HAVE_SYS_PARAM_H 1
| #define HAVE_TERMIOS_H 1
| #define HAVE_FCNTL_H 1
| #define HAVE_PWD_H 1
| #define HAVE_UTIME_H 1
| #define HAVE_SYS_POLL_H 1
| #define HAVE_POLL_H 1
| #define HAVE_SYS_RESOURCE_H 1
| #define HAVE_LIBGEN_H 1
| #define HAVE_LOCALE_H 1
| #define HAVE_ERRNO_H 1
| #define HAVE_STDBOOL_H 1
| #define HAVE_ARPA_TFTP_H 1
| #define HAVE_SYS_FILIO_H 1
| #define HAVE_SYS_WAIT_H 1
| #define HAVE_SETJMP_H 1
| #define HAVE_VARIADIC_MACROS_C99 1
| #define HAVE_VARIADIC_MACROS_GCC 1
| #define HAVE_SYS_TYPES_H 1
| #define HAVE_SYS_TIME_H 1
| #define HAVE_SYS_SOCKET_H 1
| #define HAVE_STRUCT_TIMEVAL 1
| #define SIZEOF_SIZE_T 4
| #define SIZEOF_LONG 4
| #define SIZEOF_INT 4
| #define SIZEOF_TIME_T 4
| #define SIZEOF_OFF_T 8
| #define SIZEOF_CURL_OFF_T 8
| #define HAVE_LONGLONG 1
| #define HAVE_BOOL_T 1
| #define CURL_SA_FAMILY_T sa_family_t
| #define HAVE_SUSECONDS_T 1
| #define HAVE_SYS_TYPES_H 1
| #define HAVE_POLL_H 1
| #define HAVE_SYS_POLL_H 1
| #define HAVE_STRUCT_SOCKADDR_STORAGE 1
| #define HAVE_SYS_SELECT_H 1
| #define HAVE_SYS_SOCKET_H 1
| #define SELECT_TYPE_ARG1 int
| #define SELECT_TYPE_ARG234 fd_set *
| #define SELECT_TYPE_RETV int
| #define SELECT_QUAL_ARG5 
| #define SELECT_TYPE_ARG5 struct timeval *
| #define HAVE_SELECT 1
| #define HAVE_SYS_TYPES_H 1
| #define HAVE_SYS_SOCKET_H 1
| #define RECV_TYPE_ARG1 int
| #define RECV_TYPE_ARG2 char *
| #define RECV_TYPE_ARG3 size_t
| #define RECV_TYPE_ARG4 int
| #define RECV_TYPE_RETV int
| #define HAVE_RECV 1
| #define HAVE_SYS_TYPES_H 1
| #define HAVE_SYS_SOCKET_H 1
| #define SEND_TYPE_ARG1 int
| #define SEND_TYPE_ARG3 size_t
| #define SEND_TYPE_ARG4 int
| #define SEND_TYPE_RETV int
| #define SEND_QUAL_ARG2 
| #define SEND_TYPE_ARG2 char *
| #define HAVE_SEND 1
| #define HAVE_SYS_TYPES_H 1
| #define HAVE_SYS_SOCKET_H 1
| #define HAVE_MSG_NOSIGNAL 1
| #define HAVE_SYS_TYPES_H 1
| #define HAVE_UNISTD_H 1
| #define HAVE_ALARM 1
| #define HAVE_SYS_TYPES_H 1
| #define HAVE_STRING_H 1
| #define HAVE_STRINGS_H 1
| #define HAVE_SYS_TYPES_H 1
| #define HAVE_LIBGEN_H 1
| #define HAVE_BASENAME 1
| #define HAVE_SYS_TYPES_H 1
| #define HAVE_SYS_TYPES_H 1
| #define HAVE_SYS_SOCKET_H 1
| #define HAVE_CLOSESOCKET_CAMEL 1
| #define HAVE_CONNECT 1
| #define HAVE_SYS_TYPES_H 1
| #define HAVE_UNISTD_H 1
| #define HAVE_FCNTL_H 1
| #define HAVE_FCNTL 1
| #define HAVE_FCNTL_O_NONBLOCK 1
| #define HAVE_SYS_TYPES_H 1
| #define HAVE_NETDB_H 1
| #define HAVE_FREEADDRINFO 1
| #define HAVE_SYS_TYPES_H 1
| #define HAVE_FTRUNCATE 1
| #define HAVE_SYS_TYPES_H 1
| #define HAVE_STDLIB_H 1
| #define HAVE_GETADDRINFO 1
| #define HAVE_GETADDRINFO_THREADSAFE 1
| #define HAVE_GETHOSTBYNAME 1
| #define HAVE_GETHOSTNAME 1
| #define HAVE_GETPEERNAME 1
| #define HAVE_GETSOCKNAME 1
| #define HAVE_NET_IF_H 1
| #define HAVE_IF_NAMETOINDEX 1
| #define HAVE_SYS_TYPES_H 1
| #define HAVE_SYS_SOCKET_H 1
| #define HAVE_NETINET_IN_H 1
| #define HAVE_IFADDRS_H 1
| #define HAVE_GETIFADDRS 1
| #define HAVE_SYS_TYPES_H 1
| #define HAVE_SYS_TIME_H 1
| #define HAVE_GMTIME_R 1
| #define HAVE_SYS_TYPES_H 1
| #define HAVE_SYS_SOCKET_H 1
| #define HAVE_NETINET_IN_H 1
| #define HAVE_ARPA_INET_H 1
| #define HAVE_INET_NTOP 1
| #define HAVE_INET_PTON 1
| #define HAVE_IOCTLSOCKET_CAMEL 1
| #define HAVE_IOCTLSOCKET_CAMEL_FIONBIO 1
| #define HAVE_POLL_FINE 1
| #define HAVE_SYS_TYPES_H 1
| #define HAVE_SIGNAL_H 1
| #define HAVE_SIGACTION 1
| #define HAVE_SIGNAL 1
| #define HAVE_SYS_TYPES_H 1
| #define HAVE_SETJMP_H 1
| #define HAVE_SIGSETJMP 1
| #define HAVE_SOCKET 1
| #define HAVE_SOCKETPAIR 1
| #define HAVE_STRCASECMP 1
| #define HAVE_STRDUP 1
| #define HAVE_STRERROR_R 1
| #define HAVE_POSIX_STRERROR_R 1
| #define HAVE_STRTOK_R 1
| #define HAVE_STRTOLL 1
| #define HAVE_DECL_GETPWUID_R 1
| #define HAVE_FNMATCH 1
| #define HAVE_FCHMOD 1
| #define HAVE_GETEUID 1
| #define HAVE_GETPPID 1
| #define HAVE_GETPWUID 1
| #define HAVE_GETPWUID_R 1
| #define HAVE_GETRLIMIT 1
| #define HAVE_GETTIMEOFDAY 1
| #define HAVE_IF_NAMETOINDEX 1
| #define HAVE_PIPE 1
| #define HAVE_SCHED_YIELD 1
| #define HAVE_SENDMSG 1
| #define HAVE_SETLOCALE 1
| #define HAVE_SETRLIMIT 1
| #define HAVE_UTIME 1
| #define HAVE_UTIMES 1
| #define HAVE_PTHREAD_H 1
| #define USE_THREADS_POSIX 1
| #define CURL_DISABLE_NTLM 1
| #define NTLM_WB_ENABLED 1
| #define NTLM_WB_FILE "/usr/bin/ntlm_auth"
| #define USE_TLS_SRP 1
| /* end confdefs.h.  */
| 
|     #include <sys/un.h>
| 
| 
| int main (void)
| {
| static struct sockaddr_un ac_aggr;
| if (sizeof ac_aggr.sun_path)
| return 0;
|  ;
|  return 0;
| }
configure:44621: result: no
configure:44645: checking whether to support cookies
configure:44663: result: yes
configure:44669: checking whether to support socketpair
configure:44687: result: yes
configure:44693: checking whether to support HTTP authentication
configure:44711: result: yes
configure:44717: checking whether to support DoH
configure:44735: result: yes
configure:44741: checking whether to support the MIME API
configure:44759: result: yes
configure:44765: checking whether to support date parsing
configure:44783: result: yes
configure:44789: checking whether to support netrc parsing
configure:44807: result: yes
configure:44813: checking whether to support progress-meter
configure:44831: result: yes
configure:44837: checking whether to support DNS shuffling
configure:44855: result: yes
configure:44861: checking whether to support curl_easy_option*
configure:44879: result: yes
configure:44885: checking whether to support alt-svc
configure:44905: result: yes
configure:44911: checking whether to support headers-api
configure:44930: result: yes
configure:44938: checking whether to support HSTS
configure:44954: result: yes
configure:45008: checking whether hiding of library internal symbols will actually happen
configure:45020: result: yes
configure:45449: using CFLAGS: -mcrt=clib4 -D__USE_INLINE__ -Werror-implicit-function-declaration -O2 -Wno-system-headers
configure:45455: CFLAGS note: CFLAGS should only be used to specify C compiler flags, not macro definitions. Use CPPFLAGS for: -D__USE_INLINE__
configure:45486: WARNING: Continuing even with errors mentioned immediately above this line.
configure:45606: checking that generated files are newer than configure
configure:45612: result: done
configure:45703: creating ./config.status

## ---------------------- ##
## Running config.status. ##
## ---------------------- ##

This file was extended by curl config.status -, which was
generated by GNU Autoconf 2.71.  Invocation command line was

  CONFIG_FILES    = 
  CONFIG_HEADERS  = 
  CONFIG_LINKS    = 
  CONFIG_COMMANDS = 
  $ ./config.status 

on B550-AORUS-ELITE-AX-V2

config.status:1436: creating Makefile
config.status:1436: creating docs/Makefile
config.status:1436: creating docs/examples/Makefile
config.status:1436: creating docs/libcurl/Makefile
config.status:1436: creating docs/libcurl/opts/Makefile
config.status:1436: creating docs/cmdline-opts/Makefile
config.status:1436: creating include/Makefile
config.status:1436: creating include/curl/Makefile
config.status:1436: creating src/Makefile
config.status:1436: creating lib/Makefile
config.status:1436: creating scripts/Makefile
config.status:1436: creating lib/libcurl.vers
config.status:1436: creating lib/libcurl.plist
config.status:1436: creating tests/Makefile
config.status:1436: creating tests/certs/Makefile
config.status:1436: creating tests/certs/scripts/Makefile
config.status:1436: creating tests/data/Makefile
config.status:1436: creating tests/server/Makefile
config.status:1436: creating tests/libtest/Makefile
config.status:1436: creating tests/unit/Makefile
config.status:1436: creating packages/Makefile
config.status:1436: creating packages/vms/Makefile
config.status:1436: creating curl-config
config.status:1436: creating libcurl.pc
config.status:1436: creating lib/curl_config.h
config.status:1665: executing depfiles commands
config.status:1742: cd docs/examples       && sed -e '/# am--include-marker/d' Makefile         | make -f - am--depfiles
config.status:1747: $? = 0
config.status:1742: cd src       && sed -e '/# am--include-marker/d' Makefile         | make -f - am--depfiles
config.status:1747: $? = 0
config.status:1742: cd lib       && sed -e '/# am--include-marker/d' Makefile         | make -f - am--depfiles
config.status:1747: $? = 0
config.status:1742: cd tests/server       && sed -e '/# am--include-marker/d' Makefile         | make -f - am--depfiles
config.status:1747: $? = 0
config.status:1742: cd tests/libtest       && sed -e '/# am--include-marker/d' Makefile         | make -f - am--depfiles
config.status:1747: $? = 0
config.status:1742: cd tests/unit       && sed -e '/# am--include-marker/d' Makefile         | make -f - am--depfiles
config.status:1747: $? = 0
config.status:1665: executing libtool commands
configure:47928: amending lib/Makefile
configure:47928: amending src/Makefile
configure:47928: amending tests/unit/Makefile
configure:47928: amending tests/server/Makefile
configure:47928: amending tests/libtest/Makefile
configure:47928: amending docs/examples/Makefile
configure:48010: Configured to build curl/libcurl:

  Host setup:       powerpc-unknown-amigaos
  Install prefix:   /opt/packages/curl-7.85.0_amd64/usr/ppc-amigaos/SDK/local/clib4
  Compiler:         ppc-amigaos-gcc
   CFLAGS:          -mcrt=clib4 -D__USE_INLINE__ -Werror-implicit-function-declaration -O2 -Wno-system-headers
   CPPFLAGS:        -mcrt=clib4 -D__USE_INLINE__
   LDFLAGS:         -mcrt=clib4
   LIBS:            -lrtmp -lssl -lcrypto -lssl -lcrypto -lz -lpthread -latomic -lauto

  curl version:     7.85.0
  SSL:              enabled (OpenSSL)
  SSH:              no      (--with-{libssh,libssh2})
  zlib:             enabled
  brotli:           enabled (libbrotlidec)
  zstd:             no      (--with-zstd)
  GSS-API:          no      (--with-gssapi)
  GSASL:            no      (libgsasl not found)
  TLS-SRP:          enabled
  resolver:         POSIX threaded
  IPv6:             no      (--enable-ipv6)
  Unix sockets:     no      (--enable-unix-sockets)
  IDN:              no      (--with-{libidn2,winidn})
  Build libcurl:    Shared=no, Static=yes
  Built-in manual:  no      (--enable-manual)
  --libcurl option: enabled (--disable-libcurl-option)
  Verbose errors:   enabled (--disable-verbose)
  Code coverage:    disabled
  SSPI:             no      (--enable-sspi)
  ca cert bundle:   no
  ca cert path:     no
  ca fallback:      yes
  LDAP:             no      (--enable-ldap / --with-ldap-lib / --with-lber-lib)
  LDAPS:            no      (--enable-ldaps)
  RTSP:             enabled
  RTMP:             enabled (librtmp)
  PSL:              no      (libpsl not found)
  Alt-svc:          enabled (--disable-alt-svc)
  Headers API:      enabled (--disable-headers-api)
  HSTS:             enabled (--disable-hsts)
  HTTP1:            enabled (internal)
  HTTP2:            enabled (nghttp2)
  HTTP3:            no      (--with-ngtcp2, --with-quiche --with-msh3)
  ECH:              no      (--enable-ech)
  Protocols:        DICT FILE FTP FTPS GOPHER GOPHERS HTTP HTTPS IMAP IMAPS MQTT POP3 POP3S RTMP RTSP SMTP SMTPS TELNET TFTP
  Features:         AsynchDNS HSTS HTTP2 HTTPS-proxy Largefile SSL TLS-SRP alt-svc brotli libz threadsafe


## ---------------- ##
## Cache variables. ##
## ---------------- ##

ac_cv_build=x86_64-pc-linux-gnu
ac_cv_c_compiler_gnu=yes
ac_cv_c_const=yes
ac_cv_c_inline=inline
ac_cv_c_undeclared_builtin_options='none needed'
ac_cv_env_CC_set=
ac_cv_env_CC_value=
ac_cv_env_CFLAGS_set=set
ac_cv_env_CFLAGS_value='-mcrt=clib4 -D__USE_INLINE__'
ac_cv_env_CPPFLAGS_set=set
ac_cv_env_CPPFLAGS_value='-mcrt=clib4 -D__USE_INLINE__'
ac_cv_env_CPP_set=
ac_cv_env_CPP_value=
ac_cv_env_LDFLAGS_set=set
ac_cv_env_LDFLAGS_value=-mcrt=clib4
ac_cv_env_LIBS_set=set
ac_cv_env_LIBS_value='-lpthread -latomic -lauto'
ac_cv_env_LT_SYS_LIBRARY_PATH_set=
ac_cv_env_LT_SYS_LIBRARY_PATH_value=
ac_cv_env_build_alias_set=
ac_cv_env_build_alias_value=
ac_cv_env_host_alias_set=set
ac_cv_env_host_alias_value=ppc-amigaos
ac_cv_env_target_alias_set=
ac_cv_env_target_alias_value=
ac_cv_func_RAND_egd=no
ac_cv_func_fchmod=yes
ac_cv_func_fnmatch=yes
ac_cv_func_geteuid=yes
ac_cv_func_gethostbyname=yes
ac_cv_func_getpass_r=no
ac_cv_func_getppid=yes
ac_cv_func_getpwuid=yes
ac_cv_func_getpwuid_r=yes
ac_cv_func_getrlimit=yes
ac_cv_func_gettimeofday=yes
ac_cv_func_if_nametoindex=yes
ac_cv_func_mach_absolute_time=no
ac_cv_func_pipe=yes
ac_cv_func_pthread_create=no
ac_cv_func_sched_yield=yes
ac_cv_func_sendmsg=yes
ac_cv_func_setlocale=yes
ac_cv_func_setmode=no
ac_cv_func_setrlimit=yes
ac_cv_func_utime=yes
ac_cv_func_utimes=yes
ac_cv_have_decl_getpwuid_r=yes
ac_cv_header_arpa_inet_h=yes
ac_cv_header_arpa_tftp_h=yes
ac_cv_header_assert_h=yes
ac_cv_header_brotli_decode_h=yes
ac_cv_header_dlfcn_h=yes
ac_cv_header_errno_h=yes
ac_cv_header_fcntl_h=yes
ac_cv_header_idn2_h=yes
ac_cv_header_ifaddrs_h=yes
ac_cv_header_inttypes_h=yes
ac_cv_header_io_h=no
ac_cv_header_libgen_h=yes
ac_cv_header_librtmp_rtmp_h=yes
ac_cv_header_linux_tcp_h=no
ac_cv_header_locale_h=yes
ac_cv_header_net_if_h=yes
ac_cv_header_netdb_h=yes
ac_cv_header_netinet_in6_h=no
ac_cv_header_netinet_in_h=yes
ac_cv_header_netinet_tcp_h=yes
ac_cv_header_netinet_udp_h=yes
ac_cv_header_nghttp2_nghttp2_h=yes
ac_cv_header_openssl_crypto_h=yes
ac_cv_header_openssl_err_h=yes
ac_cv_header_openssl_pem_h=yes
ac_cv_header_openssl_rsa_h=yes
ac_cv_header_openssl_ssl_h=yes
ac_cv_header_openssl_x509_h=yes
ac_cv_header_poll_h=yes
ac_cv_header_proto_bsdsocket_h=yes
ac_cv_header_pthread_h=yes
ac_cv_header_pwd_h=yes
ac_cv_header_setjmp_h=yes
ac_cv_header_signal_h=yes
ac_cv_header_socket_h=no
ac_cv_header_stdatomic_h=yes
ac_cv_header_stdbool_h=yes
ac_cv_header_stdint_h=yes
ac_cv_header_stdio_h=yes
ac_cv_header_stdlib_h=yes
ac_cv_header_string_h=yes
ac_cv_header_strings_h=yes
ac_cv_header_sys_filio_h=yes
ac_cv_header_sys_ioctl_h=yes
ac_cv_header_sys_param_h=yes
ac_cv_header_sys_poll_h=yes
ac_cv_header_sys_resource_h=yes
ac_cv_header_sys_select_h=yes
ac_cv_header_sys_socket_h=yes
ac_cv_header_sys_sockio_h=yes
ac_cv_header_sys_stat_h=yes
ac_cv_header_sys_time_h=yes
ac_cv_header_sys_types_h=yes
ac_cv_header_sys_uio_h=yes
ac_cv_header_sys_un_h=yes
ac_cv_header_sys_utime_h=no
ac_cv_header_sys_wait_h=yes
ac_cv_header_sys_xattr_h=no
ac_cv_header_termio_h=no
ac_cv_header_termios_h=yes
ac_cv_header_unistd_h=yes
ac_cv_header_utime_h=yes
ac_cv_header_zlib_h=yes
ac_cv_header_zstd_h=no
ac_cv_host=powerpc-unknown-amigaos
ac_cv_lib_brotlidec_BrotliDecoderDecompress=no
ac_cv_lib_crypto_HMAC_Update=yes
ac_cv_lib_nghttp2_nghttp2_session_set_local_window_size=yes
ac_cv_lib_pthread_pthread_create=yes
ac_cv_lib_rtmp_RTMP_Init=yes
ac_cv_lib_ssl_SSL_connect=yes
ac_cv_lib_zstd_ZSTD_createDStream=no
ac_cv_member_struct_sockaddr_un_sun_path=no
ac_cv_objext=o
ac_cv_path_AR=/usr/bin/ppc-amigaos-ar
ac_cv_path_EGREP='/usr/bin/grep -E'
ac_cv_path_FGREP='/usr/bin/grep -F'
ac_cv_path_GREP=/usr/bin/grep
ac_cv_path_NROFF=/usr/bin/nroff
ac_cv_path_PERL=/usr/bin/perl
ac_cv_path_PKGCONFIG=/usr/bin/pkg-config
ac_cv_path_SED=/usr/bin/sed
ac_cv_path_ac_pt_PKGCONFIG=/usr/bin/pkg-config
ac_cv_path_lt_DD=/usr/bin/dd
ac_cv_path_mkdir=/usr/bin/mkdir
ac_cv_prog_AR=/usr/bin/ppc-amigaos-ar
ac_cv_prog_AWK=mawk
ac_cv_prog_CC=ppc-amigaos-gcc
ac_cv_prog_CPP='ppc-amigaos-gcc -E'
ac_cv_prog_OBJDUMP=ppc-amigaos-objdump
ac_cv_prog_RANLIB=ppc-amigaos-ranlib
ac_cv_prog_STRIP=ppc-amigaos-strip
ac_cv_prog_ac_ct_FILECMD=file
ac_cv_prog_ac_ct_MANIFEST_TOOL=mt
ac_cv_prog_cc_c11=
ac_cv_prog_cc_g=yes
ac_cv_prog_cc_stdc=
ac_cv_prog_make_make_set=yes
ac_cv_search_gsasl_init=no
ac_cv_search_psl_builtin=no
ac_cv_sizeof_curl_off_t=8
ac_cv_sizeof_int=4
ac_cv_sizeof_long=4
ac_cv_sizeof_off_t=8
ac_cv_sizeof_size_t=4
ac_cv_sizeof_time_t=4
ac_cv_sys_file_offset_bits=no
ac_cv_sys_largefile_CC=no
ac_cv_type_bool=yes
ac_cv_type_in_addr_t=yes
ac_cv_type_long_long=yes
ac_cv_type_sa_family_t=yes
ac_cv_type_size_t=yes
ac_cv_type_ssize_t=yes
ac_cv_type_struct_sockaddr_storage=yes
ac_cv_type_suseconds_t=yes
am_cv_CC_dependencies_compiler_type=gcc3
am_cv_make_support_nested_variables=yes
am_cv_prog_cc_c_o=yes
curl_cv_def___GNUC__=11
curl_cv_func_alarm=yes
curl_cv_func_basename=yes
curl_cv_func_closesocket=no
curl_cv_func_closesocket_camel=yes
curl_cv_func_connect=yes
curl_cv_func_fcntl=yes
curl_cv_func_fcntl_o_nonblock=yes
curl_cv_func_freeaddrinfo=yes
curl_cv_func_fsetxattr=no
curl_cv_func_ftruncate=yes
curl_cv_func_getaddrinfo=yes
curl_cv_func_getaddrinfo_threadsafe=yes
curl_cv_func_gethostbyname=yes
curl_cv_func_gethostbyname_r=no
curl_cv_func_gethostname=yes
curl_cv_func_getifaddrs=yes
curl_cv_func_getpeername=yes
curl_cv_func_getsockname=yes
curl_cv_func_gmtime_r=yes
curl_cv_func_if_nametoindex=yes
curl_cv_func_inet_ntop=yes
curl_cv_func_inet_pton=yes
curl_cv_func_ioctlsocket=no
curl_cv_func_ioctlsocket_camel=yes
curl_cv_func_ioctlsocket_camel_fionbio=yes
curl_cv_func_memrchr=no
curl_cv_func_poll=yes
curl_cv_func_recv=yes
curl_cv_func_recv_args='int,char *,size_t,int,int'
curl_cv_func_select=yes
curl_cv_func_select_args='int,fd_set *,struct timeval *,int'
curl_cv_func_send=yes
curl_cv_func_send_args='int,char *,size_t,int,int'
curl_cv_func_sigaction=yes
curl_cv_func_siginterrupt=no
curl_cv_func_signal=yes
curl_cv_func_sigsetjmp=yes
curl_cv_func_socket=yes
curl_cv_func_socketpair=yes
curl_cv_func_strcasecmp=yes
curl_cv_func_strcmpi=no
curl_cv_func_strdup=yes
curl_cv_func_strerror_r=yes
curl_cv_func_stricmp=no
curl_cv_func_strtok_r=yes
curl_cv_func_strtoll=yes
curl_cv_gclk_LIBS=
curl_cv_have_def__COMPILER_VERSION=no
curl_cv_have_def__SGI_COMPILER_VERSION=no
curl_cv_have_def__WIN32=no
curl_cv_have_def___DECC=no
curl_cv_have_def___DECC_VER=no
curl_cv_have_def___GNUC__=yes
curl_cv_have_def___HP_cc=no
curl_cv_have_def___IBMC__=no
curl_cv_have_def___INTEL_COMPILER=no
curl_cv_have_def___LCC__=no
curl_cv_have_def___SUNPRO_C=no
curl_cv_have_def___TINYC__=no
curl_cv_have_def___clang__=no
curl_cv_have_def___sgi=no
curl_cv_have_def_h_errno=no
curl_cv_header_lber_h=no
curl_cv_header_ldap_h=no
curl_cv_header_ldap_ssl_h=no
curl_cv_header_wincrypt_h=no
curl_cv_header_windows_h=no
curl_cv_header_winldap_h=no
curl_cv_header_winsock2_h=no
curl_cv_header_ws2tcpip_h=no
curl_cv_ldap_LIBS=unknown
curl_cv_msg_nosignal=yes
curl_cv_native_windows=no
curl_cv_recv=yes
curl_cv_save_LIBS=' -lz -lpthread -latomic -lauto'
curl_cv_select=yes
curl_cv_send=yes
curl_cv_struct_timeval=yes
curl_cv_variadic_macros_c99=yes
curl_cv_variadic_macros_gcc=yes
curl_cv_writable_argv=cross
lt_cv_ar_at_file=@
lt_cv_deplibs_check_method=unknown
lt_cv_file_magic_cmd='$MAGIC_CMD'
lt_cv_file_magic_test_file=
lt_cv_ld_reload_flag=-r
lt_cv_nm_interface='BSD nm'
lt_cv_objdir=.libs
lt_cv_path_LD=/usr/ppc-amigaos/bin/ld
lt_cv_path_NM='/usr/bin/ppc-amigaos-nm -B'
lt_cv_path_mainfest_tool=no
lt_cv_prog_compiler_c_o=yes
lt_cv_prog_compiler_pic='-fPIC -DPIC'
lt_cv_prog_compiler_pic_works=yes
lt_cv_prog_compiler_rtti_exceptions=no
lt_cv_prog_compiler_static_works=yes
lt_cv_prog_gnu_ld=yes
lt_cv_sharedlib_from_linklib_cmd='printf %s\n'
lt_cv_sys_global_symbol_pipe='/usr/bin/sed -n -e '\''s/^.*[	 ]\([ABCDGIRSTW][ABCDGIRSTW]*\)[	 ][	 ]*\([_A-Za-z][_A-Za-z0-9]*\)$/\1 \2 \2/p'\'' | /usr/bin/sed '\''/ __gnu_lto/d'\'''
lt_cv_sys_global_symbol_to_c_name_address='/usr/bin/sed -n -e '\''s/^: \(.*\) .*$/  {"\1", (void *) 0},/p'\'' -e '\''s/^[ABCDGIRSTW][ABCDGIRSTW]* .* \(.*\)$/  {"\1", (void *) \&\1},/p'\'''
lt_cv_sys_global_symbol_to_c_name_address_lib_prefix='/usr/bin/sed -n -e '\''s/^: \(.*\) .*$/  {"\1", (void *) 0},/p'\'' -e '\''s/^[ABCDGIRSTW][ABCDGIRSTW]* .* \(lib.*\)$/  {"\1", (void *) \&\1},/p'\'' -e '\''s/^[ABCDGIRSTW][ABCDGIRSTW]* .* \(.*\)$/  {"lib\1", (void *) \&\1},/p'\'''
lt_cv_sys_global_symbol_to_cdecl='/usr/bin/sed -n -e '\''s/^T .* \(.*\)$/extern int \1();/p'\'' -e '\''s/^[ABCDGIRSTW][ABCDGIRSTW]* .* \(.*\)$/extern char \1;/p'\'''
lt_cv_sys_global_symbol_to_import=
lt_cv_sys_max_cmd_len=1572864
lt_cv_to_host_file_cmd=func_convert_file_noop
lt_cv_to_tool_file_cmd=func_convert_file_noop
lt_cv_truncate_bin='/usr/bin/dd bs=4096 count=1'

## ----------------- ##
## Output variables. ##
## ----------------- ##

ACLOCAL='${SHELL} '\''/mnt/Sviluppo/Sviluppo/Amiga/libs/curl-7.85.0/missing'\'' aclocal-1.16'
AMDEPBACKSLASH='\'
AMDEP_FALSE='#'
AMDEP_TRUE=''
AMTAR='$${TAR-tar}'
AM_BACKSLASH='\'
AM_DEFAULT_V='$(AM_DEFAULT_VERBOSITY)'
AM_DEFAULT_VERBOSITY='0'
AM_V='$(V)'
AR='/usr/bin/ppc-amigaos-ar'
AR_FLAGS='cr'
AS='as'
AUTOCONF='${SHELL} '\''/mnt/Sviluppo/Sviluppo/Amiga/libs/curl-7.85.0/missing'\'' autoconf'
AUTOHEADER='${SHELL} '\''/mnt/Sviluppo/Sviluppo/Amiga/libs/curl-7.85.0/missing'\'' autoheader'
AUTOMAKE='${SHELL} '\''/mnt/Sviluppo/Sviluppo/Amiga/libs/curl-7.85.0/missing'\'' automake-1.16'
AWK='mawk'
BLANK_AT_MAKETIME=''
BUILD_LIBHOSTNAME_FALSE=''
BUILD_LIBHOSTNAME_TRUE='#'
BUILD_STUB_GSS_FALSE=''
BUILD_STUB_GSS_TRUE='#'
BUILD_UNITTESTS_FALSE=''
BUILD_UNITTESTS_TRUE='#'
CC='ppc-amigaos-gcc'
CCDEPMODE='depmode=gcc3'
CFLAGS='-mcrt=clib4 -D__USE_INLINE__ -Werror-implicit-function-declaration -O2 -Wno-system-headers'
CFLAG_CURL_SYMBOL_HIDING='-fvisibility=hidden'
CONFIGURE_OPTIONS='" '\''--host=ppc-amigaos'\'' '\''--prefix=/opt/packages/curl-7.85.0_amd64/usr/ppc-amigaos/SDK/local/clib4'\'' '\''CPPFLAGS=-mcrt=clib4 -D__USE_INLINE__'\'' '\''CFLAGS=-mcrt=clib4 -D__USE_INLINE__'\'' '\''LDFLAGS=-mcrt=clib4'\'' '\''LIBS=-lpthread -latomic -lauto'\'' '\''--with-openssl'\'' '\''--disable-shared'\'' '\''--disable-ntlm'\'' '\''--disable-ipv6'\'' '\''--disable-manual'\'' '\''--with-nghttp3'\'' '\''--with-ca-fallback'\'' '\''--without-default-ssl-backend'\'' '\''--enable-openssl-auto-load-config'\'' '\''host_alias=ppc-amigaos'\''"'
CPP='ppc-amigaos-gcc -E'
CPPFLAGS='-mcrt=clib4 -D__USE_INLINE__'
CPPFLAG_CURL_STATICLIB='-DCURL_STATICLIB'
CROSSCOMPILING_FALSE='#'
CROSSCOMPILING_TRUE=''
CSCOPE='cscope'
CTAGS='ctags'
CURLDEBUG_FALSE=''
CURLDEBUG_TRUE='#'
CURLVERSION='7.85.0'
CURL_CA_BUNDLE=''
CURL_CFLAG_EXTRAS=''
CURL_DISABLE_DICT=''
CURL_DISABLE_FILE=''
CURL_DISABLE_FTP=''
CURL_DISABLE_GOPHER=''
CURL_DISABLE_HTTP=''
CURL_DISABLE_IMAP=''
CURL_DISABLE_LDAP='1'
CURL_DISABLE_LDAPS='1'
CURL_DISABLE_MQTT=''
CURL_DISABLE_POP3=''
CURL_DISABLE_PROXY=''
CURL_DISABLE_RTSP=''
CURL_DISABLE_SMB=''
CURL_DISABLE_SMTP=''
CURL_DISABLE_TELNET=''
CURL_DISABLE_TFTP=''
CURL_LT_SHLIB_USE_MIMPURE_TEXT_FALSE=''
CURL_LT_SHLIB_USE_MIMPURE_TEXT_TRUE='#'
CURL_LT_SHLIB_USE_NO_UNDEFINED_FALSE=''
CURL_LT_SHLIB_USE_NO_UNDEFINED_TRUE='#'
CURL_LT_SHLIB_USE_VERSIONED_SYMBOLS_FALSE=''
CURL_LT_SHLIB_USE_VERSIONED_SYMBOLS_TRUE='#'
CURL_LT_SHLIB_USE_VERSION_INFO_FALSE='#'
CURL_LT_SHLIB_USE_VERSION_INFO_TRUE=''
CURL_LT_SHLIB_VERSIONED_FLAVOUR=''
CURL_NETWORK_AND_TIME_LIBS='-lpthread -latomic -lauto'
CURL_NETWORK_LIBS='-lpthread -latomic -lauto'
CURL_PLIST_VERSION='7.85.0'
CURL_WITH_MULTI_SSL=''
CYGPATH_W='echo'
DEFAULT_SSL_BACKEND='no'
DEFS='-DHAVE_CONFIG_H'
DEPDIR='.deps'
DLLTOOL='false'
DOING_CURL_SYMBOL_HIDING_FALSE='#'
DOING_CURL_SYMBOL_HIDING_TRUE=''
DOING_NATIVE_WINDOWS_FALSE=''
DOING_NATIVE_WINDOWS_TRUE='#'
DSYMUTIL=''
DUMPBIN=''
ECHO_C=''
ECHO_N='-n'
ECHO_T=''
EGREP='/usr/bin/grep -E'
ENABLE_SHARED='no'
ENABLE_STATIC='yes'
ETAGS='etags'
EXEEXT=''
FGREP='/usr/bin/grep -F'
FILECMD='file'
FISH_FUNCTIONS_DIR='/usr/share/fish/vendor_completions.d'
GCOV=''
GREP='/usr/bin/grep'
HAVE_BROTLI='1'
HAVE_GNUTLS_SRP=''
HAVE_LDAP_SSL='1'
HAVE_LIBZ='1'
HAVE_LIBZ_FALSE='#'
HAVE_LIBZ_TRUE=''
HAVE_OPENSSL_SRP='1'
HAVE_PROTO_BSDSOCKET_H=''
HAVE_ZSTD=''
IDN_ENABLED=''
INSTALL_DATA='${INSTALL} -m 644'
INSTALL_PROGRAM='${INSTALL}'
INSTALL_SCRIPT='${INSTALL}'
INSTALL_STRIP_PROGRAM='$(install_sh) -c -s'
IPV6_ENABLED=''
LCOV=''
LD='/usr/ppc-amigaos/bin/ld'
LDFLAGS='-mcrt=clib4'
LIBCURL_LIBS='-lrtmp -lssl -lcrypto -lssl -lcrypto -lz -lpthread -latomic -lauto -lpthread'
LIBCURL_NO_SHARED=' -lrtmp -lssl -lcrypto -lssl -lcrypto   -lz -lpthread -latomic -lauto -lpthread'
LIBOBJS=''
LIBS='-lrtmp -lssl -lcrypto -lssl -lcrypto -lz -lpthread -latomic -lauto'
LIBTOOL='$(SHELL) $(top_builddir)/libtool'
LIPO=''
LN_S='ln -s'
LTLIBOBJS=''
LT_SYS_LIBRARY_PATH=''
MAINT='#'
MAINTAINER_MODE_FALSE=''
MAINTAINER_MODE_TRUE='#'
MAKEINFO='${SHELL} '\''/mnt/Sviluppo/Sviluppo/Amiga/libs/curl-7.85.0/missing'\'' makeinfo'
MANIFEST_TOOL=':'
MANOPT='-man'
MKDIR_P='/usr/bin/mkdir -p'
NM='/usr/bin/ppc-amigaos-nm -B'
NMEDIT=''
NROFF='/usr/bin/nroff'
NSS_LIBS=''
OBJDUMP='ppc-amigaos-objdump'
OBJEXT='o'
OTOOL64=''
OTOOL=''
PACKAGE='curl'
PACKAGE_BUGREPORT='a suitable curl mailing list: https://curl.se/mail/'
PACKAGE_NAME='curl'
PACKAGE_STRING='curl -'
PACKAGE_TARNAME='curl'
PACKAGE_URL=''
PACKAGE_VERSION='-'
PATH_SEPARATOR=':'
PERL='/usr/bin/perl'
PKGADD_NAME='curl - a client that groks URLs'
PKGADD_PKG='HAXXcurl'
PKGADD_VENDOR='curl.se'
PKGCONFIG='/usr/bin/pkg-config'
RANDOM_FILE=''
RANLIB='ppc-amigaos-ranlib'
REQUIRE_LIB_DEPS='yes'
SED='/usr/bin/sed'
SET_MAKE=''
SHELL='/bin/bash'
SSL_BACKENDS='OpenSSL'
SSL_ENABLED='1'
SSL_LIBS='-lssl -lcrypto '
STRIP='ppc-amigaos-strip'
SUPPORT_FEATURES='AsynchDNS HSTS HTTP2 HTTPS-proxy Largefile SSL TLS-SRP alt-svc brotli libz threadsafe'
SUPPORT_PROTOCOLS='DICT FILE FTP FTPS GOPHER GOPHERS HTTP HTTPS IMAP IMAPS MQTT POP3 POP3S RTMP RTSP SMTP SMTPS TELNET TFTP'
USE_ARES=''
USE_BEARSSL=''
USE_CPPFLAG_CURL_STATICLIB_FALSE='#'
USE_CPPFLAG_CURL_STATICLIB_TRUE=''
USE_EXPLICIT_LIB_DEPS_FALSE='#'
USE_EXPLICIT_LIB_DEPS_TRUE=''
USE_GNUTLS=''
USE_GSASL_FALSE=''
USE_GSASL_TRUE='#'
USE_HYPER=''
USE_LIBPSL_FALSE=''
USE_LIBPSL_TRUE='#'
USE_LIBRTMP='1'
USE_LIBSSH2=''
USE_LIBSSH=''
USE_MANUAL_FALSE=''
USE_MANUAL_TRUE='#'
USE_MBEDTLS=''
USE_MSH3=''
USE_NGHTTP2='1'
USE_NGHTTP3=''
USE_NGTCP2=''
USE_NGTCP2_CRYPTO_GNUTLS=''
USE_NGTCP2_CRYPTO_OPENSSL=''
USE_NGTCP2_CRYPTO_WOLFSSL=''
USE_NSS=''
USE_OPENLDAP=''
USE_QUICHE=''
USE_RUSTLS=''
USE_SCHANNEL=''
USE_SECTRANSP=''
USE_UNIX_SOCKETS=''
USE_WIN32_CRYPTO=''
USE_WIN32_LARGE_FILES=''
USE_WIN32_SMALL_FILES=''
USE_WINDOWS_SSPI=''
USE_WOLFSSH=''
USE_WOLFSSL=''
VERSION='-'
VERSIONNUM='075500'
ZLIB_LIBS='-lz'
ZSH_FUNCTIONS_DIR='${prefix}/share/zsh/site-functions'
ac_ct_AR=''
ac_ct_CC=''
ac_ct_DUMPBIN=''
am__EXEEXT_FALSE=''
am__EXEEXT_TRUE='#'
am__fastdepCC_FALSE='#'
am__fastdepCC_TRUE=''
am__include='include'
am__isrc=''
am__leading_dot='.'
am__nodep='_no'
am__quote=''
am__tar='$${TAR-tar} chof - "$$tardir"'
am__untar='$${TAR-tar} xf -'
bindir='${exec_prefix}/bin'
build='x86_64-pc-linux-gnu'
build_alias=''
build_cpu='x86_64'
build_os='linux-gnu'
build_vendor='pc'
datadir='${datarootdir}'
datarootdir='${prefix}/share'
docdir='${datarootdir}/doc/${PACKAGE_TARNAME}'
dvidir='${docdir}'
exec_prefix='${prefix}'
host='powerpc-unknown-amigaos'
host_alias='ppc-amigaos'
host_cpu='powerpc'
host_os='amigaos'
host_vendor='unknown'
htmldir='${docdir}'
includedir='${prefix}/include'
infodir='${datarootdir}/info'
install_sh='${SHELL} /mnt/Sviluppo/Sviluppo/Amiga/libs/curl-7.85.0/install-sh'
libdir='${exec_prefix}/lib'
libexecdir='${exec_prefix}/libexec'
libext='a'
localedir='${datarootdir}/locale'
localstatedir='${prefix}/var'
mandir='${datarootdir}/man'
mkdir_p='$(MKDIR_P)'
oldincludedir='/usr/include'
pdfdir='${docdir}'
prefix='/opt/packages/curl-7.85.0_amd64/usr/ppc-amigaos/SDK/local/clib4'
program_transform_name='s,x,x,'
psdir='${docdir}'
runstatedir='${localstatedir}/run'
sbindir='${exec_prefix}/sbin'
sharedstatedir='${prefix}/com'
sysconfdir='${prefix}/etc'
target_alias=''

## ----------- ##
## confdefs.h. ##
## ----------- ##

/* confdefs.h */
#define PACKAGE_NAME "curl"
#define PACKAGE_TARNAME "curl"
#define PACKAGE_VERSION "-"
#define PACKAGE_STRING "curl -"
#define PACKAGE_BUGREPORT "a suitable curl mailing list: https://curl.se/mail/"
#define PACKAGE_URL ""
#define HAVE_STDIO_H 1
#define HAVE_STDLIB_H 1
#define HAVE_STRING_H 1
#define HAVE_INTTYPES_H 1
#define HAVE_STDINT_H 1
#define HAVE_STRINGS_H 1
#define HAVE_SYS_STAT_H 1
#define HAVE_SYS_TYPES_H 1
#define HAVE_UNISTD_H 1
#define STDC_HEADERS 1
#define HAVE_STDATOMIC_H 1
#define HAVE_ATOMIC 1
#define PACKAGE "curl"
#define VERSION "-"
#define OS "powerpc-unknown-amigaos"
#define HAVE_DLFCN_H 1
#define LT_OBJDIR ".libs/"
#define HAVE_LDAP_SSL 1
#define HAVE_PROTO_BSDSOCKET_H 1
#define HAVE_SYS_TYPES_H 1
#define HAVE_SYS_TIME_H 1
#define HAVE_CLOCK_GETTIME_MONOTONIC 1
#define HAVE_ZLIB_H 1
#define HAVE_LIBZ 1
#define HAVE_BROTLI_DECODE_H 1
#define HAVE_BROTLI 1
#define CURL_DISABLE_LDAP 1
#define CURL_DISABLE_LDAPS 1
#define HAVE_LIBSSL 1
#define HAVE_OPENSSL_X509_H 1
#define USE_OPENSSL 1
#define HAVE_OPENSSL_RSA_H 1
#define USE_OPENSSL 1
#define HAVE_OPENSSL_CRYPTO_H 1
#define USE_OPENSSL 1
#define HAVE_OPENSSL_PEM_H 1
#define USE_OPENSSL 1
#define HAVE_OPENSSL_SSL_H 1
#define USE_OPENSSL 1
#define HAVE_OPENSSL_ERR_H 1
#define USE_OPENSSL 1
#define HAVE_OPENSSL_SRP 1
#define CURL_CA_FALLBACK 1
#define HAVE_LIBRTMP_RTMP_H 1
#define USE_LIBRTMP 1
#define HAVE_IDN2_H 1
#define HAVE_NGHTTP2_NGHTTP2_H 1
#define USE_NGHTTP2 1
#define HAVE_SYS_TYPES_H 1
#define HAVE_SYS_TIME_H 1
#define HAVE_SYS_SELECT_H 1
#define HAVE_SYS_SOCKET_H 1
#define HAVE_SYS_IOCTL_H 1
#define HAVE_SYS_UIO_H 1
#define HAVE_ASSERT_H 1
#define HAVE_UNISTD_H 1
#define HAVE_STDLIB_H 1
#define HAVE_ARPA_INET_H 1
#define HAVE_NET_IF_H 1
#define HAVE_NETINET_IN_H 1
#define HAVE_SYS_UN_H 1
#define HAVE_NETINET_TCP_H 1
#define HAVE_NETINET_UDP_H 1
#define HAVE_NETDB_H 1
#define HAVE_SYS_SOCKIO_H 1
#define HAVE_SYS_STAT_H 1
#define HAVE_SYS_PARAM_H 1
#define HAVE_TERMIOS_H 1
#define HAVE_FCNTL_H 1
#define HAVE_PWD_H 1
#define HAVE_UTIME_H 1
#define HAVE_SYS_POLL_H 1
#define HAVE_POLL_H 1
#define HAVE_SYS_RESOURCE_H 1
#define HAVE_LIBGEN_H 1
#define HAVE_LOCALE_H 1
#define HAVE_ERRNO_H 1
#define HAVE_STDBOOL_H 1
#define HAVE_ARPA_TFTP_H 1
#define HAVE_SYS_FILIO_H 1
#define HAVE_SYS_WAIT_H 1
#define HAVE_SETJMP_H 1
#define HAVE_VARIADIC_MACROS_C99 1
#define HAVE_VARIADIC_MACROS_GCC 1
#define HAVE_SYS_TYPES_H 1
#define HAVE_SYS_TIME_H 1
#define HAVE_SYS_SOCKET_H 1
#define HAVE_STRUCT_TIMEVAL 1
#define SIZEOF_SIZE_T 4
#define SIZEOF_LONG 4
#define SIZEOF_INT 4
#define SIZEOF_TIME_T 4
#define SIZEOF_OFF_T 8
#define SIZEOF_CURL_OFF_T 8
#define HAVE_LONGLONG 1
#define HAVE_BOOL_T 1
#define CURL_SA_FAMILY_T sa_family_t
#define HAVE_SUSECONDS_T 1
#define HAVE_SYS_TYPES_H 1
#define HAVE_POLL_H 1
#define HAVE_SYS_POLL_H 1
#define HAVE_STRUCT_SOCKADDR_STORAGE 1
#define HAVE_SYS_SELECT_H 1
#define HAVE_SYS_SOCKET_H 1
#define SELECT_TYPE_ARG1 int
#define SELECT_TYPE_ARG234 fd_set *
#define SELECT_TYPE_RETV int
#define SELECT_QUAL_ARG5 
#define SELECT_TYPE_ARG5 struct timeval *
#define HAVE_SELECT 1
#define HAVE_SYS_TYPES_H 1
#define HAVE_SYS_SOCKET_H 1
#define RECV_TYPE_ARG1 int
#define RECV_TYPE_ARG2 char *
#define RECV_TYPE_ARG3 size_t
#define RECV_TYPE_ARG4 int
#define RECV_TYPE_RETV int
#define HAVE_RECV 1
#define HAVE_SYS_TYPES_H 1
#define HAVE_SYS_SOCKET_H 1
#define SEND_TYPE_ARG1 int
#define SEND_TYPE_ARG3 size_t
#define SEND_TYPE_ARG4 int
#define SEND_TYPE_RETV int
#define SEND_QUAL_ARG2 
#define SEND_TYPE_ARG2 char *
#define HAVE_SEND 1
#define HAVE_SYS_TYPES_H 1
#define HAVE_SYS_SOCKET_H 1
#define HAVE_MSG_NOSIGNAL 1
#define HAVE_SYS_TYPES_H 1
#define HAVE_UNISTD_H 1
#define HAVE_ALARM 1
#define HAVE_SYS_TYPES_H 1
#define HAVE_STRING_H 1
#define HAVE_STRINGS_H 1
#define HAVE_SYS_TYPES_H 1
#define HAVE_LIBGEN_H 1
#define HAVE_BASENAME 1
#define HAVE_SYS_TYPES_H 1
#define HAVE_SYS_TYPES_H 1
#define HAVE_SYS_SOCKET_H 1
#define HAVE_CLOSESOCKET_CAMEL 1
#define HAVE_CONNECT 1
#define HAVE_SYS_TYPES_H 1
#define HAVE_UNISTD_H 1
#define HAVE_FCNTL_H 1
#define HAVE_FCNTL 1
#define HAVE_FCNTL_O_NONBLOCK 1
#define HAVE_SYS_TYPES_H 1
#define HAVE_NETDB_H 1
#define HAVE_FREEADDRINFO 1
#define HAVE_SYS_TYPES_H 1
#define HAVE_FTRUNCATE 1
#define HAVE_SYS_TYPES_H 1
#define HAVE_STDLIB_H 1
#define HAVE_GETADDRINFO 1
#define HAVE_GETADDRINFO_THREADSAFE 1
#define HAVE_GETHOSTBYNAME 1
#define HAVE_GETHOSTNAME 1
#define HAVE_GETPEERNAME 1
#define HAVE_GETSOCKNAME 1
#define HAVE_NET_IF_H 1
#define HAVE_IF_NAMETOINDEX 1
#define HAVE_SYS_TYPES_H 1
#define HAVE_SYS_SOCKET_H 1
#define HAVE_NETINET_IN_H 1
#define HAVE_IFADDRS_H 1
#define HAVE_GETIFADDRS 1
#define HAVE_SYS_TYPES_H 1
#define HAVE_SYS_TIME_H 1
#define HAVE_GMTIME_R 1
#define HAVE_SYS_TYPES_H 1
#define HAVE_SYS_SOCKET_H 1
#define HAVE_NETINET_IN_H 1
#define HAVE_ARPA_INET_H 1
#define HAVE_INET_NTOP 1
#define HAVE_INET_PTON 1
#define HAVE_IOCTLSOCKET_CAMEL 1
#define HAVE_IOCTLSOCKET_CAMEL_FIONBIO 1
#define HAVE_POLL_FINE 1
#define HAVE_SYS_TYPES_H 1
#define HAVE_SIGNAL_H 1
#define HAVE_SIGACTION 1
#define HAVE_SIGNAL 1
#define HAVE_SYS_TYPES_H 1
#define HAVE_SETJMP_H 1
#define HAVE_SIGSETJMP 1
#define HAVE_SOCKET 1
#define HAVE_SOCKETPAIR 1
#define HAVE_STRCASECMP 1
#define HAVE_STRDUP 1
#define HAVE_STRERROR_R 1
#define HAVE_POSIX_STRERROR_R 1
#define HAVE_STRTOK_R 1
#define HAVE_STRTOLL 1
#define HAVE_DECL_GETPWUID_R 1
#define HAVE_FNMATCH 1
#define HAVE_FCHMOD 1
#define HAVE_GETEUID 1
#define HAVE_GETPPID 1
#define HAVE_GETPWUID 1
#define HAVE_GETPWUID_R 1
#define HAVE_GETRLIMIT 1
#define HAVE_GETTIMEOFDAY 1
#define HAVE_IF_NAMETOINDEX 1
#define HAVE_PIPE 1
#define HAVE_SCHED_YIELD 1
#define HAVE_SENDMSG 1
#define HAVE_SETLOCALE 1
#define HAVE_SETRLIMIT 1
#define HAVE_UTIME 1
#define HAVE_UTIMES 1
#define HAVE_PTHREAD_H 1
#define USE_THREADS_POSIX 1
#define CURL_DISABLE_NTLM 1
#define NTLM_WB_ENABLED 1
#define NTLM_WB_FILE "/usr/bin/ntlm_auth"
#define USE_TLS_SRP 1
#define CURL_EXTERN_SYMBOL __attribute__ ((__visibility__ ("default")))

configure: exit 0
